{
    "format_version": "1.16.100",
    "minecraft:block": {
        "description": {
            "identifier": "dec:christmas_gift_block"
        },
        "components": {
            "minecraft:material_instances": {
                "*": {
                    "texture": "christmas_gift_block",
                    "render_method": "alpha_test"
                }
            },
            "minecraft:pick_collision": {
                "origin": [ -4, 0, -4 ],
                "size": [ 8, 8, 8 ]
            },
            "minecraft:entity_collision": {
                "origin": [ -4, 0, -4 ],
                "size": [ 8, 8, 8 ]
            },
            "minecraft:geometry": "geometry.christmas_gift_block",
            "minecraft:map_color": "#79180C",
            "minecraft:loot": "loot_tables/blocks/christmas_gift_block.json",
            "minecraft:light_emission": 0.0,
            "minecraft:light_dampening": 0.0,
            "minecraft:destroy_time": 0.3
        }
    }
}