{
  "format_version": "1.16.0",
  "minecraft:block": {
    "description": {
      "identifier": "dec:everlasting_winter_summoner_activated"
    },
    "components": {
      "minecraft:light_dampening": 15,
      "minecraft:light_emission": 7,
      "minecraft:destroy_time": 3.0,
      "minecraft:explosion_resistance": 100,
      "minecraft:map_color": "#BBDBFF",
      "minecraft:loot": "loot_tables/empty.json",
      "minecraft:on_interact": {
        "event": "summon",
        "condition": "query.get_equipped_item_name('main_hand') == 'iron_key'"
      }
    },
    "events": {
      "summon": {
        "play_sound": {
          "target": "other",
          "sound": "conduit.activate"
        },
        "set_block": {
          "block_type": "dec:everlasting_winter_summoner"
        },
        "run_command": {
          "command": [
            "tellraw @a { \"rawtext\" : [ { \"translate\" : \"text.dec:summon_everlasting_winter_ghast.name\" } ] }",
            "summon dec:everlasting_winter_ghast ~~1~",
            "fill ~4~-1~4~-4~-1~-4 snow 0 replace air 0"
          ]
        },
        "decrement_stack": {}
      }
    }
  }
}