{
  "format_version": "1.16.0",
  "minecraft:block": {
    "description": {
      "identifier": "dec:ice_mixed_brick"
    },
    "components": {
		  "minecraft:creative_category": {
        "group": "itemGroup.name.outside",
				"category": "construction"
			},
      "minecraft:light_dampening": 15,
      "minecraft:light_emission": 0,
      "minecraft:destroy_time": 1.5,
      "minecraft:explosion_resistance": 10,
      "minecraft:friction": 0.7,
      "minecraft:map_color": "#BBDBFF",
      "tag:stone": {}
    }
  }
}