<?xml version="1.0" encoding="utf-8"?>
<KeyConfig xmlns:xsd="http://www.w3.org/2001/XMLSchema" xmlns:xsi="http://www.w3.org/2001/XMLSchema-instance">
  <KeyConfigFileVersion>2.20.0816.0</KeyConfigFileVersion>
  <PlayingKeys>
    <FourteenKeys>
      <Player1Key1>
        <KeyboardInput>
          <Key>Z</Key>
        </KeyboardInput>
      </Player1Key1>
      <Player1Key2>
        <KeyboardInput>
          <Key>S</Key>
        </KeyboardInput>
      </Player1Key2>
      <Player1Key3>
        <KeyboardInput>
          <Key>X</Key>
        </KeyboardInput>
      </Player1Key3>
      <Player1Key4>
        <KeyboardInput>
          <Key>D</Key>
        </KeyboardInput>
      </Player1Key4>
      <Player1Key5>
        <KeyboardInput>
          <Key>C</Key>
        </KeyboardInput>
      </Player1Key5>
      <Player1Key6>
        <KeyboardInput>
          <Key>F</Key>
        </KeyboardInput>
      </Player1Key6>
      <Player1Key7>
        <KeyboardInput>
          <Key>V</Key>
        </KeyboardInput>
      </Player1Key7>
      <Player1Key8 />
      <Player1Key9 />
      <Player1ScratchLeft />
      <Player1ScratchRight />
      <Player1ScratchToggle>
        <KeyboardInput>
          <Key>LeftShift</Key>
        </KeyboardInput>
      </Player1ScratchToggle>
      <Player1Start />
      <Player1Select />
      <Player1ScratchLeftRotary />
      <Player1ScratchRightRotary />
      <Player2Key1>
        <KeyboardInput>
          <Key>Comma</Key>
        </KeyboardInput>
      </Player2Key1>
      <Player2Key2>
        <KeyboardInput>
          <Key>L</Key>
        </KeyboardInput>
      </Player2Key2>
      <Player2Key3>
        <KeyboardInput>
          <Key>Period</Key>
        </KeyboardInput>
      </Player2Key3>
      <Player2Key4>
        <KeyboardInput>
          <Key>Semicolon</Key>
        </KeyboardInput>
      </Player2Key4>
      <Player2Key5>
        <KeyboardInput>
          <Key>Slash</Key>
        </KeyboardInput>
      </Player2Key5>
      <Player2Key6>
        <KeyboardInput>
          <Key>Colon</Key>
        </KeyboardInput>
      </Player2Key6>
      <Player2Key7>
        <KeyboardInput>
          <Key>BackSlash</Key>
        </KeyboardInput>
      </Player2Key7>
      <Player2Key8 />
      <Player2Key9 />
      <Player2ScratchLeft />
      <Player2ScratchRight />
      <Player2ScratchToggle>
        <KeyboardInput>
          <Key>RightShift</Key>
        </KeyboardInput>
      </Player2ScratchToggle>
      <Player2Start />
      <Player2Select />
      <Player2ScratchLeftRotary />
      <Player2ScratchRightRotary />
    </FourteenKeys>
    <NineButtons>
      <Player1Key1>
        <KeyboardInput>
          <Key>Z</Key>
        </KeyboardInput>
      </Player1Key1>
      <Player1Key2>
        <KeyboardInput>
          <Key>S</Key>
        </KeyboardInput>
      </Player1Key2>
      <Player1Key3>
        <KeyboardInput>
          <Key>X</Key>
        </KeyboardInput>
      </Player1Key3>
      <Player1Key4>
        <KeyboardInput>
          <Key>D</Key>
        </KeyboardInput>
      </Player1Key4>
      <Player1Key5>
        <KeyboardInput>
          <Key>C</Key>
        </KeyboardInput>
      </Player1Key5>
      <Player1Key6>
        <KeyboardInput>
          <Key>F</Key>
        </KeyboardInput>
      </Player1Key6>
      <Player1Key7>
        <KeyboardInput>
          <Key>V</Key>
        </KeyboardInput>
      </Player1Key7>
      <Player1Key8>
        <KeyboardInput>
          <Key>G</Key>
        </KeyboardInput>
      </Player1Key8>
      <Player1Key9>
        <KeyboardInput>
          <Key>B</Key>
        </KeyboardInput>
      </Player1Key9>
      <Player1ScratchLeft />
      <Player1ScratchRight />
      <Player1ScratchToggle />
      <Player1Start />
      <Player1Select />
      <Player1ScratchLeftRotary />
      <Player1ScratchRightRotary />
      <Player2Key1 />
      <Player2Key2 />
      <Player2Key3 />
      <Player2Key4 />
      <Player2Key5 />
      <Player2Key6 />
      <Player2Key7 />
      <Player2Key8 />
      <Player2Key9 />
      <Player2ScratchLeft />
      <Player2ScratchRight />
      <Player2ScratchToggle />
      <Player2Start />
      <Player2Select />
      <Player2ScratchLeftRotary />
      <Player2ScratchRightRotary />
    </NineButtons>
  </PlayingKeys>
  <General>
    <Exit>
      <KeyboardInput>
        <Key>Escape</Key>
      </KeyboardInput>
    </Exit>
    <DisplayFps>
      <KeyboardInput>
        <Key>F7</Key>
      </KeyboardInput>
    </DisplayFps>
  </General>
  <PreloadScene>
    <OpenFileDialog>
      <KeyboardInput>
        <Key>Control</Key>
        <Key>O</Key>
      </KeyboardInput>
    </OpenFileDialog>
  </PreloadScene>
  <PlayScene>
    <BackBar>
      <KeyboardInput>
        <Key>Down</Key>
      </KeyboardInput>
    </BackBar>
    <BackBar4>
      <KeyboardInput>
        <Key>Shift</Key>
        <Key>Down</Key>
      </KeyboardInput>
    </BackBar4>
    <BackBarTime>
      <KeyboardInput>
        <Key>Control</Key>
        <Key>Down</Key>
      </KeyboardInput>
    </BackBarTime>
    <ForwardBar>
      <KeyboardInput>
        <Key>Up</Key>
      </KeyboardInput>
    </ForwardBar>
    <ForwardBar4>
      <KeyboardInput>
        <Key>Shift</Key>
        <Key>Up</Key>
      </KeyboardInput>
    </ForwardBar4>
    <ForwardBarTime>
      <KeyboardInput>
        <Key>Control</Key>
        <Key>Up</Key>
      </KeyboardInput>
    </ForwardBarTime>
    <IncreaseMusicSpeed>
      <KeyboardInput>
        <Key>D8</Key>
      </KeyboardInput>
    </IncreaseMusicSpeed>
    <DecreaseMusicSpeed>
      <KeyboardInput>
        <Key>D7</Key>
      </KeyboardInput>
    </DecreaseMusicSpeed>
    <ResetMusicSpeed>
      <KeyboardInput>
        <Key>D7</Key>
        <Key>D8</Key>
      </KeyboardInput>
    </ResetMusicSpeed>
    <ToggleAutoplay>
      <KeyboardInput>
        <Key>F10</Key>
      </KeyboardInput>
    </ToggleAutoplay>
    <BackToStart>
      <KeyboardInput>
        <Key>Space</Key>
      </KeyboardInput>
    </BackToStart>
    <BackToStartInTestPlay>
      <KeyboardInput>
        <Key>Alt</Key>
        <Key>Space</Key>
      </KeyboardInput>
      <KeyboardInput>
        <Key>Control</Key>
        <Key>Space</Key>
      </KeyboardInput>
    </BackToStartInTestPlay>
    <Reload>
      <KeyboardInput>
        <Key>Shift</Key>
        <Key>Space</Key>
      </KeyboardInput>
    </Reload>
    <ChangeLNMode>
      <KeyboardInput>
        <Key>Control</Key>
        <Key>Shift</Key>
        <Key>Space</Key>
      </KeyboardInput>
    </ChangeLNMode>
    <MasterVolumeUp>
      <KeyboardInput>
        <Key>D4</Key>
      </KeyboardInput>
    </MasterVolumeUp>
    <MasterVolumeUp1>
      <KeyboardInput>
        <Key>Control</Key>
        <Key>D4</Key>
      </KeyboardInput>
    </MasterVolumeUp1>
    <MasterVolumeUp10>
      <KeyboardInput>
        <Key>Shift</Key>
        <Key>D4</Key>
      </KeyboardInput>
    </MasterVolumeUp10>
    <MasterVolumeMax>
      <KeyboardInput>
        <Key>Control</Key>
        <Key>Shift</Key>
        <Key>D4</Key>
      </KeyboardInput>
    </MasterVolumeMax>
    <MasterVolumeDown>
      <KeyboardInput>
        <Key>D3</Key>
      </KeyboardInput>
    </MasterVolumeDown>
    <MasterVolumeDown1>
      <KeyboardInput>
        <Key>Control</Key>
        <Key>D3</Key>
      </KeyboardInput>
    </MasterVolumeDown1>
    <MasterVolumeDown10>
      <KeyboardInput>
        <Key>Shift</Key>
        <Key>D3</Key>
      </KeyboardInput>
    </MasterVolumeDown10>
    <MasterVolumeMute>
      <KeyboardInput>
        <Key>Control</Key>
        <Key>Shift</Key>
        <Key>D3</Key>
      </KeyboardInput>
    </MasterVolumeMute>
    <KeyVolumeUp>
      <KeyboardInput>
        <Key>W</Key>
      </KeyboardInput>
    </KeyVolumeUp>
    <KeyVolumeUp1>
      <KeyboardInput>
        <Key>Control</Key>
        <Key>W</Key>
      </KeyboardInput>
    </KeyVolumeUp1>
    <KeyVolumeUp10>
      <KeyboardInput>
        <Key>Shift</Key>
        <Key>W</Key>
      </KeyboardInput>
    </KeyVolumeUp10>
    <KeyVolumeMax>
      <KeyboardInput>
        <Key>Control</Key>
        <Key>Shift</Key>
        <Key>W</Key>
      </KeyboardInput>
    </KeyVolumeMax>
    <KeyVolumeDown>
      <KeyboardInput>
        <Key>Q</Key>
      </KeyboardInput>
    </KeyVolumeDown>
    <KeyVolumeDown1>
      <KeyboardInput>
        <Key>Control</Key>
        <Key>Q</Key>
      </KeyboardInput>
    </KeyVolumeDown1>
    <KeyVolumeDown10>
      <KeyboardInput>
        <Key>Shift</Key>
        <Key>Q</Key>
      </KeyboardInput>
    </KeyVolumeDown10>
    <KeyVolumeMute>
      <KeyboardInput>
        <Key>Control</Key>
        <Key>Shift</Key>
        <Key>Q</Key>
      </KeyboardInput>
    </KeyVolumeMute>
    <BgmVolumeUp>
      <KeyboardInput>
        <Key>R</Key>
      </KeyboardInput>
    </BgmVolumeUp>
    <BgmVolumeUp1>
      <KeyboardInput>
        <Key>Control</Key>
        <Key>R</Key>
      </KeyboardInput>
    </BgmVolumeUp1>
    <BgmVolumeUp10>
      <KeyboardInput>
        <Key>Shift</Key>
        <Key>R</Key>
      </KeyboardInput>
    </BgmVolumeUp10>
    <BgmVolumeMax>
      <KeyboardInput>
        <Key>Control</Key>
        <Key>Shift</Key>
        <Key>R</Key>
      </KeyboardInput>
    </BgmVolumeMax>
    <BgmVolumeDown>
      <KeyboardInput>
        <Key>E</Key>
      </KeyboardInput>
    </BgmVolumeDown>
    <BgmVolumeDown1>
      <KeyboardInput>
        <Key>Control</Key>
        <Key>E</Key>
      </KeyboardInput>
    </BgmVolumeDown1>
    <BgmVolumeDown10>
      <KeyboardInput>
        <Key>Shift</Key>
        <Key>E</Key>
      </KeyboardInput>
    </BgmVolumeDown10>
    <BgmVolumeMute>
      <KeyboardInput>
        <Key>Control</Key>
        <Key>Shift</Key>
        <Key>E</Key>
      </KeyboardInput>
    </BgmVolumeMute>
    <HiSpeedUp>
      <KeyboardInput>
        <Key>D2</Key>
      </KeyboardInput>
    </HiSpeedUp>
    <HiSpeedUp1>
      <KeyboardInput>
        <Key>Shift</Key>
        <Key>D2</Key>
      </KeyboardInput>
    </HiSpeedUp1>
    <HiSpeedUp005>
      <KeyboardInput>
        <Key>Control</Key>
        <Key>D2</Key>
      </KeyboardInput>
    </HiSpeedUp005>
    <HiSpeedDown>
      <KeyboardInput>
        <Key>D1</Key>
      </KeyboardInput>
    </HiSpeedDown>
    <HiSpeedDown1>
      <KeyboardInput>
        <Key>Shift</Key>
        <Key>D1</Key>
      </KeyboardInput>
    </HiSpeedDown1>
    <HiSpeedDown005>
      <KeyboardInput>
        <Key>Control</Key>
        <Key>D1</Key>
      </KeyboardInput>
    </HiSpeedDown005>
    <HiSpeedReset>
      <KeyboardInput>
        <Key>D1</Key>
        <Key>D2</Key>
      </KeyboardInput>
    </HiSpeedReset>
    <ChangeHSFix>
      <KeyboardInput>
        <Key>D6</Key>
      </KeyboardInput>
    </ChangeHSFix>
    <ChangeHSFixBack>
      <KeyboardInput>
        <Key>D5</Key>
      </KeyboardInput>
    </ChangeHSFixBack>
    <Player1LaneCoverToggle>
      <KeyboardInput>
        <Key>F3</Key>
      </KeyboardInput>
    </Player1LaneCoverToggle>
    <Player2LaneCoverToggle>
      <KeyboardInput>
        <Key>F4</Key>
      </KeyboardInput>
    </Player2LaneCoverToggle>
    <LaneCoverUp>
      <KeyboardInput>
        <Key>F1</Key>
      </KeyboardInput>
    </LaneCoverUp>
    <LaneCoverUp10>
      <KeyboardInput>
        <Key>Shift</Key>
        <Key>F1</Key>
      </KeyboardInput>
    </LaneCoverUp10>
    <LaneCoverUp01>
      <KeyboardInput>
        <Key>Control</Key>
        <Key>F1</Key>
      </KeyboardInput>
    </LaneCoverUp01>
    <LaneCoverUp005>
      <KeyboardInput>
        <Key>Control</Key>
        <Key>Shift</Key>
        <Key>F1</Key>
      </KeyboardInput>
    </LaneCoverUp005>
    <LaneCoverDown>
      <KeyboardInput>
        <Key>F2</Key>
      </KeyboardInput>
    </LaneCoverDown>
    <LaneCoverDown10>
      <KeyboardInput>
        <Key>Shift</Key>
        <Key>F2</Key>
      </KeyboardInput>
    </LaneCoverDown10>
    <LaneCoverDown01>
      <KeyboardInput>
        <Key>Control</Key>
        <Key>F2</Key>
      </KeyboardInput>
    </LaneCoverDown01>
    <LaneCoverDown005>
      <KeyboardInput>
        <Key>Control</Key>
        <Key>Shift</Key>
        <Key>F2</Key>
      </KeyboardInput>
    </LaneCoverDown005>
    <ChangePlaySide>
      <KeyboardInput>
        <Key>D0</Key>
      </KeyboardInput>
    </ChangePlaySide>
    <DisplayNoteCount>
      <KeyboardInput>
        <Key>D9</Key>
      </KeyboardInput>
    </DisplayNoteCount>
  </PlayScene>
</KeyConfig>