{
  "format_version": "1.8.0",
  "minecraft:client_entity": {
    "description": {
      "identifier": "dec:enchant_illager_1",
      "materials": {
        "default": "evoker"
      },
      "textures": {
        "default": "textures/entity/illager/enchant_illager"
      },
      "geometry": {
        "default": "geometry.evoker"
      },
      "scripts": {
        "scale": "0.9375"
      },
      "animations": {
        "general": "animation.evoker.general.v1.0",
        "casting": "animation.evoker.casting.v1.0",
        "look_at_target": "animation.humanoid.look_at_target.default.v1.0",
        "move": "animation.villager.move"
      },
      "animation_controllers": [
        { "general": "controller.animation.evoker.general.v1.0" },
        { "move": "controller.animation.villager.move" }
      ],
      "particle_effects": {
        "spell": "dec:enchant_spurt_particle"
      },
      "render_controllers": [ "controller.render.evoker" ]
    }
  }
}