{
  "format_version": "1.8.0",
  "minecraft:client_entity": {
    "description": {
      "identifier": "dec:ice_blaze",
      "materials": {
        "body": "blaze_head",
        "head": "blaze_body"
      },
      "textures": {
        "default": "textures/entity/ice_blaze"
      },
      "geometry": {
        "default": "geometry.blaze"
      },
      "animations": {
        "look_at_target": "animation.common.look_at_target",
        "move": "animation.blaze.move"
      },
      "particle_effects": {
        "charged_flames": "minecraft:rain_splash_particle"
      },
      "animation_controllers": [
        { "move": "controller.animation.blaze.move" },
        { "flame": "controller.animation.blaze.flame" }
      ],
      "render_controllers": [ "controller.render.blaze" ],
      "spawn_egg": {
        "base_color": "#008080",
        "overlay_color": "#00FFFF"
      }
    }
  }
}