{
  "format_version": "1.8.0",
 "minecraft:entity": {
  "description": {
    "identifier": "wb:ball_territoryb",
    "is_spawnable": false,
    "is_summonable": true,
    "is_experimental": false,
    "runtime_identifier": "minecraft:snowball"
  },
  "components": {
    "minecraft:collision_box": {
    "width": 0.8,
    "height": 0.8
   },
   "minecraft:scale":{
   	"value":0.1
   },
   "minecraft:projectile": {
    "onHit": {
      "impact_damage": {
        "damage": 6,
        "knockback": true,
        "catchFire": false,
        "semirandomdiffdamage": false
      },
      "remove_on_hit": { }
    },
    "power": 0.9,
    "gravity": 0.00,
    "inertia": 1,
    "anchor": 2,
    "offset": [ 0, 1.0, 0 ],
    "semirandomdiffdamage": false,
    "uncertaintyBase": 0.0,
    "reflectOnHurt": true
   },
   "minecraft:physics": {
   }
  }
 }
}
