{
  "Source": "import",
  "CreateVersion": "2.2.0.118391",
  "EditVersion": "2.2.0.118391",
  "OldEditCount": 1,
  "NewEditCount": 0,
  "OldComponents": [],
  "Account": "",
  "UserName": "",
  "UserId": "",
  "Id": "eed88556bd784992adefe380a4493c9e",
  "EditType": 2,
  "IsMap": false,
  "CreateNew": true,
  "EditName": "Havoc1.1",
  "GameType": 1,
  "WorldType": 2,
  "Seed": "",
  "BlockNums": [
    0,
    0
  ],
  "BornPoint": [
    0,
    0,
    0
  ],
  "SaveBackMapPath": "",
  "SaveBackAddOnPath": "",
  "EditAddOnPaths": [],
  "EditMaterialPaths": [],
  "EditLogFilePath": "",
  "ServerName": "EXPR",
  "StudioPort": 11576,
  "DCWebUrl": "https://x19apigatewayexpr.nie.netease.com",
  "ShowGuide": false,
  "AssertCacheDir": "",
  "ElkUrl": "",
  "ShowGpuDriverTips": false,
  "StudioTempPath": "",
  "EditorResourcePackPath": ""
}