{
    "format_version": "1.8.0",
    "animations": {
        "animation.magic": {
            "timeline": {
                "0.125": [
                    "/scoreboard players add @a[scores={maxmagic=0,magicgain=2,wbfl=..19,magicreckon=130}] wbfl 1",
                    "/scoreboard players add @a[scores={maxmagic=1,magicgain=2,wbfl=..21,magicreckon=130}] wbfl 1",
                    "/scoreboard players add @a[scores={maxmagic=2,magicgain=2,wbfl=..23,magicreckon=130}] wbfl 1",
                    "/scoreboard players add @a[scores={maxmagic=3,magicgain=2,wbfl=..25,magicreckon=130}] wbfl 1",
                    "/scoreboard players add @a[scores={maxmagic=4,magicgain=2,wbfl=..27,magicreckon=130}] wbfl 1",
                    "/scoreboard players add @a[scores={maxmagic=5,magicgain=2,wbfl=..29,magicreckon=130}] wbfl 1",
                    "/scoreboard players add @a[scores={maxmagic=6,magicgain=2,wbfl=..31,magicreckon=130}] wbfl 1",
                    "/scoreboard players add @a[scores={maxmagic=7,magicgain=2,wbfl=..33,magicreckon=130}] wbfl 1",
                    "/scoreboard players add @a[scores={maxmagic=8,magicgain=2,wbfl=..35,magicreckon=130}] wbfl 1",
                    "/scoreboard players add @a[scores={maxmagic=9,magicgain=2,wbfl=..37,magicreckon=130}] wbfl 1",
                    "/scoreboard players add @a[scores={maxmagic=10,magicgain=2,wbfl=..39,magicreckon=130}] wbfl 1",
                    "/scoreboard players add @a[scores={maxmagic=11,magicgain=2,wbfl=..41,magicreckon=130}] wbfl 1",
                    "/scoreboard players add @a[scores={maxmagic=12,magicgain=2,wbfl=..43,magicreckon=130}] wbfl 1",
                    "/scoreboard players add @a[scores={maxmagic=13,magicgain=2,wbfl=..45,magicreckon=130}] wbfl 1",
                    "/scoreboard players add @a[scores={maxmagic=14,magicgain=2,wbfl=..47,magicreckon=130}] wbfl 1",
                    "/scoreboard players add @a[scores={maxmagic=15,magicgain=2,wbfl=..49,magicreckon=130}] wbfl 1",
                    "/scoreboard players add @a[scores={maxmagic=16,magicgain=2,wbfl=..51,magicreckon=130}] wbfl 1",
                    "/scoreboard players add @a[scores={maxmagic=17,magicgain=2,wbfl=..53,magicreckon=130}] wbfl 1",
                    "/scoreboard players add @a[scores={maxmagic=18,magicgain=2,wbfl=..55,magicreckon=130}] wbfl 1",
                    "/scoreboard players add @a[scores={maxmagic=19,magicgain=2,wbfl=..57,magicreckon=130}] wbfl 1",
                    "/scoreboard players add @a[scores={maxmagic=20,magicgain=2,wbfl=..59,magicreckon=130}] wbfl 1",
                    "/execute @a[scores={maxmagic=0,magicgain=2,wbfl=..19,magicreckon=130}] ~~~ particle dec:magic_increase_particle ~~~",
                    "/execute @a[scores={maxmagic=1,magicgain=2,wbfl=..21,magicreckon=130}] ~~~ particle dec:magic_increase_particle ~~~",
                    "/execute @a[scores={maxmagic=2,magicgain=2,wbfl=..23,magicreckon=130}] ~~~ particle dec:magic_increase_particle ~~~",
                    "/execute @a[scores={maxmagic=3,magicgain=2,wbfl=..25,magicreckon=130}] ~~~ particle dec:magic_increase_particle ~~~",
                    "/execute @a[scores={maxmagic=4,magicgain=2,wbfl=..27,magicreckon=130}] ~~~ particle dec:magic_increase_particle ~~~",
                    "/execute @a[scores={maxmagic=5,magicgain=2,wbfl=..29,magicreckon=130}] ~~~ particle dec:magic_increase_particle ~~~",
                    "/execute @a[scores={maxmagic=6,magicgain=2,wbfl=..31,magicreckon=130}] ~~~ particle dec:magic_increase_particle ~~~",
                    "/execute @a[scores={maxmagic=7,magicgain=2,wbfl=..33,magicreckon=130}] ~~~ particle dec:magic_increase_particle ~~~",
                    "/execute @a[scores={maxmagic=8,magicgain=2,wbfl=..35,magicreckon=130}] ~~~ particle dec:magic_increase_particle ~~~",
                    "/execute @a[scores={maxmagic=9,magicgain=2,wbfl=..37,magicreckon=130}] ~~~ particle dec:magic_increase_particle ~~~",
                    "/execute @a[scores={maxmagic=10,magicgain=2,wbfl=..39,magicreckon=130}] ~~~ particle dec:magic_increase_particle ~~~",
                    "/execute @a[scores={maxmagic=11,magicgain=2,wbfl=..41,magicreckon=130}] ~~~ particle dec:magic_increase_particle ~~~",
                    "/execute @a[scores={maxmagic=12,magicgain=2,wbfl=..43,magicreckon=130}] ~~~ particle dec:magic_increase_particle ~~~",
                    "/execute @a[scores={maxmagic=13,magicgain=2,wbfl=..45,magicreckon=130}] ~~~ particle dec:magic_increase_particle ~~~",
                    "/execute @a[scores={maxmagic=14,magicgain=2,wbfl=..47,magicreckon=130}] ~~~ particle dec:magic_increase_particle ~~~",
                    "/execute @a[scores={maxmagic=15,magicgain=2,wbfl=..49,magicreckon=130}] ~~~ particle dec:magic_increase_particle ~~~",
                    "/execute @a[scores={maxmagic=16,magicgain=2,wbfl=..51,magicreckon=130}] ~~~ particle dec:magic_increase_particle ~~~",
                    "/execute @a[scores={maxmagic=17,magicgain=2,wbfl=..53,magicreckon=130}] ~~~ particle dec:magic_increase_particle ~~~",
                    "/execute @a[scores={maxmagic=18,magicgain=2,wbfl=..55,magicreckon=130}] ~~~ particle dec:magic_increase_particle ~~~",
                    "/execute @a[scores={maxmagic=19,magicgain=2,wbfl=..57,magicreckon=130}] ~~~ particle dec:magic_increase_particle ~~~",
                    "/execute @a[scores={maxmagic=20,magicgain=2,wbfl=..59,magicreckon=130}] ~~~ particle dec:magic_increase_particle ~~~"
                ],
                "0.25": [
                    "/scoreboard players add @a[scores={maxmagic=0,wbfl=..19,magicreckon=121..}] wbfl 1",
                    "/scoreboard players add @a[scores={maxmagic=1,wbfl=..21,magicreckon=121..}] wbfl 1",
                    "/scoreboard players add @a[scores={maxmagic=2,wbfl=..23,magicreckon=121..}] wbfl 1",
                    "/scoreboard players add @a[scores={maxmagic=3,wbfl=..25,magicreckon=121..}] wbfl 1",
                    "/scoreboard players add @a[scores={maxmagic=4,wbfl=..27,magicreckon=121..}] wbfl 1",
                    "/scoreboard players add @a[scores={maxmagic=5,wbfl=..29,magicreckon=121..}] wbfl 1",
                    "/scoreboard players add @a[scores={maxmagic=6,wbfl=..31,magicreckon=121..}] wbfl 1",
                    "/scoreboard players add @a[scores={maxmagic=7,wbfl=..33,magicreckon=121..}] wbfl 1",
                    "/scoreboard players add @a[scores={maxmagic=8,wbfl=..35,magicreckon=121..}] wbfl 1",
                    "/scoreboard players add @a[scores={maxmagic=9,wbfl=..37,magicreckon=121..}] wbfl 1",
                    "/scoreboard players add @a[scores={maxmagic=10,wbfl=..39,magicreckon=121..}] wbfl 1",
                    "/scoreboard players add @a[scores={maxmagic=11,wbfl=..41,magicreckon=121..}] wbfl 1",
                    "/scoreboard players add @a[scores={maxmagic=12,wbfl=..43,magicreckon=121..}] wbfl 1",
                    "/scoreboard players add @a[scores={maxmagic=13,wbfl=..45,magicreckon=121..}] wbfl 1",
                    "/scoreboard players add @a[scores={maxmagic=14,wbfl=..47,magicreckon=121..}] wbfl 1",
                    "/scoreboard players add @a[scores={maxmagic=15,wbfl=..49,magicreckon=121..}] wbfl 1",
                    "/scoreboard players add @a[scores={maxmagic=16,wbfl=..51,magicreckon=121..}] wbfl 1",
                    "/scoreboard players add @a[scores={maxmagic=17,wbfl=..53,magicreckon=121..}] wbfl 1",
                    "/scoreboard players add @a[scores={maxmagic=18,wbfl=..55,magicreckon=121..}] wbfl 1",
                    "/scoreboard players add @a[scores={maxmagic=19,wbfl=..57,magicreckon=121..}] wbfl 1",
                    "/scoreboard players add @a[scores={maxmagic=20,wbfl=..59,magicreckon=121..}] wbfl 1",
                    "/execute @a[scores={maxmagic=0,wbfl=..19,magicreckon=121..}] ~~~ particle dec:magic_increase_particle ~~~",
                    "/execute @a[scores={maxmagic=1,wbfl=..21,magicreckon=121..}] ~~~ particle dec:magic_increase_particle ~~~",
                    "/execute @a[scores={maxmagic=2,wbfl=..23,magicreckon=121..}] ~~~ particle dec:magic_increase_particle ~~~",
                    "/execute @a[scores={maxmagic=3,wbfl=..25,magicreckon=121..}] ~~~ particle dec:magic_increase_particle ~~~",
                    "/execute @a[scores={maxmagic=4,wbfl=..27,magicreckon=121..}] ~~~ particle dec:magic_increase_particle ~~~",
                    "/execute @a[scores={maxmagic=5,wbfl=..29,magicreckon=121..}] ~~~ particle dec:magic_increase_particle ~~~",
                    "/execute @a[scores={maxmagic=6,wbfl=..31,magicreckon=121..}] ~~~ particle dec:magic_increase_particle ~~~",
                    "/execute @a[scores={maxmagic=7,wbfl=..33,magicreckon=121..}] ~~~ particle dec:magic_increase_particle ~~~",
                    "/execute @a[scores={maxmagic=8,wbfl=..35,magicreckon=121..}] ~~~ particle dec:magic_increase_particle ~~~",
                    "/execute @a[scores={maxmagic=9,wbfl=..37,magicreckon=121..}] ~~~ particle dec:magic_increase_particle ~~~",
                    "/execute @a[scores={maxmagic=10,wbfl=..39,magicreckon=121..}] ~~~ particle dec:magic_increase_particle ~~~",
                    "/execute @a[scores={maxmagic=11,wbfl=..41,magicreckon=121..}] ~~~ particle dec:magic_increase_particle ~~~",
                    "/execute @a[scores={maxmagic=12,wbfl=..43,magicreckon=121..}] ~~~ particle dec:magic_increase_particle ~~~",
                    "/execute @a[scores={maxmagic=13,wbfl=..45,magicreckon=121..}] ~~~ particle dec:magic_increase_particle ~~~",
                    "/execute @a[scores={maxmagic=14,wbfl=..47,magicreckon=121..}] ~~~ particle dec:magic_increase_particle ~~~",
                    "/execute @a[scores={maxmagic=15,wbfl=..49,magicreckon=121..}] ~~~ particle dec:magic_increase_particle ~~~",
                    "/execute @a[scores={maxmagic=16,wbfl=..51,magicreckon=121..}] ~~~ particle dec:magic_increase_particle ~~~",
                    "/execute @a[scores={maxmagic=17,wbfl=..53,magicreckon=121..}] ~~~ particle dec:magic_increase_particle ~~~",
                    "/execute @a[scores={maxmagic=18,wbfl=..55,magicreckon=121..}] ~~~ particle dec:magic_increase_particle ~~~",
                    "/execute @a[scores={maxmagic=19,wbfl=..57,magicreckon=121..}] ~~~ particle dec:magic_increase_particle ~~~",
                    "/execute @a[scores={maxmagic=20,wbfl=..59,magicreckon=121..}] ~~~ particle dec:magic_increase_particle ~~~"
                ],
                "0.375": [
                    "/scoreboard players add @a[scores={maxmagic=0,magicgain=2,wbfl=..19,magicreckon=130}] wbfl 1",
                    "/scoreboard players add @a[scores={maxmagic=1,magicgain=2,wbfl=..21,magicreckon=130}] wbfl 1",
                    "/scoreboard players add @a[scores={maxmagic=2,magicgain=2,wbfl=..23,magicreckon=130}] wbfl 1",
                    "/scoreboard players add @a[scores={maxmagic=3,magicgain=2,wbfl=..25,magicreckon=130}] wbfl 1",
                    "/scoreboard players add @a[scores={maxmagic=4,magicgain=2,wbfl=..27,magicreckon=130}] wbfl 1",
                    "/scoreboard players add @a[scores={maxmagic=5,magicgain=2,wbfl=..29,magicreckon=130}] wbfl 1",
                    "/scoreboard players add @a[scores={maxmagic=6,magicgain=2,wbfl=..31,magicreckon=130}] wbfl 1",
                    "/scoreboard players add @a[scores={maxmagic=7,magicgain=2,wbfl=..33,magicreckon=130}] wbfl 1",
                    "/scoreboard players add @a[scores={maxmagic=8,magicgain=2,wbfl=..35,magicreckon=130}] wbfl 1",
                    "/scoreboard players add @a[scores={maxmagic=9,magicgain=2,wbfl=..37,magicreckon=130}] wbfl 1",
                    "/scoreboard players add @a[scores={maxmagic=10,magicgain=2,wbfl=..39,magicreckon=130}] wbfl 1",
                    "/scoreboard players add @a[scores={maxmagic=11,magicgain=2,wbfl=..41,magicreckon=130}] wbfl 1",
                    "/scoreboard players add @a[scores={maxmagic=12,magicgain=2,wbfl=..43,magicreckon=130}] wbfl 1",
                    "/scoreboard players add @a[scores={maxmagic=13,magicgain=2,wbfl=..45,magicreckon=130}] wbfl 1",
                    "/scoreboard players add @a[scores={maxmagic=14,magicgain=2,wbfl=..47,magicreckon=130}] wbfl 1",
                    "/scoreboard players add @a[scores={maxmagic=15,magicgain=2,wbfl=..49,magicreckon=130}] wbfl 1",
                    "/scoreboard players add @a[scores={maxmagic=16,magicgain=2,wbfl=..51,magicreckon=130}] wbfl 1",
                    "/scoreboard players add @a[scores={maxmagic=17,magicgain=2,wbfl=..53,magicreckon=130}] wbfl 1",
                    "/scoreboard players add @a[scores={maxmagic=18,magicgain=2,wbfl=..55,magicreckon=130}] wbfl 1",
                    "/scoreboard players add @a[scores={maxmagic=19,magicgain=2,wbfl=..57,magicreckon=130}] wbfl 1",
                    "/scoreboard players add @a[scores={maxmagic=20,magicgain=2,wbfl=..59,magicreckon=130}] wbfl 1",
                    "/execute @a[scores={maxmagic=0,magicgain=2,wbfl=..19,magicreckon=130}] ~~~ particle dec:magic_increase_particle ~~~",
                    "/execute @a[scores={maxmagic=1,magicgain=2,wbfl=..21,magicreckon=130}] ~~~ particle dec:magic_increase_particle ~~~",
                    "/execute @a[scores={maxmagic=2,magicgain=2,wbfl=..23,magicreckon=130}] ~~~ particle dec:magic_increase_particle ~~~",
                    "/execute @a[scores={maxmagic=3,magicgain=2,wbfl=..25,magicreckon=130}] ~~~ particle dec:magic_increase_particle ~~~",
                    "/execute @a[scores={maxmagic=4,magicgain=2,wbfl=..27,magicreckon=130}] ~~~ particle dec:magic_increase_particle ~~~",
                    "/execute @a[scores={maxmagic=5,magicgain=2,wbfl=..29,magicreckon=130}] ~~~ particle dec:magic_increase_particle ~~~",
                    "/execute @a[scores={maxmagic=6,magicgain=2,wbfl=..31,magicreckon=130}] ~~~ particle dec:magic_increase_particle ~~~",
                    "/execute @a[scores={maxmagic=7,magicgain=2,wbfl=..33,magicreckon=130}] ~~~ particle dec:magic_increase_particle ~~~",
                    "/execute @a[scores={maxmagic=8,magicgain=2,wbfl=..35,magicreckon=130}] ~~~ particle dec:magic_increase_particle ~~~",
                    "/execute @a[scores={maxmagic=9,magicgain=2,wbfl=..37,magicreckon=130}] ~~~ particle dec:magic_increase_particle ~~~",
                    "/execute @a[scores={maxmagic=10,magicgain=2,wbfl=..39,magicreckon=130}] ~~~ particle dec:magic_increase_particle ~~~",
                    "/execute @a[scores={maxmagic=11,magicgain=2,wbfl=..41,magicreckon=130}] ~~~ particle dec:magic_increase_particle ~~~",
                    "/execute @a[scores={maxmagic=12,magicgain=2,wbfl=..43,magicreckon=130}] ~~~ particle dec:magic_increase_particle ~~~",
                    "/execute @a[scores={maxmagic=13,magicgain=2,wbfl=..45,magicreckon=130}] ~~~ particle dec:magic_increase_particle ~~~",
                    "/execute @a[scores={maxmagic=14,magicgain=2,wbfl=..47,magicreckon=130}] ~~~ particle dec:magic_increase_particle ~~~",
                    "/execute @a[scores={maxmagic=15,magicgain=2,wbfl=..49,magicreckon=130}] ~~~ particle dec:magic_increase_particle ~~~",
                    "/execute @a[scores={maxmagic=16,magicgain=2,wbfl=..51,magicreckon=130}] ~~~ particle dec:magic_increase_particle ~~~",
                    "/execute @a[scores={maxmagic=17,magicgain=2,wbfl=..53,magicreckon=130}] ~~~ particle dec:magic_increase_particle ~~~",
                    "/execute @a[scores={maxmagic=18,magicgain=2,wbfl=..55,magicreckon=130}] ~~~ particle dec:magic_increase_particle ~~~",
                    "/execute @a[scores={maxmagic=19,magicgain=2,wbfl=..57,magicreckon=130}] ~~~ particle dec:magic_increase_particle ~~~",
                    "/execute @a[scores={maxmagic=20,magicgain=2,wbfl=..59,magicreckon=130}] ~~~ particle dec:magic_increase_particle ~~~"
                ],
                "0.5": [
                    "/scoreboard players add @a[scores={maxmagic=0,wbfl=..19,magicreckon=81..}] wbfl 1",
                    "/scoreboard players add @a[scores={maxmagic=1,wbfl=..21,magicreckon=81..}] wbfl 1",
                    "/scoreboard players add @a[scores={maxmagic=2,wbfl=..23,magicreckon=81..}] wbfl 1",
                    "/scoreboard players add @a[scores={maxmagic=3,wbfl=..25,magicreckon=81..}] wbfl 1",
                    "/scoreboard players add @a[scores={maxmagic=4,wbfl=..27,magicreckon=81..}] wbfl 1",
                    "/scoreboard players add @a[scores={maxmagic=5,wbfl=..29,magicreckon=81..}] wbfl 1",
                    "/scoreboard players add @a[scores={maxmagic=6,wbfl=..31,magicreckon=81..}] wbfl 1",
                    "/scoreboard players add @a[scores={maxmagic=7,wbfl=..33,magicreckon=81..}] wbfl 1",
                    "/scoreboard players add @a[scores={maxmagic=8,wbfl=..35,magicreckon=81..}] wbfl 1",
                    "/scoreboard players add @a[scores={maxmagic=9,wbfl=..37,magicreckon=81..}] wbfl 1",
                    "/scoreboard players add @a[scores={maxmagic=10,wbfl=..39,magicreckon=81..}] wbfl 1",
                    "/scoreboard players add @a[scores={maxmagic=11,wbfl=..41,magicreckon=81..}] wbfl 1",
                    "/scoreboard players add @a[scores={maxmagic=12,wbfl=..43,magicreckon=81..}] wbfl 1",
                    "/scoreboard players add @a[scores={maxmagic=13,wbfl=..45,magicreckon=81..}] wbfl 1",
                    "/scoreboard players add @a[scores={maxmagic=14,wbfl=..47,magicreckon=81..}] wbfl 1",
                    "/scoreboard players add @a[scores={maxmagic=15,wbfl=..49,magicreckon=81..}] wbfl 1",
                    "/scoreboard players add @a[scores={maxmagic=16,wbfl=..51,magicreckon=81..}] wbfl 1",
                    "/scoreboard players add @a[scores={maxmagic=17,wbfl=..53,magicreckon=81..}] wbfl 1",
                    "/scoreboard players add @a[scores={maxmagic=18,wbfl=..55,magicreckon=81..}] wbfl 1",
                    "/scoreboard players add @a[scores={maxmagic=19,wbfl=..57,magicreckon=81..}] wbfl 1",
                    "/scoreboard players add @a[scores={maxmagic=20,wbfl=..59,magicreckon=81..}] wbfl 1",
                    "/execute @a[scores={maxmagic=0,wbfl=..19,magicreckon=81..}] ~~~ particle dec:magic_increase_particle ~~~",
                    "/execute @a[scores={maxmagic=1,wbfl=..21,magicreckon=81..}] ~~~ particle dec:magic_increase_particle ~~~",
                    "/execute @a[scores={maxmagic=2,wbfl=..23,magicreckon=81..}] ~~~ particle dec:magic_increase_particle ~~~",
                    "/execute @a[scores={maxmagic=3,wbfl=..25,magicreckon=81..}] ~~~ particle dec:magic_increase_particle ~~~",
                    "/execute @a[scores={maxmagic=4,wbfl=..27,magicreckon=81..}] ~~~ particle dec:magic_increase_particle ~~~",
                    "/execute @a[scores={maxmagic=5,wbfl=..29,magicreckon=81..}] ~~~ particle dec:magic_increase_particle ~~~",
                    "/execute @a[scores={maxmagic=6,wbfl=..31,magicreckon=81..}] ~~~ particle dec:magic_increase_particle ~~~",
                    "/execute @a[scores={maxmagic=7,wbfl=..33,magicreckon=81..}] ~~~ particle dec:magic_increase_particle ~~~",
                    "/execute @a[scores={maxmagic=8,wbfl=..35,magicreckon=81..}] ~~~ particle dec:magic_increase_particle ~~~",
                    "/execute @a[scores={maxmagic=9,wbfl=..37,magicreckon=81..}] ~~~ particle dec:magic_increase_particle ~~~",
                    "/execute @a[scores={maxmagic=10,wbfl=..39,magicreckon=81..}] ~~~ particle dec:magic_increase_particle ~~~",
                    "/execute @a[scores={maxmagic=11,wbfl=..41,magicreckon=81..}] ~~~ particle dec:magic_increase_particle ~~~",
                    "/execute @a[scores={maxmagic=12,wbfl=..43,magicreckon=81..}] ~~~ particle dec:magic_increase_particle ~~~",
                    "/execute @a[scores={maxmagic=13,wbfl=..45,magicreckon=81..}] ~~~ particle dec:magic_increase_particle ~~~",
                    "/execute @a[scores={maxmagic=14,wbfl=..47,magicreckon=81..}] ~~~ particle dec:magic_increase_particle ~~~",
                    "/execute @a[scores={maxmagic=15,wbfl=..49,magicreckon=81..}] ~~~ particle dec:magic_increase_particle ~~~",
                    "/execute @a[scores={maxmagic=16,wbfl=..51,magicreckon=81..}] ~~~ particle dec:magic_increase_particle ~~~",
                    "/execute @a[scores={maxmagic=17,wbfl=..53,magicreckon=81..}] ~~~ particle dec:magic_increase_particle ~~~",
                    "/execute @a[scores={maxmagic=18,wbfl=..55,magicreckon=81..}] ~~~ particle dec:magic_increase_particle ~~~",
                    "/execute @a[scores={maxmagic=19,wbfl=..57,magicreckon=81..}] ~~~ particle dec:magic_increase_particle ~~~",
                    "/execute @a[scores={maxmagic=20,wbfl=..59,magicreckon=81..}] ~~~ particle dec:magic_increase_particle ~~~"
                ],
                "0.625": [
                    "/scoreboard players add @a[scores={maxmagic=0,magicgain=2,wbfl=..19,magicreckon=130}] wbfl 1",
                    "/scoreboard players add @a[scores={maxmagic=1,magicgain=2,wbfl=..21,magicreckon=130}] wbfl 1",
                    "/scoreboard players add @a[scores={maxmagic=2,magicgain=2,wbfl=..23,magicreckon=130}] wbfl 1",
                    "/scoreboard players add @a[scores={maxmagic=3,magicgain=2,wbfl=..25,magicreckon=130}] wbfl 1",
                    "/scoreboard players add @a[scores={maxmagic=4,magicgain=2,wbfl=..27,magicreckon=130}] wbfl 1",
                    "/scoreboard players add @a[scores={maxmagic=5,magicgain=2,wbfl=..29,magicreckon=130}] wbfl 1",
                    "/scoreboard players add @a[scores={maxmagic=6,magicgain=2,wbfl=..31,magicreckon=130}] wbfl 1",
                    "/scoreboard players add @a[scores={maxmagic=7,magicgain=2,wbfl=..33,magicreckon=130}] wbfl 1",
                    "/scoreboard players add @a[scores={maxmagic=8,magicgain=2,wbfl=..35,magicreckon=130}] wbfl 1",
                    "/scoreboard players add @a[scores={maxmagic=9,magicgain=2,wbfl=..37,magicreckon=130}] wbfl 1",
                    "/scoreboard players add @a[scores={maxmagic=10,magicgain=2,wbfl=..39,magicreckon=130}] wbfl 1",
                    "/scoreboard players add @a[scores={maxmagic=11,magicgain=2,wbfl=..41,magicreckon=130}] wbfl 1",
                    "/scoreboard players add @a[scores={maxmagic=12,magicgain=2,wbfl=..43,magicreckon=130}] wbfl 1",
                    "/scoreboard players add @a[scores={maxmagic=13,magicgain=2,wbfl=..45,magicreckon=130}] wbfl 1",
                    "/scoreboard players add @a[scores={maxmagic=14,magicgain=2,wbfl=..47,magicreckon=130}] wbfl 1",
                    "/scoreboard players add @a[scores={maxmagic=15,magicgain=2,wbfl=..49,magicreckon=130}] wbfl 1",
                    "/scoreboard players add @a[scores={maxmagic=16,magicgain=2,wbfl=..51,magicreckon=130}] wbfl 1",
                    "/scoreboard players add @a[scores={maxmagic=17,magicgain=2,wbfl=..53,magicreckon=130}] wbfl 1",
                    "/scoreboard players add @a[scores={maxmagic=18,magicgain=2,wbfl=..55,magicreckon=130}] wbfl 1",
                    "/scoreboard players add @a[scores={maxmagic=19,magicgain=2,wbfl=..57,magicreckon=130}] wbfl 1",
                    "/scoreboard players add @a[scores={maxmagic=20,magicgain=2,wbfl=..59,magicreckon=130}] wbfl 1",
                    "/execute @a[scores={maxmagic=0,magicgain=2,wbfl=..19,magicreckon=130}] ~~~ particle dec:magic_increase_particle ~~~",
                    "/execute @a[scores={maxmagic=1,magicgain=2,wbfl=..21,magicreckon=130}] ~~~ particle dec:magic_increase_particle ~~~",
                    "/execute @a[scores={maxmagic=2,magicgain=2,wbfl=..23,magicreckon=130}] ~~~ particle dec:magic_increase_particle ~~~",
                    "/execute @a[scores={maxmagic=3,magicgain=2,wbfl=..25,magicreckon=130}] ~~~ particle dec:magic_increase_particle ~~~",
                    "/execute @a[scores={maxmagic=4,magicgain=2,wbfl=..27,magicreckon=130}] ~~~ particle dec:magic_increase_particle ~~~",
                    "/execute @a[scores={maxmagic=5,magicgain=2,wbfl=..29,magicreckon=130}] ~~~ particle dec:magic_increase_particle ~~~",
                    "/execute @a[scores={maxmagic=6,magicgain=2,wbfl=..31,magicreckon=130}] ~~~ particle dec:magic_increase_particle ~~~",
                    "/execute @a[scores={maxmagic=7,magicgain=2,wbfl=..33,magicreckon=130}] ~~~ particle dec:magic_increase_particle ~~~",
                    "/execute @a[scores={maxmagic=8,magicgain=2,wbfl=..35,magicreckon=130}] ~~~ particle dec:magic_increase_particle ~~~",
                    "/execute @a[scores={maxmagic=9,magicgain=2,wbfl=..37,magicreckon=130}] ~~~ particle dec:magic_increase_particle ~~~",
                    "/execute @a[scores={maxmagic=10,magicgain=2,wbfl=..39,magicreckon=130}] ~~~ particle dec:magic_increase_particle ~~~",
                    "/execute @a[scores={maxmagic=11,magicgain=2,wbfl=..41,magicreckon=130}] ~~~ particle dec:magic_increase_particle ~~~",
                    "/execute @a[scores={maxmagic=12,magicgain=2,wbfl=..43,magicreckon=130}] ~~~ particle dec:magic_increase_particle ~~~",
                    "/execute @a[scores={maxmagic=13,magicgain=2,wbfl=..45,magicreckon=130}] ~~~ particle dec:magic_increase_particle ~~~",
                    "/execute @a[scores={maxmagic=14,magicgain=2,wbfl=..47,magicreckon=130}] ~~~ particle dec:magic_increase_particle ~~~",
                    "/execute @a[scores={maxmagic=15,magicgain=2,wbfl=..49,magicreckon=130}] ~~~ particle dec:magic_increase_particle ~~~",
                    "/execute @a[scores={maxmagic=16,magicgain=2,wbfl=..51,magicreckon=130}] ~~~ particle dec:magic_increase_particle ~~~",
                    "/execute @a[scores={maxmagic=17,magicgain=2,wbfl=..53,magicreckon=130}] ~~~ particle dec:magic_increase_particle ~~~",
                    "/execute @a[scores={maxmagic=18,magicgain=2,wbfl=..55,magicreckon=130}] ~~~ particle dec:magic_increase_particle ~~~",
                    "/execute @a[scores={maxmagic=19,magicgain=2,wbfl=..57,magicreckon=130}] ~~~ particle dec:magic_increase_particle ~~~",
                    "/execute @a[scores={maxmagic=20,magicgain=2,wbfl=..59,magicreckon=130}] ~~~ particle dec:magic_increase_particle ~~~"
                ],
                "0.75": [
                    "/scoreboard players add @a[scores={maxmagic=0,wbfl=..19,magicreckon=121..}] wbfl 1",
                    "/scoreboard players add @a[scores={maxmagic=1,wbfl=..21,magicreckon=121..}] wbfl 1",
                    "/scoreboard players add @a[scores={maxmagic=2,wbfl=..23,magicreckon=121..}] wbfl 1",
                    "/scoreboard players add @a[scores={maxmagic=3,wbfl=..25,magicreckon=121..}] wbfl 1",
                    "/scoreboard players add @a[scores={maxmagic=4,wbfl=..27,magicreckon=121..}] wbfl 1",
                    "/scoreboard players add @a[scores={maxmagic=5,wbfl=..29,magicreckon=121..}] wbfl 1",
                    "/scoreboard players add @a[scores={maxmagic=6,wbfl=..31,magicreckon=121..}] wbfl 1",
                    "/scoreboard players add @a[scores={maxmagic=7,wbfl=..33,magicreckon=121..}] wbfl 1",
                    "/scoreboard players add @a[scores={maxmagic=8,wbfl=..35,magicreckon=121..}] wbfl 1",
                    "/scoreboard players add @a[scores={maxmagic=9,wbfl=..37,magicreckon=121..}] wbfl 1",
                    "/scoreboard players add @a[scores={maxmagic=10,wbfl=..39,magicreckon=121..}] wbfl 1",
                    "/scoreboard players add @a[scores={maxmagic=11,wbfl=..41,magicreckon=121..}] wbfl 1",
                    "/scoreboard players add @a[scores={maxmagic=12,wbfl=..43,magicreckon=121..}] wbfl 1",
                    "/scoreboard players add @a[scores={maxmagic=13,wbfl=..45,magicreckon=121..}] wbfl 1",
                    "/scoreboard players add @a[scores={maxmagic=14,wbfl=..47,magicreckon=121..}] wbfl 1",
                    "/scoreboard players add @a[scores={maxmagic=15,wbfl=..49,magicreckon=121..}] wbfl 1",
                    "/scoreboard players add @a[scores={maxmagic=16,wbfl=..51,magicreckon=121..}] wbfl 1",
                    "/scoreboard players add @a[scores={maxmagic=17,wbfl=..53,magicreckon=121..}] wbfl 1",
                    "/scoreboard players add @a[scores={maxmagic=18,wbfl=..55,magicreckon=121..}] wbfl 1",
                    "/scoreboard players add @a[scores={maxmagic=19,wbfl=..57,magicreckon=121..}] wbfl 1",
                    "/scoreboard players add @a[scores={maxmagic=20,wbfl=..59,magicreckon=121..}] wbfl 1",
                    "/execute @a[scores={maxmagic=0,wbfl=..19,magicreckon=121..}] ~~~ particle dec:magic_increase_particle ~~~",
                    "/execute @a[scores={maxmagic=1,wbfl=..21,magicreckon=121..}] ~~~ particle dec:magic_increase_particle ~~~",
                    "/execute @a[scores={maxmagic=2,wbfl=..23,magicreckon=121..}] ~~~ particle dec:magic_increase_particle ~~~",
                    "/execute @a[scores={maxmagic=3,wbfl=..25,magicreckon=121..}] ~~~ particle dec:magic_increase_particle ~~~",
                    "/execute @a[scores={maxmagic=4,wbfl=..27,magicreckon=121..}] ~~~ particle dec:magic_increase_particle ~~~",
                    "/execute @a[scores={maxmagic=5,wbfl=..29,magicreckon=121..}] ~~~ particle dec:magic_increase_particle ~~~",
                    "/execute @a[scores={maxmagic=6,wbfl=..31,magicreckon=121..}] ~~~ particle dec:magic_increase_particle ~~~",
                    "/execute @a[scores={maxmagic=7,wbfl=..33,magicreckon=121..}] ~~~ particle dec:magic_increase_particle ~~~",
                    "/execute @a[scores={maxmagic=8,wbfl=..35,magicreckon=121..}] ~~~ particle dec:magic_increase_particle ~~~",
                    "/execute @a[scores={maxmagic=9,wbfl=..37,magicreckon=121..}] ~~~ particle dec:magic_increase_particle ~~~",
                    "/execute @a[scores={maxmagic=10,wbfl=..39,magicreckon=121..}] ~~~ particle dec:magic_increase_particle ~~~",
                    "/execute @a[scores={maxmagic=11,wbfl=..41,magicreckon=121..}] ~~~ particle dec:magic_increase_particle ~~~",
                    "/execute @a[scores={maxmagic=12,wbfl=..43,magicreckon=121..}] ~~~ particle dec:magic_increase_particle ~~~",
                    "/execute @a[scores={maxmagic=13,wbfl=..45,magicreckon=121..}] ~~~ particle dec:magic_increase_particle ~~~",
                    "/execute @a[scores={maxmagic=14,wbfl=..47,magicreckon=121..}] ~~~ particle dec:magic_increase_particle ~~~",
                    "/execute @a[scores={maxmagic=15,wbfl=..49,magicreckon=121..}] ~~~ particle dec:magic_increase_particle ~~~",
                    "/execute @a[scores={maxmagic=16,wbfl=..51,magicreckon=121..}] ~~~ particle dec:magic_increase_particle ~~~",
                    "/execute @a[scores={maxmagic=17,wbfl=..53,magicreckon=121..}] ~~~ particle dec:magic_increase_particle ~~~",
                    "/execute @a[scores={maxmagic=18,wbfl=..55,magicreckon=121..}] ~~~ particle dec:magic_increase_particle ~~~",
                    "/execute @a[scores={maxmagic=19,wbfl=..57,magicreckon=121..}] ~~~ particle dec:magic_increase_particle ~~~",
                    "/execute @a[scores={maxmagic=20,wbfl=..59,magicreckon=121..}] ~~~ particle dec:magic_increase_particle ~~~"
                ],
                "0.875": [
                    "/scoreboard players add @a[scores={maxmagic=0,magicgain=2,wbfl=..19,magicreckon=130}] wbfl 1",
                    "/scoreboard players add @a[scores={maxmagic=1,magicgain=2,wbfl=..21,magicreckon=130}] wbfl 1",
                    "/scoreboard players add @a[scores={maxmagic=2,magicgain=2,wbfl=..23,magicreckon=130}] wbfl 1",
                    "/scoreboard players add @a[scores={maxmagic=3,magicgain=2,wbfl=..25,magicreckon=130}] wbfl 1",
                    "/scoreboard players add @a[scores={maxmagic=4,magicgain=2,wbfl=..27,magicreckon=130}] wbfl 1",
                    "/scoreboard players add @a[scores={maxmagic=5,magicgain=2,wbfl=..29,magicreckon=130}] wbfl 1",
                    "/scoreboard players add @a[scores={maxmagic=6,magicgain=2,wbfl=..31,magicreckon=130}] wbfl 1",
                    "/scoreboard players add @a[scores={maxmagic=7,magicgain=2,wbfl=..33,magicreckon=130}] wbfl 1",
                    "/scoreboard players add @a[scores={maxmagic=8,magicgain=2,wbfl=..35,magicreckon=130}] wbfl 1",
                    "/scoreboard players add @a[scores={maxmagic=9,magicgain=2,wbfl=..37,magicreckon=130}] wbfl 1",
                    "/scoreboard players add @a[scores={maxmagic=10,magicgain=2,wbfl=..39,magicreckon=130}] wbfl 1",
                    "/scoreboard players add @a[scores={maxmagic=11,magicgain=2,wbfl=..41,magicreckon=130}] wbfl 1",
                    "/scoreboard players add @a[scores={maxmagic=12,magicgain=2,wbfl=..43,magicreckon=130}] wbfl 1",
                    "/scoreboard players add @a[scores={maxmagic=13,magicgain=2,wbfl=..45,magicreckon=130}] wbfl 1",
                    "/scoreboard players add @a[scores={maxmagic=14,magicgain=2,wbfl=..47,magicreckon=130}] wbfl 1",
                    "/scoreboard players add @a[scores={maxmagic=15,magicgain=2,wbfl=..49,magicreckon=130}] wbfl 1",
                    "/scoreboard players add @a[scores={maxmagic=16,magicgain=2,wbfl=..51,magicreckon=130}] wbfl 1",
                    "/scoreboard players add @a[scores={maxmagic=17,magicgain=2,wbfl=..53,magicreckon=130}] wbfl 1",
                    "/scoreboard players add @a[scores={maxmagic=18,magicgain=2,wbfl=..55,magicreckon=130}] wbfl 1",
                    "/scoreboard players add @a[scores={maxmagic=19,magicgain=2,wbfl=..57,magicreckon=130}] wbfl 1",
                    "/scoreboard players add @a[scores={maxmagic=20,magicgain=2,wbfl=..59,magicreckon=130}] wbfl 1",
                    "/execute @a[scores={maxmagic=0,magicgain=2,wbfl=..19,magicreckon=130}] ~~~ particle dec:magic_increase_particle ~~~",
                    "/execute @a[scores={maxmagic=1,magicgain=2,wbfl=..21,magicreckon=130}] ~~~ particle dec:magic_increase_particle ~~~",
                    "/execute @a[scores={maxmagic=2,magicgain=2,wbfl=..23,magicreckon=130}] ~~~ particle dec:magic_increase_particle ~~~",
                    "/execute @a[scores={maxmagic=3,magicgain=2,wbfl=..25,magicreckon=130}] ~~~ particle dec:magic_increase_particle ~~~",
                    "/execute @a[scores={maxmagic=4,magicgain=2,wbfl=..27,magicreckon=130}] ~~~ particle dec:magic_increase_particle ~~~",
                    "/execute @a[scores={maxmagic=5,magicgain=2,wbfl=..29,magicreckon=130}] ~~~ particle dec:magic_increase_particle ~~~",
                    "/execute @a[scores={maxmagic=6,magicgain=2,wbfl=..31,magicreckon=130}] ~~~ particle dec:magic_increase_particle ~~~",
                    "/execute @a[scores={maxmagic=7,magicgain=2,wbfl=..33,magicreckon=130}] ~~~ particle dec:magic_increase_particle ~~~",
                    "/execute @a[scores={maxmagic=8,magicgain=2,wbfl=..35,magicreckon=130}] ~~~ particle dec:magic_increase_particle ~~~",
                    "/execute @a[scores={maxmagic=9,magicgain=2,wbfl=..37,magicreckon=130}] ~~~ particle dec:magic_increase_particle ~~~",
                    "/execute @a[scores={maxmagic=10,magicgain=2,wbfl=..39,magicreckon=130}] ~~~ particle dec:magic_increase_particle ~~~",
                    "/execute @a[scores={maxmagic=11,magicgain=2,wbfl=..41,magicreckon=130}] ~~~ particle dec:magic_increase_particle ~~~",
                    "/execute @a[scores={maxmagic=12,magicgain=2,wbfl=..43,magicreckon=130}] ~~~ particle dec:magic_increase_particle ~~~",
                    "/execute @a[scores={maxmagic=13,magicgain=2,wbfl=..45,magicreckon=130}] ~~~ particle dec:magic_increase_particle ~~~",
                    "/execute @a[scores={maxmagic=14,magicgain=2,wbfl=..47,magicreckon=130}] ~~~ particle dec:magic_increase_particle ~~~",
                    "/execute @a[scores={maxmagic=15,magicgain=2,wbfl=..49,magicreckon=130}] ~~~ particle dec:magic_increase_particle ~~~",
                    "/execute @a[scores={maxmagic=16,magicgain=2,wbfl=..51,magicreckon=130}] ~~~ particle dec:magic_increase_particle ~~~",
                    "/execute @a[scores={maxmagic=17,magicgain=2,wbfl=..53,magicreckon=130}] ~~~ particle dec:magic_increase_particle ~~~",
                    "/execute @a[scores={maxmagic=18,magicgain=2,wbfl=..55,magicreckon=130}] ~~~ particle dec:magic_increase_particle ~~~",
                    "/execute @a[scores={maxmagic=19,magicgain=2,wbfl=..57,magicreckon=130}] ~~~ particle dec:magic_increase_particle ~~~",
                    "/execute @a[scores={maxmagic=20,magicgain=2,wbfl=..59,magicreckon=130}] ~~~ particle dec:magic_increase_particle ~~~"
                ],
                "0.999999999": [
                    "/scoreboard players add @a[scores={maxmagic=0,wbfl=..19,magicreckon=41..}] wbfl 1",
                    "/scoreboard players add @a[scores={maxmagic=1,wbfl=..21,magicreckon=41..}] wbfl 1",
                    "/scoreboard players add @a[scores={maxmagic=2,wbfl=..23,magicreckon=41..}] wbfl 1",
                    "/scoreboard players add @a[scores={maxmagic=3,wbfl=..25,magicreckon=41..}] wbfl 1",
                    "/scoreboard players add @a[scores={maxmagic=4,wbfl=..27,magicreckon=41..}] wbfl 1",
                    "/scoreboard players add @a[scores={maxmagic=5,wbfl=..29,magicreckon=41..}] wbfl 1",
                    "/scoreboard players add @a[scores={maxmagic=6,wbfl=..31,magicreckon=41..}] wbfl 1",
                    "/scoreboard players add @a[scores={maxmagic=7,wbfl=..33,magicreckon=41..}] wbfl 1",
                    "/scoreboard players add @a[scores={maxmagic=8,wbfl=..35,magicreckon=41..}] wbfl 1",
                    "/scoreboard players add @a[scores={maxmagic=9,wbfl=..37,magicreckon=41..}] wbfl 1",
                    "/scoreboard players add @a[scores={maxmagic=10,wbfl=..39,magicreckon=41..}] wbfl 1",
                    "/scoreboard players add @a[scores={maxmagic=11,wbfl=..41,magicreckon=41..}] wbfl 1",
                    "/scoreboard players add @a[scores={maxmagic=12,wbfl=..43,magicreckon=41..}] wbfl 1",
                    "/scoreboard players add @a[scores={maxmagic=13,wbfl=..45,magicreckon=41..}] wbfl 1",
                    "/scoreboard players add @a[scores={maxmagic=14,wbfl=..47,magicreckon=41..}] wbfl 1",
                    "/scoreboard players add @a[scores={maxmagic=15,wbfl=..49,magicreckon=41..}] wbfl 1",
                    "/scoreboard players add @a[scores={maxmagic=16,wbfl=..51,magicreckon=41..}] wbfl 1",
                    "/scoreboard players add @a[scores={maxmagic=17,wbfl=..53,magicreckon=41..}] wbfl 1",
                    "/scoreboard players add @a[scores={maxmagic=18,wbfl=..55,magicreckon=41..}] wbfl 1",
                    "/scoreboard players add @a[scores={maxmagic=19,wbfl=..57,magicreckon=41..}] wbfl 1",
                    "/scoreboard players add @a[scores={maxmagic=20,wbfl=..59,magicreckon=41..}] wbfl 1",
                    "/execute @a[scores={maxmagic=0,wbfl=..19,magicreckon=41..}] ~~~ particle dec:magic_increase_particle ~~~",
                    "/execute @a[scores={maxmagic=1,wbfl=..21,magicreckon=41..}] ~~~ particle dec:magic_increase_particle ~~~",
                    "/execute @a[scores={maxmagic=2,wbfl=..23,magicreckon=41..}] ~~~ particle dec:magic_increase_particle ~~~",
                    "/execute @a[scores={maxmagic=3,wbfl=..25,magicreckon=41..}] ~~~ particle dec:magic_increase_particle ~~~",
                    "/execute @a[scores={maxmagic=4,wbfl=..27,magicreckon=41..}] ~~~ particle dec:magic_increase_particle ~~~",
                    "/execute @a[scores={maxmagic=5,wbfl=..29,magicreckon=41..}] ~~~ particle dec:magic_increase_particle ~~~",
                    "/execute @a[scores={maxmagic=6,wbfl=..31,magicreckon=41..}] ~~~ particle dec:magic_increase_particle ~~~",
                    "/execute @a[scores={maxmagic=7,wbfl=..33,magicreckon=41..}] ~~~ particle dec:magic_increase_particle ~~~",
                    "/execute @a[scores={maxmagic=8,wbfl=..35,magicreckon=41..}] ~~~ particle dec:magic_increase_particle ~~~",
                    "/execute @a[scores={maxmagic=9,wbfl=..37,magicreckon=41..}] ~~~ particle dec:magic_increase_particle ~~~",
                    "/execute @a[scores={maxmagic=10,wbfl=..39,magicreckon=41..}] ~~~ particle dec:magic_increase_particle ~~~",
                    "/execute @a[scores={maxmagic=11,wbfl=..41,magicreckon=41..}] ~~~ particle dec:magic_increase_particle ~~~",
                    "/execute @a[scores={maxmagic=12,wbfl=..43,magicreckon=41..}] ~~~ particle dec:magic_increase_particle ~~~",
                    "/execute @a[scores={maxmagic=13,wbfl=..45,magicreckon=41..}] ~~~ particle dec:magic_increase_particle ~~~",
                    "/execute @a[scores={maxmagic=14,wbfl=..47,magicreckon=41..}] ~~~ particle dec:magic_increase_particle ~~~",
                    "/execute @a[scores={maxmagic=15,wbfl=..49,magicreckon=41..}] ~~~ particle dec:magic_increase_particle ~~~",
                    "/execute @a[scores={maxmagic=16,wbfl=..51,magicreckon=41..}] ~~~ particle dec:magic_increase_particle ~~~",
                    "/execute @a[scores={maxmagic=17,wbfl=..53,magicreckon=41..}] ~~~ particle dec:magic_increase_particle ~~~",
                    "/execute @a[scores={maxmagic=18,wbfl=..55,magicreckon=41..}] ~~~ particle dec:magic_increase_particle ~~~",
                    "/execute @a[scores={maxmagic=19,wbfl=..57,magicreckon=41..}] ~~~ particle dec:magic_increase_particle ~~~",
                    "/execute @a[scores={maxmagic=20,wbfl=..59,magicreckon=41..}] ~~~ particle dec:magic_increase_particle ~~~"
                ]
            },
            "animation_length": 1,
            "loop": true
        }
    }
}