{
    "format_version": "1.8.0",
    "animations": {
        "animation.magic": {
            "timeline": {
                "0.125": [
                    "/scoreboard players add @a[scores={maxmagic=0,magicgain=2,magicpoint=..19,magicreckon=130}] magicpoint 1",
                    "/scoreboard players add @a[scores={maxmagic=1,magicgain=2,magicpoint=..21,magicreckon=130}] magicpoint 1",
                    "/scoreboard players add @a[scores={maxmagic=2,magicgain=2,magicpoint=..23,magicreckon=130}] magicpoint 1",
                    "/scoreboard players add @a[scores={maxmagic=3,magicgain=2,magicpoint=..25,magicreckon=130}] magicpoint 1",
                    "/scoreboard players add @a[scores={maxmagic=4,magicgain=2,magicpoint=..27,magicreckon=130}] magicpoint 1",
                    "/scoreboard players add @a[scores={maxmagic=5,magicgain=2,magicpoint=..29,magicreckon=130}] magicpoint 1",
                    "/scoreboard players add @a[scores={maxmagic=6,magicgain=2,magicpoint=..31,magicreckon=130}] magicpoint 1",
                    "/scoreboard players add @a[scores={maxmagic=7,magicgain=2,magicpoint=..33,magicreckon=130}] magicpoint 1",
                    "/scoreboard players add @a[scores={maxmagic=8,magicgain=2,magicpoint=..35,magicreckon=130}] magicpoint 1",
                    "/scoreboard players add @a[scores={maxmagic=9,magicgain=2,magicpoint=..37,magicreckon=130}] magicpoint 1",
                    "/scoreboard players add @a[scores={maxmagic=10,magicgain=2,magicpoint=..39,magicreckon=130}] magicpoint 1",
                    "/scoreboard players add @a[scores={maxmagic=11,magicgain=2,magicpoint=..41,magicreckon=130}] magicpoint 1",
                    "/scoreboard players add @a[scores={maxmagic=12,magicgain=2,magicpoint=..43,magicreckon=130}] magicpoint 1",
                    "/scoreboard players add @a[scores={maxmagic=13,magicgain=2,magicpoint=..45,magicreckon=130}] magicpoint 1",
                    "/scoreboard players add @a[scores={maxmagic=14,magicgain=2,magicpoint=..47,magicreckon=130}] magicpoint 1",
                    "/scoreboard players add @a[scores={maxmagic=15,magicgain=2,magicpoint=..49,magicreckon=130}] magicpoint 1",
                    "/scoreboard players add @a[scores={maxmagic=16,magicgain=2,magicpoint=..51,magicreckon=130}] magicpoint 1",
                    "/scoreboard players add @a[scores={maxmagic=17,magicgain=2,magicpoint=..53,magicreckon=130}] magicpoint 1",
                    "/scoreboard players add @a[scores={maxmagic=18,magicgain=2,magicpoint=..55,magicreckon=130}] magicpoint 1",
                    "/scoreboard players add @a[scores={maxmagic=19,magicgain=2,magicpoint=..57,magicreckon=130}] magicpoint 1",
                    "/scoreboard players add @a[scores={maxmagic=20,magicgain=2,magicpoint=..59,magicreckon=130}] magicpoint 1",
                    "/execute at @a[scores={maxmagic=0,magicgain=2,magicpoint=..19,magicreckon=130}] run particle dec:magic_increase_particle ~~~",
                    "/execute at @a[scores={maxmagic=1,magicgain=2,magicpoint=..21,magicreckon=130}] run particle dec:magic_increase_particle ~~~",
                    "/execute at @a[scores={maxmagic=2,magicgain=2,magicpoint=..23,magicreckon=130}] run particle dec:magic_increase_particle ~~~",
                    "/execute at @a[scores={maxmagic=3,magicgain=2,magicpoint=..25,magicreckon=130}] run particle dec:magic_increase_particle ~~~",
                    "/execute at @a[scores={maxmagic=4,magicgain=2,magicpoint=..27,magicreckon=130}] run particle dec:magic_increase_particle ~~~",
                    "/execute at @a[scores={maxmagic=5,magicgain=2,magicpoint=..29,magicreckon=130}] run particle dec:magic_increase_particle ~~~",
                    "/execute at @a[scores={maxmagic=6,magicgain=2,magicpoint=..31,magicreckon=130}] run particle dec:magic_increase_particle ~~~",
                    "/execute at @a[scores={maxmagic=7,magicgain=2,magicpoint=..33,magicreckon=130}] run particle dec:magic_increase_particle ~~~",
                    "/execute at @a[scores={maxmagic=8,magicgain=2,magicpoint=..35,magicreckon=130}] run particle dec:magic_increase_particle ~~~",
                    "/execute at @a[scores={maxmagic=9,magicgain=2,magicpoint=..37,magicreckon=130}] run particle dec:magic_increase_particle ~~~",
                    "/execute at @a[scores={maxmagic=10,magicgain=2,magicpoint=..39,magicreckon=130}] run particle dec:magic_increase_particle ~~~",
                    "/execute at @a[scores={maxmagic=11,magicgain=2,magicpoint=..41,magicreckon=130}] run particle dec:magic_increase_particle ~~~",
                    "/execute at @a[scores={maxmagic=12,magicgain=2,magicpoint=..43,magicreckon=130}] run particle dec:magic_increase_particle ~~~",
                    "/execute at @a[scores={maxmagic=13,magicgain=2,magicpoint=..45,magicreckon=130}] run particle dec:magic_increase_particle ~~~",
                    "/execute at @a[scores={maxmagic=14,magicgain=2,magicpoint=..47,magicreckon=130}] run particle dec:magic_increase_particle ~~~",
                    "/execute at @a[scores={maxmagic=15,magicgain=2,magicpoint=..49,magicreckon=130}] run particle dec:magic_increase_particle ~~~",
                    "/execute at @a[scores={maxmagic=16,magicgain=2,magicpoint=..51,magicreckon=130}] run particle dec:magic_increase_particle ~~~",
                    "/execute at @a[scores={maxmagic=17,magicgain=2,magicpoint=..53,magicreckon=130}] run particle dec:magic_increase_particle ~~~",
                    "/execute at @a[scores={maxmagic=18,magicgain=2,magicpoint=..55,magicreckon=130}] run particle dec:magic_increase_particle ~~~",
                    "/execute at @a[scores={maxmagic=19,magicgain=2,magicpoint=..57,magicreckon=130}] run particle dec:magic_increase_particle ~~~",
                    "/execute at @a[scores={maxmagic=20,magicgain=2,magicpoint=..59,magicreckon=130}] run particle dec:magic_increase_particle ~~~"
                ],
                "0.25": [
                    "/scoreboard players add @a[scores={maxmagic=0,magicpoint=..19,magicreckon=121..}] magicpoint 1",
                    "/scoreboard players add @a[scores={maxmagic=1,magicpoint=..21,magicreckon=121..}] magicpoint 1",
                    "/scoreboard players add @a[scores={maxmagic=2,magicpoint=..23,magicreckon=121..}] magicpoint 1",
                    "/scoreboard players add @a[scores={maxmagic=3,magicpoint=..25,magicreckon=121..}] magicpoint 1",
                    "/scoreboard players add @a[scores={maxmagic=4,magicpoint=..27,magicreckon=121..}] magicpoint 1",
                    "/scoreboard players add @a[scores={maxmagic=5,magicpoint=..29,magicreckon=121..}] magicpoint 1",
                    "/scoreboard players add @a[scores={maxmagic=6,magicpoint=..31,magicreckon=121..}] magicpoint 1",
                    "/scoreboard players add @a[scores={maxmagic=7,magicpoint=..33,magicreckon=121..}] magicpoint 1",
                    "/scoreboard players add @a[scores={maxmagic=8,magicpoint=..35,magicreckon=121..}] magicpoint 1",
                    "/scoreboard players add @a[scores={maxmagic=9,magicpoint=..37,magicreckon=121..}] magicpoint 1",
                    "/scoreboard players add @a[scores={maxmagic=10,magicpoint=..39,magicreckon=121..}] magicpoint 1",
                    "/scoreboard players add @a[scores={maxmagic=11,magicpoint=..41,magicreckon=121..}] magicpoint 1",
                    "/scoreboard players add @a[scores={maxmagic=12,magicpoint=..43,magicreckon=121..}] magicpoint 1",
                    "/scoreboard players add @a[scores={maxmagic=13,magicpoint=..45,magicreckon=121..}] magicpoint 1",
                    "/scoreboard players add @a[scores={maxmagic=14,magicpoint=..47,magicreckon=121..}] magicpoint 1",
                    "/scoreboard players add @a[scores={maxmagic=15,magicpoint=..49,magicreckon=121..}] magicpoint 1",
                    "/scoreboard players add @a[scores={maxmagic=16,magicpoint=..51,magicreckon=121..}] magicpoint 1",
                    "/scoreboard players add @a[scores={maxmagic=17,magicpoint=..53,magicreckon=121..}] magicpoint 1",
                    "/scoreboard players add @a[scores={maxmagic=18,magicpoint=..55,magicreckon=121..}] magicpoint 1",
                    "/scoreboard players add @a[scores={maxmagic=19,magicpoint=..57,magicreckon=121..}] magicpoint 1",
                    "/scoreboard players add @a[scores={maxmagic=20,magicpoint=..59,magicreckon=121..}] magicpoint 1",
                    "/execute at @a[scores={maxmagic=0,magicpoint=..19,magicreckon=121..}] run particle dec:magic_increase_particle ~~~",
                    "/execute at @a[scores={maxmagic=1,magicpoint=..21,magicreckon=121..}] run particle dec:magic_increase_particle ~~~",
                    "/execute at @a[scores={maxmagic=2,magicpoint=..23,magicreckon=121..}] run particle dec:magic_increase_particle ~~~",
                    "/execute at @a[scores={maxmagic=3,magicpoint=..25,magicreckon=121..}] run particle dec:magic_increase_particle ~~~",
                    "/execute at @a[scores={maxmagic=4,magicpoint=..27,magicreckon=121..}] run particle dec:magic_increase_particle ~~~",
                    "/execute at @a[scores={maxmagic=5,magicpoint=..29,magicreckon=121..}] run particle dec:magic_increase_particle ~~~",
                    "/execute at @a[scores={maxmagic=6,magicpoint=..31,magicreckon=121..}] run particle dec:magic_increase_particle ~~~",
                    "/execute at @a[scores={maxmagic=7,magicpoint=..33,magicreckon=121..}] run particle dec:magic_increase_particle ~~~",
                    "/execute at @a[scores={maxmagic=8,magicpoint=..35,magicreckon=121..}] run particle dec:magic_increase_particle ~~~",
                    "/execute at @a[scores={maxmagic=9,magicpoint=..37,magicreckon=121..}] run particle dec:magic_increase_particle ~~~",
                    "/execute at @a[scores={maxmagic=10,magicpoint=..39,magicreckon=121..}] run particle dec:magic_increase_particle ~~~",
                    "/execute at @a[scores={maxmagic=11,magicpoint=..41,magicreckon=121..}] run particle dec:magic_increase_particle ~~~",
                    "/execute at @a[scores={maxmagic=12,magicpoint=..43,magicreckon=121..}] run particle dec:magic_increase_particle ~~~",
                    "/execute at @a[scores={maxmagic=13,magicpoint=..45,magicreckon=121..}] run particle dec:magic_increase_particle ~~~",
                    "/execute at @a[scores={maxmagic=14,magicpoint=..47,magicreckon=121..}] run particle dec:magic_increase_particle ~~~",
                    "/execute at @a[scores={maxmagic=15,magicpoint=..49,magicreckon=121..}] run particle dec:magic_increase_particle ~~~",
                    "/execute at @a[scores={maxmagic=16,magicpoint=..51,magicreckon=121..}] run particle dec:magic_increase_particle ~~~",
                    "/execute at @a[scores={maxmagic=17,magicpoint=..53,magicreckon=121..}] run particle dec:magic_increase_particle ~~~",
                    "/execute at @a[scores={maxmagic=18,magicpoint=..55,magicreckon=121..}] run particle dec:magic_increase_particle ~~~",
                    "/execute at @a[scores={maxmagic=19,magicpoint=..57,magicreckon=121..}] run particle dec:magic_increase_particle ~~~",
                    "/execute at @a[scores={maxmagic=20,magicpoint=..59,magicreckon=121..}] run particle dec:magic_increase_particle ~~~"
                ],
                "0.375": [
                    "/scoreboard players add @a[scores={maxmagic=0,magicgain=2,magicpoint=..19,magicreckon=130}] magicpoint 1",
                    "/scoreboard players add @a[scores={maxmagic=1,magicgain=2,magicpoint=..21,magicreckon=130}] magicpoint 1",
                    "/scoreboard players add @a[scores={maxmagic=2,magicgain=2,magicpoint=..23,magicreckon=130}] magicpoint 1",
                    "/scoreboard players add @a[scores={maxmagic=3,magicgain=2,magicpoint=..25,magicreckon=130}] magicpoint 1",
                    "/scoreboard players add @a[scores={maxmagic=4,magicgain=2,magicpoint=..27,magicreckon=130}] magicpoint 1",
                    "/scoreboard players add @a[scores={maxmagic=5,magicgain=2,magicpoint=..29,magicreckon=130}] magicpoint 1",
                    "/scoreboard players add @a[scores={maxmagic=6,magicgain=2,magicpoint=..31,magicreckon=130}] magicpoint 1",
                    "/scoreboard players add @a[scores={maxmagic=7,magicgain=2,magicpoint=..33,magicreckon=130}] magicpoint 1",
                    "/scoreboard players add @a[scores={maxmagic=8,magicgain=2,magicpoint=..35,magicreckon=130}] magicpoint 1",
                    "/scoreboard players add @a[scores={maxmagic=9,magicgain=2,magicpoint=..37,magicreckon=130}] magicpoint 1",
                    "/scoreboard players add @a[scores={maxmagic=10,magicgain=2,magicpoint=..39,magicreckon=130}] magicpoint 1",
                    "/scoreboard players add @a[scores={maxmagic=11,magicgain=2,magicpoint=..41,magicreckon=130}] magicpoint 1",
                    "/scoreboard players add @a[scores={maxmagic=12,magicgain=2,magicpoint=..43,magicreckon=130}] magicpoint 1",
                    "/scoreboard players add @a[scores={maxmagic=13,magicgain=2,magicpoint=..45,magicreckon=130}] magicpoint 1",
                    "/scoreboard players add @a[scores={maxmagic=14,magicgain=2,magicpoint=..47,magicreckon=130}] magicpoint 1",
                    "/scoreboard players add @a[scores={maxmagic=15,magicgain=2,magicpoint=..49,magicreckon=130}] magicpoint 1",
                    "/scoreboard players add @a[scores={maxmagic=16,magicgain=2,magicpoint=..51,magicreckon=130}] magicpoint 1",
                    "/scoreboard players add @a[scores={maxmagic=17,magicgain=2,magicpoint=..53,magicreckon=130}] magicpoint 1",
                    "/scoreboard players add @a[scores={maxmagic=18,magicgain=2,magicpoint=..55,magicreckon=130}] magicpoint 1",
                    "/scoreboard players add @a[scores={maxmagic=19,magicgain=2,magicpoint=..57,magicreckon=130}] magicpoint 1",
                    "/scoreboard players add @a[scores={maxmagic=20,magicgain=2,magicpoint=..59,magicreckon=130}] magicpoint 1",
                    "/execute at @a[scores={maxmagic=0,magicgain=2,magicpoint=..19,magicreckon=130}] run particle dec:magic_increase_particle ~~~",
                    "/execute at @a[scores={maxmagic=1,magicgain=2,magicpoint=..21,magicreckon=130}] run particle dec:magic_increase_particle ~~~",
                    "/execute at @a[scores={maxmagic=2,magicgain=2,magicpoint=..23,magicreckon=130}] run particle dec:magic_increase_particle ~~~",
                    "/execute at @a[scores={maxmagic=3,magicgain=2,magicpoint=..25,magicreckon=130}] run particle dec:magic_increase_particle ~~~",
                    "/execute at @a[scores={maxmagic=4,magicgain=2,magicpoint=..27,magicreckon=130}] run particle dec:magic_increase_particle ~~~",
                    "/execute at @a[scores={maxmagic=5,magicgain=2,magicpoint=..29,magicreckon=130}] run particle dec:magic_increase_particle ~~~",
                    "/execute at @a[scores={maxmagic=6,magicgain=2,magicpoint=..31,magicreckon=130}] run particle dec:magic_increase_particle ~~~",
                    "/execute at @a[scores={maxmagic=7,magicgain=2,magicpoint=..33,magicreckon=130}] run particle dec:magic_increase_particle ~~~",
                    "/execute at @a[scores={maxmagic=8,magicgain=2,magicpoint=..35,magicreckon=130}] run particle dec:magic_increase_particle ~~~",
                    "/execute at @a[scores={maxmagic=9,magicgain=2,magicpoint=..37,magicreckon=130}] run particle dec:magic_increase_particle ~~~",
                    "/execute at @a[scores={maxmagic=10,magicgain=2,magicpoint=..39,magicreckon=130}] run particle dec:magic_increase_particle ~~~",
                    "/execute at @a[scores={maxmagic=11,magicgain=2,magicpoint=..41,magicreckon=130}] run particle dec:magic_increase_particle ~~~",
                    "/execute at @a[scores={maxmagic=12,magicgain=2,magicpoint=..43,magicreckon=130}] run particle dec:magic_increase_particle ~~~",
                    "/execute at @a[scores={maxmagic=13,magicgain=2,magicpoint=..45,magicreckon=130}] run particle dec:magic_increase_particle ~~~",
                    "/execute at @a[scores={maxmagic=14,magicgain=2,magicpoint=..47,magicreckon=130}] run particle dec:magic_increase_particle ~~~",
                    "/execute at @a[scores={maxmagic=15,magicgain=2,magicpoint=..49,magicreckon=130}] run particle dec:magic_increase_particle ~~~",
                    "/execute at @a[scores={maxmagic=16,magicgain=2,magicpoint=..51,magicreckon=130}] run particle dec:magic_increase_particle ~~~",
                    "/execute at @a[scores={maxmagic=17,magicgain=2,magicpoint=..53,magicreckon=130}] run particle dec:magic_increase_particle ~~~",
                    "/execute at @a[scores={maxmagic=18,magicgain=2,magicpoint=..55,magicreckon=130}] run particle dec:magic_increase_particle ~~~",
                    "/execute at @a[scores={maxmagic=19,magicgain=2,magicpoint=..57,magicreckon=130}] run particle dec:magic_increase_particle ~~~",
                    "/execute at @a[scores={maxmagic=20,magicgain=2,magicpoint=..59,magicreckon=130}] run particle dec:magic_increase_particle ~~~"
                ],
                "0.5": [
                    "/scoreboard players add @a[scores={maxmagic=0,magicpoint=..19,magicreckon=81..}] magicpoint 1",
                    "/scoreboard players add @a[scores={maxmagic=1,magicpoint=..21,magicreckon=81..}] magicpoint 1",
                    "/scoreboard players add @a[scores={maxmagic=2,magicpoint=..23,magicreckon=81..}] magicpoint 1",
                    "/scoreboard players add @a[scores={maxmagic=3,magicpoint=..25,magicreckon=81..}] magicpoint 1",
                    "/scoreboard players add @a[scores={maxmagic=4,magicpoint=..27,magicreckon=81..}] magicpoint 1",
                    "/scoreboard players add @a[scores={maxmagic=5,magicpoint=..29,magicreckon=81..}] magicpoint 1",
                    "/scoreboard players add @a[scores={maxmagic=6,magicpoint=..31,magicreckon=81..}] magicpoint 1",
                    "/scoreboard players add @a[scores={maxmagic=7,magicpoint=..33,magicreckon=81..}] magicpoint 1",
                    "/scoreboard players add @a[scores={maxmagic=8,magicpoint=..35,magicreckon=81..}] magicpoint 1",
                    "/scoreboard players add @a[scores={maxmagic=9,magicpoint=..37,magicreckon=81..}] magicpoint 1",
                    "/scoreboard players add @a[scores={maxmagic=10,magicpoint=..39,magicreckon=81..}] magicpoint 1",
                    "/scoreboard players add @a[scores={maxmagic=11,magicpoint=..41,magicreckon=81..}] magicpoint 1",
                    "/scoreboard players add @a[scores={maxmagic=12,magicpoint=..43,magicreckon=81..}] magicpoint 1",
                    "/scoreboard players add @a[scores={maxmagic=13,magicpoint=..45,magicreckon=81..}] magicpoint 1",
                    "/scoreboard players add @a[scores={maxmagic=14,magicpoint=..47,magicreckon=81..}] magicpoint 1",
                    "/scoreboard players add @a[scores={maxmagic=15,magicpoint=..49,magicreckon=81..}] magicpoint 1",
                    "/scoreboard players add @a[scores={maxmagic=16,magicpoint=..51,magicreckon=81..}] magicpoint 1",
                    "/scoreboard players add @a[scores={maxmagic=17,magicpoint=..53,magicreckon=81..}] magicpoint 1",
                    "/scoreboard players add @a[scores={maxmagic=18,magicpoint=..55,magicreckon=81..}] magicpoint 1",
                    "/scoreboard players add @a[scores={maxmagic=19,magicpoint=..57,magicreckon=81..}] magicpoint 1",
                    "/scoreboard players add @a[scores={maxmagic=20,magicpoint=..59,magicreckon=81..}] magicpoint 1",
                    "/execute at @a[scores={maxmagic=0,magicpoint=..19,magicreckon=81..}] run particle dec:magic_increase_particle ~~~",
                    "/execute at @a[scores={maxmagic=1,magicpoint=..21,magicreckon=81..}] run particle dec:magic_increase_particle ~~~",
                    "/execute at @a[scores={maxmagic=2,magicpoint=..23,magicreckon=81..}] run particle dec:magic_increase_particle ~~~",
                    "/execute at @a[scores={maxmagic=3,magicpoint=..25,magicreckon=81..}] run particle dec:magic_increase_particle ~~~",
                    "/execute at @a[scores={maxmagic=4,magicpoint=..27,magicreckon=81..}] run particle dec:magic_increase_particle ~~~",
                    "/execute at @a[scores={maxmagic=5,magicpoint=..29,magicreckon=81..}] run particle dec:magic_increase_particle ~~~",
                    "/execute at @a[scores={maxmagic=6,magicpoint=..31,magicreckon=81..}] run particle dec:magic_increase_particle ~~~",
                    "/execute at @a[scores={maxmagic=7,magicpoint=..33,magicreckon=81..}] run particle dec:magic_increase_particle ~~~",
                    "/execute at @a[scores={maxmagic=8,magicpoint=..35,magicreckon=81..}] run particle dec:magic_increase_particle ~~~",
                    "/execute at @a[scores={maxmagic=9,magicpoint=..37,magicreckon=81..}] run particle dec:magic_increase_particle ~~~",
                    "/execute at @a[scores={maxmagic=10,magicpoint=..39,magicreckon=81..}] run particle dec:magic_increase_particle ~~~",
                    "/execute at @a[scores={maxmagic=11,magicpoint=..41,magicreckon=81..}] run particle dec:magic_increase_particle ~~~",
                    "/execute at @a[scores={maxmagic=12,magicpoint=..43,magicreckon=81..}] run particle dec:magic_increase_particle ~~~",
                    "/execute at @a[scores={maxmagic=13,magicpoint=..45,magicreckon=81..}] run particle dec:magic_increase_particle ~~~",
                    "/execute at @a[scores={maxmagic=14,magicpoint=..47,magicreckon=81..}] run particle dec:magic_increase_particle ~~~",
                    "/execute at @a[scores={maxmagic=15,magicpoint=..49,magicreckon=81..}] run particle dec:magic_increase_particle ~~~",
                    "/execute at @a[scores={maxmagic=16,magicpoint=..51,magicreckon=81..}] run particle dec:magic_increase_particle ~~~",
                    "/execute at @a[scores={maxmagic=17,magicpoint=..53,magicreckon=81..}] run particle dec:magic_increase_particle ~~~",
                    "/execute at @a[scores={maxmagic=18,magicpoint=..55,magicreckon=81..}] run particle dec:magic_increase_particle ~~~",
                    "/execute at @a[scores={maxmagic=19,magicpoint=..57,magicreckon=81..}] run particle dec:magic_increase_particle ~~~",
                    "/execute at @a[scores={maxmagic=20,magicpoint=..59,magicreckon=81..}] run particle dec:magic_increase_particle ~~~"
                ],
                "0.625": [
                    "/scoreboard players add @a[scores={maxmagic=0,magicgain=2,magicpoint=..19,magicreckon=130}] magicpoint 1",
                    "/scoreboard players add @a[scores={maxmagic=1,magicgain=2,magicpoint=..21,magicreckon=130}] magicpoint 1",
                    "/scoreboard players add @a[scores={maxmagic=2,magicgain=2,magicpoint=..23,magicreckon=130}] magicpoint 1",
                    "/scoreboard players add @a[scores={maxmagic=3,magicgain=2,magicpoint=..25,magicreckon=130}] magicpoint 1",
                    "/scoreboard players add @a[scores={maxmagic=4,magicgain=2,magicpoint=..27,magicreckon=130}] magicpoint 1",
                    "/scoreboard players add @a[scores={maxmagic=5,magicgain=2,magicpoint=..29,magicreckon=130}] magicpoint 1",
                    "/scoreboard players add @a[scores={maxmagic=6,magicgain=2,magicpoint=..31,magicreckon=130}] magicpoint 1",
                    "/scoreboard players add @a[scores={maxmagic=7,magicgain=2,magicpoint=..33,magicreckon=130}] magicpoint 1",
                    "/scoreboard players add @a[scores={maxmagic=8,magicgain=2,magicpoint=..35,magicreckon=130}] magicpoint 1",
                    "/scoreboard players add @a[scores={maxmagic=9,magicgain=2,magicpoint=..37,magicreckon=130}] magicpoint 1",
                    "/scoreboard players add @a[scores={maxmagic=10,magicgain=2,magicpoint=..39,magicreckon=130}] magicpoint 1",
                    "/scoreboard players add @a[scores={maxmagic=11,magicgain=2,magicpoint=..41,magicreckon=130}] magicpoint 1",
                    "/scoreboard players add @a[scores={maxmagic=12,magicgain=2,magicpoint=..43,magicreckon=130}] magicpoint 1",
                    "/scoreboard players add @a[scores={maxmagic=13,magicgain=2,magicpoint=..45,magicreckon=130}] magicpoint 1",
                    "/scoreboard players add @a[scores={maxmagic=14,magicgain=2,magicpoint=..47,magicreckon=130}] magicpoint 1",
                    "/scoreboard players add @a[scores={maxmagic=15,magicgain=2,magicpoint=..49,magicreckon=130}] magicpoint 1",
                    "/scoreboard players add @a[scores={maxmagic=16,magicgain=2,magicpoint=..51,magicreckon=130}] magicpoint 1",
                    "/scoreboard players add @a[scores={maxmagic=17,magicgain=2,magicpoint=..53,magicreckon=130}] magicpoint 1",
                    "/scoreboard players add @a[scores={maxmagic=18,magicgain=2,magicpoint=..55,magicreckon=130}] magicpoint 1",
                    "/scoreboard players add @a[scores={maxmagic=19,magicgain=2,magicpoint=..57,magicreckon=130}] magicpoint 1",
                    "/scoreboard players add @a[scores={maxmagic=20,magicgain=2,magicpoint=..59,magicreckon=130}] magicpoint 1",
                    "/execute at @a[scores={maxmagic=0,magicgain=2,magicpoint=..19,magicreckon=130}] run particle dec:magic_increase_particle ~~~",
                    "/execute at @a[scores={maxmagic=1,magicgain=2,magicpoint=..21,magicreckon=130}] run particle dec:magic_increase_particle ~~~",
                    "/execute at @a[scores={maxmagic=2,magicgain=2,magicpoint=..23,magicreckon=130}] run particle dec:magic_increase_particle ~~~",
                    "/execute at @a[scores={maxmagic=3,magicgain=2,magicpoint=..25,magicreckon=130}] run particle dec:magic_increase_particle ~~~",
                    "/execute at @a[scores={maxmagic=4,magicgain=2,magicpoint=..27,magicreckon=130}] run particle dec:magic_increase_particle ~~~",
                    "/execute at @a[scores={maxmagic=5,magicgain=2,magicpoint=..29,magicreckon=130}] run particle dec:magic_increase_particle ~~~",
                    "/execute at @a[scores={maxmagic=6,magicgain=2,magicpoint=..31,magicreckon=130}] run particle dec:magic_increase_particle ~~~",
                    "/execute at @a[scores={maxmagic=7,magicgain=2,magicpoint=..33,magicreckon=130}] run particle dec:magic_increase_particle ~~~",
                    "/execute at @a[scores={maxmagic=8,magicgain=2,magicpoint=..35,magicreckon=130}] run particle dec:magic_increase_particle ~~~",
                    "/execute at @a[scores={maxmagic=9,magicgain=2,magicpoint=..37,magicreckon=130}] run particle dec:magic_increase_particle ~~~",
                    "/execute at @a[scores={maxmagic=10,magicgain=2,magicpoint=..39,magicreckon=130}] run particle dec:magic_increase_particle ~~~",
                    "/execute at @a[scores={maxmagic=11,magicgain=2,magicpoint=..41,magicreckon=130}] run particle dec:magic_increase_particle ~~~",
                    "/execute at @a[scores={maxmagic=12,magicgain=2,magicpoint=..43,magicreckon=130}] run particle dec:magic_increase_particle ~~~",
                    "/execute at @a[scores={maxmagic=13,magicgain=2,magicpoint=..45,magicreckon=130}] run particle dec:magic_increase_particle ~~~",
                    "/execute at @a[scores={maxmagic=14,magicgain=2,magicpoint=..47,magicreckon=130}] run particle dec:magic_increase_particle ~~~",
                    "/execute at @a[scores={maxmagic=15,magicgain=2,magicpoint=..49,magicreckon=130}] run particle dec:magic_increase_particle ~~~",
                    "/execute at @a[scores={maxmagic=16,magicgain=2,magicpoint=..51,magicreckon=130}] run particle dec:magic_increase_particle ~~~",
                    "/execute at @a[scores={maxmagic=17,magicgain=2,magicpoint=..53,magicreckon=130}] run particle dec:magic_increase_particle ~~~",
                    "/execute at @a[scores={maxmagic=18,magicgain=2,magicpoint=..55,magicreckon=130}] run particle dec:magic_increase_particle ~~~",
                    "/execute at @a[scores={maxmagic=19,magicgain=2,magicpoint=..57,magicreckon=130}] run particle dec:magic_increase_particle ~~~",
                    "/execute at @a[scores={maxmagic=20,magicgain=2,magicpoint=..59,magicreckon=130}] run particle dec:magic_increase_particle ~~~"
                ],
                "0.75": [
                    "/scoreboard players add @a[scores={maxmagic=0,magicpoint=..19,magicreckon=121..}] magicpoint 1",
                    "/scoreboard players add @a[scores={maxmagic=1,magicpoint=..21,magicreckon=121..}] magicpoint 1",
                    "/scoreboard players add @a[scores={maxmagic=2,magicpoint=..23,magicreckon=121..}] magicpoint 1",
                    "/scoreboard players add @a[scores={maxmagic=3,magicpoint=..25,magicreckon=121..}] magicpoint 1",
                    "/scoreboard players add @a[scores={maxmagic=4,magicpoint=..27,magicreckon=121..}] magicpoint 1",
                    "/scoreboard players add @a[scores={maxmagic=5,magicpoint=..29,magicreckon=121..}] magicpoint 1",
                    "/scoreboard players add @a[scores={maxmagic=6,magicpoint=..31,magicreckon=121..}] magicpoint 1",
                    "/scoreboard players add @a[scores={maxmagic=7,magicpoint=..33,magicreckon=121..}] magicpoint 1",
                    "/scoreboard players add @a[scores={maxmagic=8,magicpoint=..35,magicreckon=121..}] magicpoint 1",
                    "/scoreboard players add @a[scores={maxmagic=9,magicpoint=..37,magicreckon=121..}] magicpoint 1",
                    "/scoreboard players add @a[scores={maxmagic=10,magicpoint=..39,magicreckon=121..}] magicpoint 1",
                    "/scoreboard players add @a[scores={maxmagic=11,magicpoint=..41,magicreckon=121..}] magicpoint 1",
                    "/scoreboard players add @a[scores={maxmagic=12,magicpoint=..43,magicreckon=121..}] magicpoint 1",
                    "/scoreboard players add @a[scores={maxmagic=13,magicpoint=..45,magicreckon=121..}] magicpoint 1",
                    "/scoreboard players add @a[scores={maxmagic=14,magicpoint=..47,magicreckon=121..}] magicpoint 1",
                    "/scoreboard players add @a[scores={maxmagic=15,magicpoint=..49,magicreckon=121..}] magicpoint 1",
                    "/scoreboard players add @a[scores={maxmagic=16,magicpoint=..51,magicreckon=121..}] magicpoint 1",
                    "/scoreboard players add @a[scores={maxmagic=17,magicpoint=..53,magicreckon=121..}] magicpoint 1",
                    "/scoreboard players add @a[scores={maxmagic=18,magicpoint=..55,magicreckon=121..}] magicpoint 1",
                    "/scoreboard players add @a[scores={maxmagic=19,magicpoint=..57,magicreckon=121..}] magicpoint 1",
                    "/scoreboard players add @a[scores={maxmagic=20,magicpoint=..59,magicreckon=121..}] magicpoint 1",
                    "/execute at @a[scores={maxmagic=0,magicpoint=..19,magicreckon=121..}] run particle dec:magic_increase_particle ~~~",
                    "/execute at @a[scores={maxmagic=1,magicpoint=..21,magicreckon=121..}] run particle dec:magic_increase_particle ~~~",
                    "/execute at @a[scores={maxmagic=2,magicpoint=..23,magicreckon=121..}] run particle dec:magic_increase_particle ~~~",
                    "/execute at @a[scores={maxmagic=3,magicpoint=..25,magicreckon=121..}] run particle dec:magic_increase_particle ~~~",
                    "/execute at @a[scores={maxmagic=4,magicpoint=..27,magicreckon=121..}] run particle dec:magic_increase_particle ~~~",
                    "/execute at @a[scores={maxmagic=5,magicpoint=..29,magicreckon=121..}] run particle dec:magic_increase_particle ~~~",
                    "/execute at @a[scores={maxmagic=6,magicpoint=..31,magicreckon=121..}] run particle dec:magic_increase_particle ~~~",
                    "/execute at @a[scores={maxmagic=7,magicpoint=..33,magicreckon=121..}] run particle dec:magic_increase_particle ~~~",
                    "/execute at @a[scores={maxmagic=8,magicpoint=..35,magicreckon=121..}] run particle dec:magic_increase_particle ~~~",
                    "/execute at @a[scores={maxmagic=9,magicpoint=..37,magicreckon=121..}] run particle dec:magic_increase_particle ~~~",
                    "/execute at @a[scores={maxmagic=10,magicpoint=..39,magicreckon=121..}] run particle dec:magic_increase_particle ~~~",
                    "/execute at @a[scores={maxmagic=11,magicpoint=..41,magicreckon=121..}] run particle dec:magic_increase_particle ~~~",
                    "/execute at @a[scores={maxmagic=12,magicpoint=..43,magicreckon=121..}] run particle dec:magic_increase_particle ~~~",
                    "/execute at @a[scores={maxmagic=13,magicpoint=..45,magicreckon=121..}] run particle dec:magic_increase_particle ~~~",
                    "/execute at @a[scores={maxmagic=14,magicpoint=..47,magicreckon=121..}] run particle dec:magic_increase_particle ~~~",
                    "/execute at @a[scores={maxmagic=15,magicpoint=..49,magicreckon=121..}] run particle dec:magic_increase_particle ~~~",
                    "/execute at @a[scores={maxmagic=16,magicpoint=..51,magicreckon=121..}] run particle dec:magic_increase_particle ~~~",
                    "/execute at @a[scores={maxmagic=17,magicpoint=..53,magicreckon=121..}] run particle dec:magic_increase_particle ~~~",
                    "/execute at @a[scores={maxmagic=18,magicpoint=..55,magicreckon=121..}] run particle dec:magic_increase_particle ~~~",
                    "/execute at @a[scores={maxmagic=19,magicpoint=..57,magicreckon=121..}] run particle dec:magic_increase_particle ~~~",
                    "/execute at @a[scores={maxmagic=20,magicpoint=..59,magicreckon=121..}] run particle dec:magic_increase_particle ~~~"
                ],
                "0.875": [
                    "/scoreboard players add @a[scores={maxmagic=0,magicgain=2,magicpoint=..19,magicreckon=130}] magicpoint 1",
                    "/scoreboard players add @a[scores={maxmagic=1,magicgain=2,magicpoint=..21,magicreckon=130}] magicpoint 1",
                    "/scoreboard players add @a[scores={maxmagic=2,magicgain=2,magicpoint=..23,magicreckon=130}] magicpoint 1",
                    "/scoreboard players add @a[scores={maxmagic=3,magicgain=2,magicpoint=..25,magicreckon=130}] magicpoint 1",
                    "/scoreboard players add @a[scores={maxmagic=4,magicgain=2,magicpoint=..27,magicreckon=130}] magicpoint 1",
                    "/scoreboard players add @a[scores={maxmagic=5,magicgain=2,magicpoint=..29,magicreckon=130}] magicpoint 1",
                    "/scoreboard players add @a[scores={maxmagic=6,magicgain=2,magicpoint=..31,magicreckon=130}] magicpoint 1",
                    "/scoreboard players add @a[scores={maxmagic=7,magicgain=2,magicpoint=..33,magicreckon=130}] magicpoint 1",
                    "/scoreboard players add @a[scores={maxmagic=8,magicgain=2,magicpoint=..35,magicreckon=130}] magicpoint 1",
                    "/scoreboard players add @a[scores={maxmagic=9,magicgain=2,magicpoint=..37,magicreckon=130}] magicpoint 1",
                    "/scoreboard players add @a[scores={maxmagic=10,magicgain=2,magicpoint=..39,magicreckon=130}] magicpoint 1",
                    "/scoreboard players add @a[scores={maxmagic=11,magicgain=2,magicpoint=..41,magicreckon=130}] magicpoint 1",
                    "/scoreboard players add @a[scores={maxmagic=12,magicgain=2,magicpoint=..43,magicreckon=130}] magicpoint 1",
                    "/scoreboard players add @a[scores={maxmagic=13,magicgain=2,magicpoint=..45,magicreckon=130}] magicpoint 1",
                    "/scoreboard players add @a[scores={maxmagic=14,magicgain=2,magicpoint=..47,magicreckon=130}] magicpoint 1",
                    "/scoreboard players add @a[scores={maxmagic=15,magicgain=2,magicpoint=..49,magicreckon=130}] magicpoint 1",
                    "/scoreboard players add @a[scores={maxmagic=16,magicgain=2,magicpoint=..51,magicreckon=130}] magicpoint 1",
                    "/scoreboard players add @a[scores={maxmagic=17,magicgain=2,magicpoint=..53,magicreckon=130}] magicpoint 1",
                    "/scoreboard players add @a[scores={maxmagic=18,magicgain=2,magicpoint=..55,magicreckon=130}] magicpoint 1",
                    "/scoreboard players add @a[scores={maxmagic=19,magicgain=2,magicpoint=..57,magicreckon=130}] magicpoint 1",
                    "/scoreboard players add @a[scores={maxmagic=20,magicgain=2,magicpoint=..59,magicreckon=130}] magicpoint 1",
                    "/execute at @a[scores={maxmagic=0,magicgain=2,magicpoint=..19,magicreckon=130}] run particle dec:magic_increase_particle ~~~",
                    "/execute at @a[scores={maxmagic=1,magicgain=2,magicpoint=..21,magicreckon=130}] run particle dec:magic_increase_particle ~~~",
                    "/execute at @a[scores={maxmagic=2,magicgain=2,magicpoint=..23,magicreckon=130}] run particle dec:magic_increase_particle ~~~",
                    "/execute at @a[scores={maxmagic=3,magicgain=2,magicpoint=..25,magicreckon=130}] run particle dec:magic_increase_particle ~~~",
                    "/execute at @a[scores={maxmagic=4,magicgain=2,magicpoint=..27,magicreckon=130}] run particle dec:magic_increase_particle ~~~",
                    "/execute at @a[scores={maxmagic=5,magicgain=2,magicpoint=..29,magicreckon=130}] run particle dec:magic_increase_particle ~~~",
                    "/execute at @a[scores={maxmagic=6,magicgain=2,magicpoint=..31,magicreckon=130}] run particle dec:magic_increase_particle ~~~",
                    "/execute at @a[scores={maxmagic=7,magicgain=2,magicpoint=..33,magicreckon=130}] run particle dec:magic_increase_particle ~~~",
                    "/execute at @a[scores={maxmagic=8,magicgain=2,magicpoint=..35,magicreckon=130}] run particle dec:magic_increase_particle ~~~",
                    "/execute at @a[scores={maxmagic=9,magicgain=2,magicpoint=..37,magicreckon=130}] run particle dec:magic_increase_particle ~~~",
                    "/execute at @a[scores={maxmagic=10,magicgain=2,magicpoint=..39,magicreckon=130}] run particle dec:magic_increase_particle ~~~",
                    "/execute at @a[scores={maxmagic=11,magicgain=2,magicpoint=..41,magicreckon=130}] run particle dec:magic_increase_particle ~~~",
                    "/execute at @a[scores={maxmagic=12,magicgain=2,magicpoint=..43,magicreckon=130}] run particle dec:magic_increase_particle ~~~",
                    "/execute at @a[scores={maxmagic=13,magicgain=2,magicpoint=..45,magicreckon=130}] run particle dec:magic_increase_particle ~~~",
                    "/execute at @a[scores={maxmagic=14,magicgain=2,magicpoint=..47,magicreckon=130}] run particle dec:magic_increase_particle ~~~",
                    "/execute at @a[scores={maxmagic=15,magicgain=2,magicpoint=..49,magicreckon=130}] run particle dec:magic_increase_particle ~~~",
                    "/execute at @a[scores={maxmagic=16,magicgain=2,magicpoint=..51,magicreckon=130}] run particle dec:magic_increase_particle ~~~",
                    "/execute at @a[scores={maxmagic=17,magicgain=2,magicpoint=..53,magicreckon=130}] run particle dec:magic_increase_particle ~~~",
                    "/execute at @a[scores={maxmagic=18,magicgain=2,magicpoint=..55,magicreckon=130}] run particle dec:magic_increase_particle ~~~",
                    "/execute at @a[scores={maxmagic=19,magicgain=2,magicpoint=..57,magicreckon=130}] run particle dec:magic_increase_particle ~~~",
                    "/execute at @a[scores={maxmagic=20,magicgain=2,magicpoint=..59,magicreckon=130}] run particle dec:magic_increase_particle ~~~"
                ],
                "0.999999999": [
                    "/scoreboard players add @a[scores={maxmagic=0,magicpoint=..19,magicreckon=41..}] magicpoint 1",
                    "/scoreboard players add @a[scores={maxmagic=1,magicpoint=..21,magicreckon=41..}] magicpoint 1",
                    "/scoreboard players add @a[scores={maxmagic=2,magicpoint=..23,magicreckon=41..}] magicpoint 1",
                    "/scoreboard players add @a[scores={maxmagic=3,magicpoint=..25,magicreckon=41..}] magicpoint 1",
                    "/scoreboard players add @a[scores={maxmagic=4,magicpoint=..27,magicreckon=41..}] magicpoint 1",
                    "/scoreboard players add @a[scores={maxmagic=5,magicpoint=..29,magicreckon=41..}] magicpoint 1",
                    "/scoreboard players add @a[scores={maxmagic=6,magicpoint=..31,magicreckon=41..}] magicpoint 1",
                    "/scoreboard players add @a[scores={maxmagic=7,magicpoint=..33,magicreckon=41..}] magicpoint 1",
                    "/scoreboard players add @a[scores={maxmagic=8,magicpoint=..35,magicreckon=41..}] magicpoint 1",
                    "/scoreboard players add @a[scores={maxmagic=9,magicpoint=..37,magicreckon=41..}] magicpoint 1",
                    "/scoreboard players add @a[scores={maxmagic=10,magicpoint=..39,magicreckon=41..}] magicpoint 1",
                    "/scoreboard players add @a[scores={maxmagic=11,magicpoint=..41,magicreckon=41..}] magicpoint 1",
                    "/scoreboard players add @a[scores={maxmagic=12,magicpoint=..43,magicreckon=41..}] magicpoint 1",
                    "/scoreboard players add @a[scores={maxmagic=13,magicpoint=..45,magicreckon=41..}] magicpoint 1",
                    "/scoreboard players add @a[scores={maxmagic=14,magicpoint=..47,magicreckon=41..}] magicpoint 1",
                    "/scoreboard players add @a[scores={maxmagic=15,magicpoint=..49,magicreckon=41..}] magicpoint 1",
                    "/scoreboard players add @a[scores={maxmagic=16,magicpoint=..51,magicreckon=41..}] magicpoint 1",
                    "/scoreboard players add @a[scores={maxmagic=17,magicpoint=..53,magicreckon=41..}] magicpoint 1",
                    "/scoreboard players add @a[scores={maxmagic=18,magicpoint=..55,magicreckon=41..}] magicpoint 1",
                    "/scoreboard players add @a[scores={maxmagic=19,magicpoint=..57,magicreckon=41..}] magicpoint 1",
                    "/scoreboard players add @a[scores={maxmagic=20,magicpoint=..59,magicreckon=41..}] magicpoint 1",
                    "/execute at @a[scores={maxmagic=0,magicpoint=..19,magicreckon=41..}] run particle dec:magic_increase_particle ~~~",
                    "/execute at @a[scores={maxmagic=1,magicpoint=..21,magicreckon=41..}] run particle dec:magic_increase_particle ~~~",
                    "/execute at @a[scores={maxmagic=2,magicpoint=..23,magicreckon=41..}] run particle dec:magic_increase_particle ~~~",
                    "/execute at @a[scores={maxmagic=3,magicpoint=..25,magicreckon=41..}] run particle dec:magic_increase_particle ~~~",
                    "/execute at @a[scores={maxmagic=4,magicpoint=..27,magicreckon=41..}] run particle dec:magic_increase_particle ~~~",
                    "/execute at @a[scores={maxmagic=5,magicpoint=..29,magicreckon=41..}] run particle dec:magic_increase_particle ~~~",
                    "/execute at @a[scores={maxmagic=6,magicpoint=..31,magicreckon=41..}] run particle dec:magic_increase_particle ~~~",
                    "/execute at @a[scores={maxmagic=7,magicpoint=..33,magicreckon=41..}] run particle dec:magic_increase_particle ~~~",
                    "/execute at @a[scores={maxmagic=8,magicpoint=..35,magicreckon=41..}] run particle dec:magic_increase_particle ~~~",
                    "/execute at @a[scores={maxmagic=9,magicpoint=..37,magicreckon=41..}] run particle dec:magic_increase_particle ~~~",
                    "/execute at @a[scores={maxmagic=10,magicpoint=..39,magicreckon=41..}] run particle dec:magic_increase_particle ~~~",
                    "/execute at @a[scores={maxmagic=11,magicpoint=..41,magicreckon=41..}] run particle dec:magic_increase_particle ~~~",
                    "/execute at @a[scores={maxmagic=12,magicpoint=..43,magicreckon=41..}] run particle dec:magic_increase_particle ~~~",
                    "/execute at @a[scores={maxmagic=13,magicpoint=..45,magicreckon=41..}] run particle dec:magic_increase_particle ~~~",
                    "/execute at @a[scores={maxmagic=14,magicpoint=..47,magicreckon=41..}] run particle dec:magic_increase_particle ~~~",
                    "/execute at @a[scores={maxmagic=15,magicpoint=..49,magicreckon=41..}] run particle dec:magic_increase_particle ~~~",
                    "/execute at @a[scores={maxmagic=16,magicpoint=..51,magicreckon=41..}] run particle dec:magic_increase_particle ~~~",
                    "/execute at @a[scores={maxmagic=17,magicpoint=..53,magicreckon=41..}] run particle dec:magic_increase_particle ~~~",
                    "/execute at @a[scores={maxmagic=18,magicpoint=..55,magicreckon=41..}] run particle dec:magic_increase_particle ~~~",
                    "/execute at @a[scores={maxmagic=19,magicpoint=..57,magicreckon=41..}] run particle dec:magic_increase_particle ~~~",
                    "/execute at @a[scores={maxmagic=20,magicpoint=..59,magicreckon=41..}] run particle dec:magic_increase_particle ~~~"
                ]
            },
            "animation_length": 1,
            "loop": true
        }
    }
}