{
  "format_version": "1.8.0", 
  "animations": {
      "animation.shadow_soul_1": {
        "timeline": {
            "1": [
                "/effect @e[type=dec:entity_soul_1,c=1] strength 2 2",
                "/effect @e[type=dec:entity_soul_1,c=1] resistance 5 2"
            ],
            "2": [
                "/effect @e[type=dec:entity_soul_1,c=1] strength 2 2",
                "/effect @e[type=dec:entity_soul_1,c=1] resistance 5 2"
            ]
        }, 
        "animation_length": 2, 
        "loop": true
      }
   }
}