{
	"format_version": "1.8.0",
	"animations": {
		"animation.entity_soul.spawn": {
			"animation_length": 5,
			"bones": {
				"body": {
					"rotation": {
						"0.0": [0, 180, 0],
						"1.0": [0, 80.5, -10],
						"5.0": [0, 0, 0]
					},
					"position": {
						"0.0": [0, 5, 0],
						"4.5": [0, 0, 0],
						"5.0": [0, 0, 0]
					}
				},
				"head": {
					"rotation": {
						"0.0": [20, 0, 0],
						"1.0": [25.22, 0, 0],
						"1.5": [-137.5, 0, 52.5],
						"2.5": [-141.47, 0, 27.5],
						"4.2": [-140, 0, 52.5],
						"4.5": [12.5, 0, 12.5],
						"5.0": [0, 0, 0]
					}
				},
				"rightArm": {
					"rotation": {
						"0.0": [0, -12.5, 17.5],
						"0.5": [-118.75, 12.5, 8.75],
						"1.0": [-237.5, -27.5, 0],
						"3.0": [-348.33, 9.17, 10],
						"4.5": [-17.5, -10, 0],
						"5.0": [0, 0, 0]
					}
				},
				"leftArm": {
					"rotation": {
						"0.0": [-2.5, 5, -17.5],
						"0.5": [-120, -13.75, -8.75],
						"1.0": [-237.5, 27.5, 0],
						"3.0": [-324.17, -23.33, -27.5],
						"4.5": [-15, 7.5, 0],
						"5.0": [0, 0, 0]
					}
				},
				"rightLeg": {
					"rotation": {
						"0.0": [22.5, 0, 5],
						"1.5": [22.5, 0, 5],
						"2.0": [-7.5, 0, 5],
						"2.5": [0, 0, 5],
						"5.0": [0, 0, 0]
					}
				},
				"leftLeg": {
					"rotation": {
						"0.0": [7.5, 0, -5],
						"1.0": [0, 0, 0],
						"1.5": [5, 0, -0.5],
						"2.0": [-1.25, 0, -1],
						"2.5": [-0.5, 0, 0],
						"3.5": [0, 0, -2.5],
						"5.0": [0, 0, 0]
					}
				}
			}
		},
		"animation.entity_soul.summon": {
			"loop": true,
			"animation_length": 0.6,
			"bones": {
				"leftArm": {
					"rotation": {
						"0.0": [0, 35, 0],
						"0.12": [-62.5, 35, 0],
						"0.44": [-62.5, 35, 0],
						"0.6": [0, 0, 0]
					}
				}
			}
		},
		"animation.entity_soul.span": {
			"loop": true,
			"animation_length": 4.16,
			"bones": {
				"rightArm": {
					"rotation": {
						"0.0": [0, 0, 5],
						"2.08": [0, 0, 0],
						"4.16": [0, 0, 5]
					}
				},
				"leftArm": {
					"rotation": {
						"0.0": [0, 0, -2.5],
						"2.08": [0, 0, 0],
						"4.16": [0, 0, -2.5]
					}
				},
				"soul": {
					"rotation": {
						"0.0": [0, 0, 0],
						"4.16": [0, -360, 0]
					}
				},
				"soul1": {
					"position": {
						"0.0": [0, 0, 0],
						"1.04": [0, 20, 0],
						"3.12": [0, -20, 0],
						"4.16": [0, 0, 0]
					}
				},
				"soul2": {
					"position": {
						"0.0": [0, 0, 0],
						"1.04": [0, 20, 0],
						"3.12": [0, -20, 0],
						"4.16": [0, 0, 0]
					}
				},
				"soul3": {
					"position": {
						"0.0": [0, 0, 0],
						"1.04": [0, -20, 0],
						"3.12": [0, 20, 0],
						"4.16": [0, 0, 0]
					}
				},
				"soul4": {
					"position": {
						"0.0": [0, 0, 0],
						"1.04": [0, -20, 0],
						"3.12": [0, 20, 0],
						"4.16": [0, 0, 0]
					}
				}
			}
		},
		"animation.entity_soul.walk": {
			"loop": true,
			"animation_length": 1.12,
			"bones": {
				"rightArm": {
					"rotation": {
						"0.0": [0, 0, 0],
						"0.14": [-30, 0, 0],
						"0.42": [30, 0, 0],
						"0.56": [0, 0, 0]
					}
				},
				"leftArm": {
					"rotation": {
						"0.0": [0, 0, 0],
						"0.14": [30, 0, 0],
						"0.42": [-30, 0, 0],
						"0.56": [0, 0, 0]
					}
				},
				"rightLeg": {
					"rotation": {
						"0.0": [0, 0, 0],
						"0.14": [30, 0, 0],
						"0.42": [-30, 0, 0],
						"0.56": [0, 0, 0]
					}
				},
				"leftLeg": {
					"rotation": {
						"0.0": [0, 0, 0],
						"0.14": [-30, 0, 0],
						"0.42": [30, 0, 0],
						"0.56": [0, 0, 0]
					}
				}
			}
		},
		"animation.entity_soul.attack": {
			"loop": true,
			"animation_length": 0.48,
			"bones": {
				"rightArm": {
					"rotation": {
						"0.0": [0, 0, 0],
						"0.24": [-55, -20, 0],
						"0.48": [0, 0, 0]
					}
				}
			}
		}
	}
}