{
	"format_version": "1.8.0",
	"animations": {
		"animation.ghost_axe.spawn": {
			"animation_length": 0.66667,
			"bones": {
				"iron_axe": {
					"position": {
						"0.0": {
							"post": [0, 0, 0],
							"lerp_mode": "catmullrom"
						},
						"0.6667": {
							"post": [0, 0, 0],
							"lerp_mode": "catmullrom"
						}
					}
				}
			}
		},
		"animation.ghost_axe.move": {
			"loop": true,
			"animation_length": 0.625,
			"bones": {
				"iron_axe": {
					"rotation": {
						"0.0": {
							"post": [0, 0, 0],
							"lerp_mode": "catmullrom"
						},
						"0.1667": {
							"post": [0, 27.5, 0],
							"lerp_mode": "catmullrom"
						},
						"0.4583": {
							"post": [0, -27.5, 0],
							"lerp_mode": "catmullrom"
						},
						"0.625": {
							"post": [0, 0, 0],
							"lerp_mode": "catmullrom"
						}
					}
				}
			}
		},
		"animation.ghost_axe.attack": {
			"animation_length": 0.54167,
			"bones": {
				"iron_axe": {
					"rotation": {
						"0.0": {
							"post": [0, 0, 0],
							"lerp_mode": "catmullrom"
						},
						"0.125": {
							"post": [61.12784, 5.22593, 142.45584],
							"lerp_mode": "catmullrom"
						},
						"0.2917": {
							"post": [12.72223, -74.82212, 65.30145],
							"lerp_mode": "catmullrom"
						},
						"0.4583": {
							"post": [157.44097, -105.13036, -88.48154],
							"lerp_mode": "catmullrom"
						},
						"0.5417": {
							"post": [0, 0, 0],
							"lerp_mode": "catmullrom"
						}
					},
					"position": {
						"0.0": {
							"post": [0, 0, 0],
							"lerp_mode": "catmullrom"
						}
					}
				}
			}
		}
	}
}