{
	"format_version": "1.8.0",
	"animations": {
		"animation.murloc.swimming": {
			"loop": true,
			"animation_length": 0.96,
			"bones": {
				"body": {
					"rotation": {
						"0.0": [55, 0, 0],
						"0.48": [82.5, 0, 0],
						"0.96": [55, 0, 0]
					},
					"position": [0, -20, 0]
				},
				"head": {
					"rotation": [-22.5, 0, 0]
				},
				"bone": {
					"rotation": {
						"0.0": [20, 0, 0],
						"0.48": [-5, 0, 0],
						"0.96": [20, 0, 0]
					}
				},
				"bone2": {
					"rotation": {
						"0.0": [10, 0, 0],
						"0.24": [-16.25, 0, 0],
						"0.48": [-12.5, 0, 0],
						"0.68": [11.88, 0, 0],
						"0.96": [10, 0, 0]
					}
				},
				"bone3": {
					"rotation": {
						"0.0": [30, 0, 0],
						"0.24": [-11.25, 0, 0],
						"0.48": [-7.5, 0, 0],
						"0.68": [23.13, 0, 0],
						"0.96": [30, 0, 0]
					}
				}
			}
		},
		"animation.murloc.onland": {
			"loop": true,
			"animation_length": 0.44,
			"bones": {
				"body": {
					"rotation": {
						"0.0": [97.5, 0, 0],
						"0.24": [65, 0, 0],
						"0.44": [97.5, 0, 0]
					},
					"position": {
						"0.0": [0, -21, 0],
						"0.24": [0, -17, 0],
						"0.44": [0, -21, 0]
					}
				},
				"bone": {
					"rotation": {
						"0.0": [-12.5, 0, 0],
						"0.24": [15, 0, 0],
						"0.44": [-12.5, 0, 0]
					}
				},
				"bone2": {
					"rotation": {
						"0.0": [-15, 0, 0],
						"0.24": [27.5, 0, 0],
						"0.44": [-15, 0, 0]
					}
				},
				"bone3": {
					"rotation": {
						"0.0": [-10, 0, 0],
						"0.24": [15, 0, 0],
						"0.44": [-10, 0, 0]
					},
					"position": {
						"0.0": [0, 0, 0],
						"0.44": [0, 0, 0]
					}
				}
			}
		}
	}
}