{
  "format_version": "1.8.0",
  "minecraft:client_entity": {
    "description": {
      "identifier": "wb:ball_magic_stoneman_c",
      "materials": { "default": "skeleton" },
      "textures": {
        "default": "textures/wb/2_x/magic_stoneman"
      },
      "geometry": {
        "default": "geometry.ball_magic_stoneman_c"
      },
      "animations": {
      	"base":"animation.ball_magic_stoneman_c.base"
      },
      "animation_controllers": [
      	{ "base": "controller.animation.base.base" }
      ],
      "render_controllers": [ "controller.render.base" ]
    }
  }
}