{
  "format_version": "1.14",
  "minecraft:npc_dialogue": {
    "scenes": [{
        "scene_tag": "wb_base_help0",
        "npc_name": {
          "rawtext": [{
            "text": "???"
          }]
        },
        "text": {
          "rawtext": [{
            "translate": "dialog.wb.npc.plot.1"
          }]
        },
        "buttons": [{
          "name": {
            "rawtext": [{
              "text": "Next"
            }]
          },
          "commands": [
            "/dialogue open @e[c=1,type=wb:plot_talk_npc] @initiator wb_base_help1"
          ]
        }],
        "on_close_commands": []
      },
      {
        "scene_tag": "wb_base_help1",
        "npc_name": {
          "rawtext": [{
            "text": "???"
          }]
        },
        "text": {
          "rawtext": [{
            "translate": "dialog.wb.npc.plot.2"
          }]
        },
        "buttons": [{
          "name": {
            "rawtext": [{
              "translate": "dialog.wb.npc.plot.3"
            }]
          },
          "commands": [
            "/dialogue open @e[c=1,type=wb:plot_talk_npc] @initiator wb_base_help2"
          ]
        }],
        "on_close_commands": []
      },
      {
        "scene_tag": "wb_base_help2",
        "npc_name": {
          "rawtext": [{
            "text": "???"
          }]
        },
        "text": {
          "rawtext": [{
            "translate": "dialog.wb.npc.plot.4"
          }]
        },
        "buttons": [{
          "name": {
            "rawtext": [{
              "text": "Next"
            }]
          },
          "commands": [
            "/dialogue open @e[c=1,type=wb:plot_talk_npc] @initiator wb_base_help3"
          ]
        }],
        "on_close_commands": []
      },
      {
        "scene_tag": "wb_base_help3",
        "npc_name": {
          "rawtext": [{
            "text": "???"
          }]
        },
        "text": {
          "rawtext": [{
            "translate": "dialog.wb.npc.plot.5"
          }]
        },
        "buttons": [{
          "name": {
            "rawtext": [{
              "text": "Next"
            }]
          },
          "commands": [
            "/dialogue open @e[c=1,type=wb:plot_talk_npc] @initiator wb_base_help4"
          ]
        }],
        "on_close_commands": []
      },
      {
        "scene_tag": "wb_base_help4",
        "npc_name": {
          "rawtext": [{
            "text": "???"
          }]
        },
        "text": {
          "rawtext": [{
            "translate": "dialog.wb.npc.plot.6"
          }]
        },
        "buttons": [{
          "name": {
            "rawtext": [{
              "text": "Next"
            }]
          },
          "commands": [
            "/dialogue open @e[c=1,type=wb:plot_talk_npc] @initiator wb_base_help5"
          ]
        }],
        "on_close_commands": []
      },
      {
        "scene_tag": "wb_base_help5",
        "npc_name": {
          "rawtext": [{
            "text": "???"
          }]
        },
        "text": {
          "rawtext": [{
            "translate": "dialog.wb.npc.plot.7"
          }]
        },
        "buttons": [{
          "name": {
            "rawtext": [{
              "text": "Next"
            }]
          },
          "commands": [
            "/dialogue open @e[c=1,type=wb:plot_talk_npc] @initiator wb_base_help6"
          ]
        }],
        "on_close_commands": []
      },
      {
        "scene_tag": "wb_base_help6",
        "npc_name": {
          "rawtext": [{
            "text": "???"
          }]
        },
        "text": {
          "rawtext": [{
            "translate": "dialog.wb.npc.plot.8"
          }]
        },
        "buttons": [{
          "name": {
            "rawtext": [{
              "text": "Next"
            }]
          },
          "commands": [
            "/dialogue open @e[c=1,type=wb:plot_talk_npc] @initiator wb_base_help7"
          ]
        }],
        "on_close_commands": []
      },
      {
        "scene_tag": "wb_base_help7",
        "npc_name": {
          "rawtext": [{
            "text": "???"
          }]
        },
        "text": {
          "rawtext": [{
            "translate": "dialog.wb.npc.plot.9"
          }]
        },
        "buttons": [{
          "name": {
            "rawtext": [{
              "text": "Next"
            }]
          },
          "commands": [
            "/dialogue open @e[c=1,type=wb:plot_talk_npc] @initiator wb_base_help8"
          ]
        }],
        "on_close_commands": []
      },
      {
        "scene_tag": "wb_base_help8",
        "npc_name": {
          "rawtext": [{
            "text": "???"
          }]
        },
        "text": {
          "rawtext": [{
            "translate": "dialog.wb.npc.plot.10"
          }]
        },
        "buttons": [{
          "name": {
            "rawtext": [{
              "text": "Next"
            }]
          },
          "commands": [
            "/dialogue open @e[c=1,type=wb:plot_talk_npc] @initiator wb_base_help9"
          ]
        }],
        "on_close_commands": []
      },
      {
        "scene_tag": "wb_base_help9",
        "npc_name": {
          "rawtext": [{
            "text": "???"
          }]
        },
        "text": {
          "rawtext": [{
            "translate": "dialog.wb.npc.plot.11"
          }]
        },
        "buttons": [{
          "name": {
            "rawtext": [{
              "text": "Next"
            }]
          },
          "commands": [
            "/dialogue open @e[c=1,type=wb:plot_talk_npc] @initiator wb_base_help10"
          ]
        }],
        "on_close_commands": []
      },
      {
        "scene_tag": "wb_base_help10",
        "npc_name": {
          "rawtext": [{
            "text": "???"
          }]
        },
        "text": {
          "rawtext": [{
            "translate": "dialog.wb.npc.plot.12"
          }]
        },
        "buttons": [{
          "name": {
            "rawtext": [{
              "text": "Next"
            }]
          },
          "commands": [
            "/dialogue open @e[c=1,type=wb:plot_talk_npc] @initiator wb_base_help11"
          ]
        }],
        "on_close_commands": []
      },
      {
        "scene_tag": "wb_base_help11",
        "npc_name": {
          "rawtext": [{
            "text": "???"
          }]
        },
        "text": {
          "rawtext": [{
            "text": "…"
          }]
        },
        "buttons": [{
          "name": {
            "rawtext": [{
              "text": "Next"
            }]
          },
          "commands": [
            "/dialogue open @e[c=1,type=wb:plot_talk_npc] @initiator wb_base_help12"
          ]
        }],
        "on_close_commands": []
      },
      {
        "scene_tag": "wb_base_help12",
        "npc_name": {
          "rawtext": [{
            "text": "???"
          }]
        },
        "text": {
          "rawtext": [{
            "translate": "dialog.wb.npc.plot.13"
          }]
        },
        "buttons": [{
          "name": {
            "rawtext": [{
              "text": "Next"
            }]
          },
          "commands": [
            "/dialogue open @e[c=1,type=wb:plot_talk_npc] @initiator wb_base_help13"
          ]
        }],
        "on_close_commands": []
      },
      {
        "scene_tag": "wb_base_help13",
        "npc_name": {
          "rawtext": [{
            "text": "???"
          }]
        },
        "text": {
          "rawtext": [{
            "translate": "dialog.wb.npc.plot.14"
          }]
        },
        "buttons": [{
          "name": {
            "rawtext": [{
              "text": "Next"
            }]
          },
          "commands": [
            "/dialogue open @e[c=1,type=wb:plot_talk_npc] @initiator wb_base_help14"
          ]
        }],
        "on_close_commands": []
      },
      {
        "scene_tag": "wb_base_help14",
        "npc_name": {
          "rawtext": [{
            "text": "???"
          }]
        },
        "text": {
          "rawtext": [{
            "translate": "dialog.wb.npc.plot.15"
          }]
        },
        "buttons": [{
          "name": {
            "rawtext": [{
              "text": "Next"
            }]
          },
          "commands": [
            "/dialogue open @e[c=1,type=wb:plot_talk_npc] @initiator wb_base_help15"
          ]
        }],
        "on_close_commands": []
      },
      {
        "scene_tag": "wb_base_help15",
        "npc_name": {
          "rawtext": [{
            "text": "???"
          }]
        },
        "text": {
          "rawtext": [{
            "translate": "dialog.wb.npc.plot.16"
          }]
        },
        "buttons": [{
          "name": {
            "rawtext": [{
              "text": "Next"
            }]
          },
          "commands": [
            "/dialogue open @e[c=1,type=wb:plot_talk_npc] @initiator wb_base_help16"
          ]
        }],
        "on_close_commands": []
      },
      {
        "scene_tag": "wb_base_help16",
        "npc_name": {
          "rawtext": [{
            "text": "???"
          }]
        },
        "text": {
          "rawtext": [{
            "translate": "dialog.wb.npc.plot.17"
          }]
        },
        "buttons": [{
          "name": {
            "rawtext": [{
              "text": "Next"
            }]
          },
          "commands": [
            "/dialogue open @e[c=1,type=wb:plot_talk_npc] @initiator wb_base_help17"
          ]
        }],
        "on_close_commands": []
      },
      {
        "scene_tag": "wb_base_help17",
        "npc_name": {
          "rawtext": [{
            "text": "???"
          }]
        },
        "text": {
          "rawtext": [{
            "translate": "dialog.wb.npc.plot.18"
          }]
        },
        "buttons": [{
          "name": {
            "rawtext": [{
              "text": "Next"
            }]
          },
          "commands": [
            "/dialogue open @e[c=1,type=wb:plot_talk_npc] @initiator wb_base_help18"
          ]
        }],
        "on_close_commands": []
      },
      {
        "scene_tag": "wb_base_help18",
        "npc_name": {
          "rawtext": [{
            "text": "???"
          }]
        },
        "text": {
          "rawtext": [{
            "translate": "dialog.wb.npc.plot.19"
          }]
        },
        "buttons": [{
          "name": {
            "rawtext": [{
              "text": "Next"
            }]
          },
          "commands": [
            "/dialogue open @e[c=1,type=wb:plot_talk_npc] @initiator wb_base_help19"
          ]
        }],
        "on_close_commands": []
      },
      {
        "scene_tag": "wb_base_help19",
        "npc_name": {
          "rawtext": [{
            "text": "???"
          }]
        },
        "text": {
          "rawtext": [{
            "translate": "dialog.wb.npc.plot.20"
          }]
        },
        "buttons": [{
          "name": {
            "rawtext": [{
              "text": "Next"
            }]
          },
          "commands": [
            "/dialogue open @e[c=1,type=wb:plot_talk_npc] @initiator wb_base_help20"
          ]
        }],
        "on_close_commands": []
      },
      {
        "scene_tag": "wb_base_help20",
        "npc_name": {
          "rawtext": [{
            "text": "???"
          }]
        },
        "text": {
          "rawtext": [{
            "translate": "dialog.wb.npc.plot.21"
          }]
        },
        "buttons": [{
          "name": {
            "rawtext": [{
              "text": "Next"
            }]
          },
          "commands": [
            "/dialogue open @e[c=1,type=wb:plot_talk_npc] @initiator wb_base_help21"
          ]
        }],
        "on_close_commands": []
      },
      {
        "scene_tag": "wb_base_help21",
        "npc_name": {
          "rawtext": [{
            "text": "???"
          }]
        },
        "text": {
          "rawtext": [{
            "translate": "dialog.wb.npc.plot.22"
          }]
        },
        "buttons": [{
          "name": {
            "rawtext": [{
              "text": "Next"
            }]
          },
          "commands": [
            "/dialogue open @e[c=1,type=wb:plot_talk_npc] @initiator wb_base_help22"
          ]
        }],
        "on_close_commands": []
      },
      {
        "scene_tag": "wb_base_help22",
        "npc_name": {
          "rawtext": [{
            "text": "???"
          }]
        },
        "text": {
          "rawtext": [{
            "translate": "dialog.wb.npc.plot.23"
          }]
        },
        "buttons": [{
          "name": {
            "rawtext": [{
              "text": "Next"
            }]
          },
          "commands": [
            "/dialogue open @e[c=1,type=wb:plot_talk_npc] @initiator wb_base_help23"
          ]
        }],
        "on_close_commands": []
      },
      {
        "scene_tag": "wb_base_help23",
        "npc_name": {
          "rawtext": [{
            "text": "???"
          }]
        },
        "text": {
          "rawtext": [{
            "translate": "dialog.wb.npc.plot.24"
          }]
        },
        "buttons": [{
          "name": {
            "rawtext": [{
              "text": "Next"
            }]
          },
          "commands": [

            "/scoreboard players set @initiator wbnjqbf 0",
            "/kill @s"
          ]
        }],
        "on_close_commands": []
      }
    ]
  }
}