{
  "format_version": "1.8.0",
  "animation_controllers": {
    "controller.animation.intentions_second": {
      "states": {
        "default": {
            "on_entry":["/tag @s remove gj"],
           "transitions":[
               { "oo":"query.is_baby" }
              ]
        },
        "oo": {
          "on_entry":[
            "/tag @s add gj",
            "/effect @s invisibility 8 1 true",
            "/weather thunder 8",
          	"/titleraw @a[r=64] title {\"rawtext\":[{\"translate\":\"wb.boss.showname.jiniankuangxiang\"}]}"
           ],
           "transitions":[
               { "default":"!query.is_baby" }
            ]
        }
      }
    }
  }
}