{
  "format_version": "1.8.0", 
  "animations": {
      "animation.storm_giant_sword": {
        "timeline": {
            "0.5": [
                "/tag @s[scores={wbfl=3..}] add shot",
                "/execute at @s[scores={wbfl=3..}] run playsound item.book.put @a ~~~",
                "/scoreboard players remove @s[scores={wbfl=3..}] wbfl 3"
            ],
            "1.5": [
                "/tag @s[scores={wbfl=3..}] add shot",
                "/execute at @s[scores={wbfl=3..}] run playsound item.book.put @a ~~~",
                "/scoreboard players remove @s[scores={wbfl=3..}] wbfl 3"
            ]
        }, 
        "animation_length": 2, 
        "loop": true
      }
   }
}