{
  "format_version": "1.8.0",
  "animations": {
    "animation.plot.1_1": {
      "timeline": {
        "0.5": [
          "\/tellraw @a[r=14] {\"rawtext\":[{\"text\":\"§7这将会是你的路程的起点。\"}]}",
          "\/effect @a[r=14] blindness 15 15 true",
          "\/effect @a[r=14] slowness 15 255 true",
          "\/effect @a[r=14] resistance 15 255 true"
        ],
        "2.5": [
          "\/tellraw @a[r=14] {\"rawtext\":[{\"text\":\"§7你的路程...\"}]}"
        ],
        "5.0": [
          "\/tellraw @a[r=14] {\"rawtext\":[{\"text\":\"§7从此处开始。\"}]}"
        ],
        "7.5": [
          "\/tellraw @a[r=14] {\"rawtext\":[{\"text\":\"§6现在\"}]}"
        ],
        "8.5": [
          "\/tellraw @a[r=14] {\"rawtext\":[{\"text\":\"§6你的眼前一片漆黑。\"}]}"
        ],
        "9.5": [
          "\/tellraw @a[r=14] {\"rawtext\":[{\"text\":\"§6你感觉接下来发生的事情，会改变你的命运。\"}]}"
        ],
        "10.0": [
          "\/tellraw @a[r=14] {\"rawtext\":[{\"text\":\"§6但是你却怎么也想不起来。\"}]}"
        ],
        "11.0": [
          "\/tellraw @a[r=14] {\"rawtext\":[{\"text\":\"§6\"}]}"
        ],
        "12.0": [
          "\/tellraw @a[r=14] {\"rawtext\":[{\"text\":\"§6你感觉你的头突然很晕\"}]}",
          "\/effect @a[r=14] nausea 2 5 true"
        ],
        "13.0": [
          "\/tellraw @a[r=14] {\"rawtext\":[{\"text\":\"§6你感觉你必须赶紧离开这里。\n但是你却走不动一步。\"}]}"
        ],
        "14.0": [
          "\/tellraw @a[r=14] {\"rawtext\":[{\"text\":\"§6接着你就慢慢失去了意识…\"}]}"
        ],
        "14.5": [
          "\/tellraw @a[r=14] {\"rawtext\":[{\"text\":\"§6醒来的时候，你发现你躺在一片紫色的草地上。§c[系统提示]找到这一片紫色的草地(如果你实在找不到从物品栏拿出一块魔化草方块也行)，并把得到的[魔化草堆]放在魔化草方块上，并站上去。\"}]}",
          "\/give @a[r=14] wb:magic_forest_haystack 1"
        ]
      },
      "animation_length": 15,
      "loop": false
    }
  }
}