{
	"format_version": "1.8.0",
	"animations": {
		"animation.king_of_pillager.move": {
			"loop": true,
			"animation_length": 0.8,
			"bones": {
				"leftLeg": {
					"rotation": {
						"0.0": [0, 0, 0],
						"0.2": [40, 0, 0],
						"0.6": [-40, 0, 0],
						"0.8": [0, 0, 0]
					}
				},
				"rightLeg": {
					"rotation": {
						"0.0": [0, 0, 0],
						"0.2": [-40, 0, 0],
						"0.6": [40, 0, 0],
						"0.8": [0, 0, 0]
					}
				},
				"rightarm": {
					"rotation": {
						"0.0": [0, 0, 0],
						"0.2": [40, 0, 0],
						"0.6": [-40, 0, 0],
						"0.8": [0, 0, 0]
					}
				},
				"leftarm": {
					"rotation": {
						"0.0": [0, 0, 0],
						"0.2": [-40, 0, 0],
						"0.6": [40, 0, 0],
						"0.8": [0, 0, 0]
					}
				}
			}
		},
		"animation.king_of_pillager.attack": {
			"loop": true,
			"animation_length": 0.52,
			"bones": {
				"body": {
					"rotation": {
						"0.0": {
							"post": [0, 0, 0],
							"lerp_mode": "catmullrom"
						},
						"0.16": {
							"post": [30, 0, 0],
							"lerp_mode": "catmullrom"
						},
						"0.4": {
							"post": [30, 0, 0],
							"lerp_mode": "catmullrom"
						},
						"0.52": {
							"post": [0, 0, 0],
							"lerp_mode": "catmullrom"
						}
					}
				},
				"head": {
					"rotation": {
						"0.0": {
							"post": [0, 0, 0],
							"lerp_mode": "catmullrom"
						},
						"0.16": {
							"post": [-25, 0, 0],
							"lerp_mode": "catmullrom"
						},
						"0.4": {
							"post": [-25, 0, 0],
							"lerp_mode": "catmullrom"
						},
						"0.52": {
							"post": [0, 0, 0],
							"lerp_mode": "catmullrom"
						}
					}
				},
				"rightLeg": {
					"rotation": {
						"0.0": {
							"post": [0, 0, 0],
							"lerp_mode": "catmullrom"
						},
						"0.16": {
							"post": [-47.5, 0, 0],
							"lerp_mode": "catmullrom"
						},
						"0.4": {
							"post": [-47.5, 0, 0],
							"lerp_mode": "catmullrom"
						},
						"0.52": {
							"post": [0, 0, 0],
							"lerp_mode": "catmullrom"
						}
					}
				},
				"rightarm": {
					"rotation": {
						"0.0": {
							"post": [0, 0, 0],
							"lerp_mode": "catmullrom"
						},
						"0.16": {
							"post": [-57.5, 0, 0],
							"lerp_mode": "catmullrom"
						},
						"0.4": {
							"post": [-57.5, 0, 0],
							"lerp_mode": "catmullrom"
						},
						"0.52": {
							"post": [0, 0, 0],
							"lerp_mode": "catmullrom"
						}
					}
				},
				"leftarm": {
					"rotation": {
						"0.0": {
							"post": [0, 0, 0],
							"lerp_mode": "catmullrom"
						},
						"0.16": {
							"post": [22.5, 0, 0],
							"lerp_mode": "catmullrom"
						},
						"0.4": {
							"post": [22.5, 0, 0],
							"lerp_mode": "catmullrom"
						},
						"0.52": {
							"post": [0, 0, 0],
							"lerp_mode": "catmullrom"
						}
					}
				}
			}
		},
		"animation.king_of_pillager.summon": {
			"loop": true,
			"animation_length": 2,
			"bones": {
				"leftarm": {
					"rotation": {
						"0.0": [0, 0, 0],
						"1.76": [-180, 0, 12.5],
						"2.0": [0, 0, 0]
					}
				}
			}
		},
		"animation.king_of_pillager.spawn": {
			"animation_length": 5,
			"bones": {
				"waist": {
					"position": {
						"0.0": {
							"post": [0, 32, 0],
							"lerp_mode": "catmullrom"
						},
						"0.28": {
							"post": [0, 0, 0],
							"lerp_mode": "catmullrom"
						},
						"0.88": {
							"post": [0, 0, 0],
							"lerp_mode": "catmullrom"
						},
						"5.0": {
							"post": [0, 0, 0],
							"lerp_mode": "catmullrom"
						}
					},
					"scale": {
						"0.0": {
							"post": [0, 0, 0],
							"lerp_mode": "catmullrom"
						},
						"0.28": {
							"post": [1, 1, 1],
							"lerp_mode": "catmullrom"
						},
						"0.88": {
							"post": [1, 1, 1],
							"lerp_mode": "catmullrom"
						},
						"5.0": {
							"post": [1, 1, 1],
							"lerp_mode": "catmullrom"
						}
					}
				},
				"head": {
					"rotation": {
						"0.88": {
							"post": [0, 0, 0],
							"lerp_mode": "catmullrom"
						},
						"1.04": {
							"post": [30, 0, 0],
							"lerp_mode": "catmullrom"
						},
						"1.24": {
							"post": [10, 0, 0],
							"lerp_mode": "catmullrom"
						},
						"1.44": {
							"post": [30, 0, 0],
							"lerp_mode": "catmullrom"
						},
						"1.64": {
							"post": [10, 0, 0],
							"lerp_mode": "catmullrom"
						},
						"1.84": {
							"post": [30, 0, 0],
							"lerp_mode": "catmullrom"
						},
						"2.04": {
							"post": [10, 0, 0],
							"lerp_mode": "catmullrom"
						},
						"2.24": {
							"post": [30, 0, 0],
							"lerp_mode": "catmullrom"
						},
						"2.44": {
							"post": [10, 0, 0],
							"lerp_mode": "catmullrom"
						},
						"2.64": {
							"post": [30, 0, 0],
							"lerp_mode": "catmullrom"
						},
						"2.84": {
							"post": [10, 0, 0],
							"lerp_mode": "catmullrom"
						},
						"3.04": {
							"post": [30, 0, 0],
							"lerp_mode": "catmullrom"
						},
						"3.24": {
							"post": [10, 0, 0],
							"lerp_mode": "catmullrom"
						},
						"3.44": {
							"post": [30, 0, 0],
							"lerp_mode": "catmullrom"
						},
						"3.64": {
							"post": [10, 0, 0],
							"lerp_mode": "catmullrom"
						},
						"3.84": {
							"post": [30, 0, 0],
							"lerp_mode": "catmullrom"
						},
						"4.04": {
							"post": [10, 0, 0],
							"lerp_mode": "catmullrom"
						},
						"4.24": {
							"post": [30, 0, 0],
							"lerp_mode": "catmullrom"
						},
						"5.0": {
							"post": [0, 0, 0],
							"lerp_mode": "catmullrom"
						}
					}
				},
				"rightarm": {
					"rotation": {
						"0.88": {
							"post": [0, 0, 0],
							"lerp_mode": "catmullrom"
						},
						"1.04": {
							"post": [-142.5, 0, 5],
							"lerp_mode": "catmullrom"
						},
						"4.6": {
							"post": [-142.5, 0, 5],
							"lerp_mode": "catmullrom"
						},
						"5.0": {
							"post": [0, 0, 0],
							"lerp_mode": "catmullrom"
						}
					}
				},
				"leftarm": {
					"rotation": {
						"0.88": {
							"post": [0, 0, 0],
							"lerp_mode": "catmullrom"
						},
						"1.04": {
							"post": [-142.5, 0, -5],
							"lerp_mode": "catmullrom"
						},
						"4.6": {
							"post": [-142.5, 0, -5],
							"lerp_mode": "catmullrom"
						},
						"5.0": {
							"post": [0, 0, 0],
							"lerp_mode": "catmullrom"
						}
					}
				}
			}
		}
	}
}