{
    "format_version": "1.10.0",
    "minecraft:entity": {
        "description": {
            "identifier": "takile:havoc_baby_egg",
            "is_spawnable": true,
            "is_summonable": true,
            "is_experimental": false,
            "runtime_identifier": "takile:havoc_baby_egg"
        },
        "component_groups": {
            "to": {
                "minecraft:transformation": {
                    "into": "takile:havoc_monster<minecraft:entity_spawned>"
                }
            },
            "up2": {
                "minecraft:scale":{
                    "value": 2
                },
                "minecraft:variant":{
                    "value": 1
                },
                "minecraft:timer": {
                    "looping": false,
                    "time": 120,
                    "time_down_event": {
                        "event": "to"
                    }
                }
            },
            "up1": {
                "minecraft:timer": {
                    "looping": false,
                    "time": 120,
                    "time_down_event": {
                        "event": "up2"
                    }
                },
                "minecraft:ageable": {
                    "duration": 20000,
                    "feed_items": "amethyst_cluster",
                    "grow_up": {
                        "event": "up2",
                        "target": "self"
                    }
                },
                "minecraft:scale_by_age": {
                    "start_scale": 1,
                    "end_scale": 2
                }

            }
        },
        "components": {
            "minecraft:physics": {},
            "minecraft:damage_sensor": {
                "triggers": {
                    "cause": "all",
                    "deals_damage": false
                }
            },
            "minecraft:loot": {
                "table": "loot_tables/havoc.json"
            },
            "minecraft:interact": {
                "on_interact": {
                    "filters": {
                        "all_of": [{
                                "test": "is_family",
                                "subject": "other",
                                "value": "player"
                            },
                            {
                                "test": "has_equipment",
                                "domain": "hand",
                                "subject": "other",
                                "value": "netherite_pickaxe"
                            }
                        ]
                    },
                    "event": "to_egg",
                    "target": "self"
                },
                "hurt_item": 1,
                "interact_text": "破坏"
            },
            "minecraft:type_family": {
                "family": [
                    "pet",
                    "havoc"
                ]
            },
            "minecraft:breathable": {
                "totalSupply": 15,
                "suffocateTime": 0,
                "breathes_air": true,
                "breathes_water": true
            },
            "minecraft:navigation.walk": {},
            "minecraft:movement.basic": {},
            "minecraft:jump.static": {},
            "minecraft:behavior.random_stroll": {
                "priority": 6,
                "speed_multiplier": 0.6
            },
            "minecraft:can_climb": {},
            "minecraft:underwater_movement": {
                "value": 0
            },
            "minecraft:collision_box": {
                "width": 0.3,
                "height": 1
            },
            "minecraft:behavior.float": {
                "priority": 0
            },
            "minecraft:nameable": {},
            "minecraft:health": {
                "value": 765,
                "max": 765
            },
            "minecraft:movement": {
                "value": 0.0
            },
            "minecraft:behavior.random_look_around": {
                "priority": 11
            }
        },
        "events": {
            "minecraft:entity_spawned": {
                "add": {
                    "component_groups": ["up1"]
                }
            },
            "minecraft:entity_transformed": {
                "add": {
                    "component_groups": ["up1"]
                }
            },
            "to": {
                "add": {
                    "component_groups": ["to"]
                }
            },
            "up2": {
                "remove": {
                    "component_groups": ["up1"]
                },
                "add": {
                    "component_groups": ["up2"]
                }
            },
            "to_egg": {
                "run_command": {
                    "command": [
                        "kill"
                    ],
                    "target": "self"
                }
            }
        }
    }
}