{
    "format_version":"1.8.0",
	"geometry.g": {
	"texturewidth": 64,
	"textureheight": 64,
	"bones": [
	 {
	  "name": "body",
	  "pivot": [ 0.0, 24.0, 0.0 ],
	  "cubes": [
	   {
	    "inflate": 0.001,
	    "origin": [ -4.0, 12.0, -2.0 ],
	    "size": [ 8, 12, 4],
	    "uv": [ 16, 16 ]
	   },
	   	{
	   	"inflate": 0.5,
	    "origin": [ -4.0, 12.0, -2.0 ],
	    "size": [ 8, 12, 4],
	    "uv": [ 16, 32 ]
	   }
	  ]
	},
	 {
	  "name": "leftArm",
	  "pivot": [ 5.0, 22.0, 0.0 ],
	  "locators": {
          "left_par": [ 5.0, 11.0, 0.0 ]
      },
	  "cubes": [
	   {
	     "inflate": 0.001,
	    "origin": [ 4.0, 12.0, -2.0 ],
	    "size": [ 4, 12, 4],
	    "uv": [ 32, 48 ]
	   },
	   {
	   	"inflate": 0.5,
	    "origin": [ 4.0, 12.0, -2.0 ],
	    "size": [ 4, 12, 4],
	    "uv": [ 48, 48 ]
	   }
	  ]
	},
	 {
	  "name": "rightArm",
	  "locators": {
          "right_par": [ -5.0, 11.0, 0.0 ]
      },
	  "pivot": [ -5.0, 22.0, 0.0 ],
	  "cubes": [
	   {
	     "inflate": 0.001,
	    "origin": [ -8.0, 12.0, -2.0 ],
	    "size": [ 4, 12, 4],
	    "uv": [ 40, 16 ]
	   },
	   	{
	   	"inflate": 0.5,
	    "origin": [ -8.0, 12.0, -2.0 ],
	    "size": [ 4, 12, 4],
	    "uv": [ 40, 32 ]
	   }
	  ]
	},
	 {
	  "inflate": 0.001,
	  "name": "leftLeg",
	  "pivot": [ 1.9, 12.0, 0.0 ],
	  "cubes": [
	   {
	    "origin": [ -0.1, 0.0, -2.0 ],
	    "size": [ 4, 12, 4],
	    "uv": [ 16, 48 ]
	   },
	   {
	    "inflate": 0.5,
	    "origin": [ -0.1, 0.0, -2.0 ],
	    "size": [ 4, 12, 4],
	    "uv": [ 0, 48 ]
	   }
	  ]
	},
    {
	  "name": "rightLeg",
	  "pivot": [ -1.9, 12.0, 0.0 ],
	  "cubes": [
	   {
	    "inflate": 0.001,
	    "origin": [ -3.9, 0.0, -2.0 ],
	    "size": [ 4, 12, 4],
	    "uv": [ 0, 16 ]
	   },
	   {
	   	"inflate": 0.5,
	    "origin": [ -3.9, 0.0, -2.0 ],
	    "size": [ 4, 12, 4],
	    "uv": [ 0, 32 ]
	   }
	  ]
	},
	 {
	  "name": "head",
	  "pivot": [ 0.0, 24.0, 0.0 ],
	  "cubes": [
	   {
	   	 "inflate": 0.001,
	    "origin": [ -4.0, 24.0, -4.0 ],
	    "size": [ 8, 8, 8],
	    "uv": [ 0, 0 ]
	   },
	   {
	   	"inflate": 0.5,
	    "origin": [ -4.0, 24.0, -4.0 ],
	    "size": [ 8, 8, 8],
	    "uv": [ 32, 0 ]
	   }
	  ]
	}
  ]
 }
}