{
  "format_version": "1.16.100",
  "minecraft:item": {
    "description": {
      "category": "equipment",
      "identifier": "takile:havoc_skill_meltdown"
    },
    "components": {
      "minecraft:render_offsets": {
        "main_hand": {
          "first_person": {
            "scale": [0.01,0.01,0.01]
          },
          "third_person": {
            "position": [0.45,1.6,-0.7],
            "scale": [0.03125,0.03125,0.03125]
          }
        },
        "off_hand": {
          "first_person": {
            "position": [0,0,0],
            "rotation": [0,0,0],
            "scale": [0,0,0]
          },
          "third_person": {
            "position": [0,0,0],
            "rotation": [0,0,0],
            "scale": [0,0,0]
          }
        }
      },
      "minecraft:on_use": {
        "on_use": {
          "event": "attack"
        }
      },
      "minecraft:creative_category": {
        "parent": "itemGroup.name.navigation"
      },
      "minecraft:use_duration": 30000,
      "minecraft:cooldown": {
        "category": "meltdown",
        "duration": 90
      },
      "minecraft:display_name": {},
      "minecraft:icon": {
        "texture": "havoc_skill_meltdown"
      },
      "minecraft:foil": false,
      "minecraft:stacked_by_data": false,
      "minecraft:max_stack_size": 1
    },
    "events": {
      "attack": {
        "run_command": {
          "command": [
            "event entity @e[r=16,type=takile:havoc_monster,tag=!skill_void] command:meltdown_5",
            "event entity @e[r=16,type=takile:havoc_monster,tag=!skill_void] command:meltdown_4",
            "event entity @e[r=16,type=takile:havoc_monster,tag=!skill_void] command:meltdown_3",
            "event entity @e[r=16,type=takile:havoc_monster,tag=!skill_void] command:meltdown_2",
            "event entity @e[r=16,type=takile:havoc_monster,tag=!skill_void] command:meltdown_1"
          ]
        }
      }
    }
  }
}