{
	"format_version": "1.8.0",
	"animations": {
		"animation.energy_ball.fly": {
			"loop": true,
			"animation_length": 12.6,
			"bones": {
				"outside": {
					"rotation": {
						"0.0": [0, -90, 0],
						"0.2": [0, -180, 0],
						"0.4": [0, -270, 0],
						"0.6": [0, -360, 0],
						"0.8": [-90, -360, 0],
						"1.0": [-180, -360, 0],
						"1.2": [-270, -360, 0],
						"1.4": [-360, -360, 0],
						"1.6": [-360, -270, 0],
						"1.8": [-360, -150, 0],
						"2.0": [-360, -90, 0],
						"2.2": [-360, 0, 0],
						"2.4": [-270, 0, 0],
						"2.6": [-180, 0, 0],
						"2.8": [-90, 0, 0],
						"3.0": [0, 0, 0],
						"3.2": [0, -90, 0],
						"3.4": [0, -180, 0],
						"3.6": [0, -270, 0],
						"3.8": [0, -360, 0],
						"4.0": [-90, -360, 0],
						"4.2": [-180, -360, 0],
						"4.4": [-270, -360, 0],
						"4.6": [-360, -360, 0],
						"4.8": [-360, -270, 0],
						"5.0": [-360, -150, 0],
						"5.2": [-360, -90, 0],
						"5.4": [-360, 0, 0],
						"5.6": [-270, 0, 0],
						"5.8": [-180, 0, 0],
						"6.0": [-90, 0, 0],
						"6.2": [0, 0, 0],
						"6.4": [0, -90, 0],
						"6.6": [0, -180, 0],
						"6.8": [0, -270, 0],
						"7.0": [0, -360, 0],
						"7.2": [-90, -360, 0],
						"7.4": [-180, -360, 0],
						"7.6": [-270, -360, 0],
						"7.8": [-360, -360, 0],
						"8.0": [-360, -270, 0],
						"8.2": [-360, -150, 0],
						"8.4": [-360, -90, 0],
						"8.6": [-360, 0, 0],
						"8.8": [-270, 0, 0],
						"9.0": [-180, 0, 0],
						"9.2": [-90, 0, 0],
						"9.4": [0, 0, 0],
						"9.6": [0, -90, 0],
						"9.8": [0, -180, 0],
						"10.0": [0, -270, 0],
						"10.2": [0, -360, 0],
						"10.4": [-90, -360, 0],
						"10.6": [-180, -360, 0],
						"10.8": [-270, -360, 0],
						"11.0": [-360, -360, 0],
						"11.2": [-360, -270, 0],
						"11.4": [-360, -150, 0],
						"11.6": [-360, -90, 0],
						"11.8": [-360, 0, 0],
						"12.0": [-270, 0, 0],
						"12.2": [-180, 0, 0],
						"12.4": [-90, 0, 0],
						"12.6": [0, 0, 0]
					}
				},
				"inside": {
					"rotation": {
						"0.0": [0, 0, 90],
						"0.4": [0, 0, 180],
						"0.8": [0, 0, 270],
						"1.2": [0, 0, 360],
						"1.6": [0, 90, 360],
						"2.0": [0, 180, 360],
						"2.4": [0, 270, 360],
						"2.8": [0, 360, 360],
						"3.2": [0, 360, 180],
						"3.6": [0, 360, 270],
						"4.0": [0, 360, 90],
						"4.4": [0, 360, 0],
						"4.8": [0, 270, 0],
						"5.2": [0, 180, 0],
						"5.6": [0, 90, 0],
						"6.0": [0, 0, 0],
						"6.4": [0, 0, 90],
						"6.8": [0, 0, 180],
						"7.2": [0, 0, 270],
						"7.6": [0, 0, 360],
						"8.0": [0, 90, 360],
						"8.4": [0, 180, 360],
						"8.8": [0, 270, 360],
						"9.2": [0, 360, 360],
						"9.6": [0, 360, 180],
						"10.0": [0, 360, 270],
						"10.4": [0, 360, 90],
						"10.8": [0, 360, 0],
						"11.2": [0, 270, 0],
						"11.6": [0, 180, 0],
						"12.0": [0, 90, 0],
						"12.4": [0, 0, 0]
					}
				}
			}
		}
	}
}