{
	"format_version": "1.8.0",
	"animations": {
		"animation.havoc.attack": {
			"animation_length": 1.5,
			"bones": {
				"all": {
					"rotation": {
						"0.0": [0, 0, 0],
						"0.72": [0, 0, 0],
						"1.44": [0, 0, 0],
						"1.5": [0, 0, 0]
					},
					"position": {
						"0.0": [0, 0, 0],
						"0.72": [0, -4, 0],
						"0.8": [0, -3.74, 10],
						"0.88": [0, -3.49, -10],
						"1.04": [0, -3.23, 0],
						"1.44": [0, -1.7, 0],
						"1.5": [0, 0, 0]
					},
					"scale": {
						"0.0": [1, 1, 1],
						"1.44": [1, 1, 1],
						"1.5": [1, 1, 1]
					}
				},
				"tail1": {
					"rotation": {
						"0.0": [0, 0, 0],
						"0.72": [-25, 0, 0],
						"1.5": [0, 0, 0]
					}
				},
				"tail2": {
					"rotation": {
						"0.0": [0, 0, 0],
						"0.72": [-2.5, 0, 0],
						"1.5": [0, 0, 0]
					}
				},
				"tail3": {
					"rotation": {
						"0.0": [0, 0, 0],
						"0.72": [15, 0, 0],
						"1.5": [0, 0, 0]
					}
				},
				"tail4": {
					"rotation": {
						"0.0": [0, 0, 0],
						"0.72": [70, 0, 0],
						"1.5": [0, 0, 0]
					}
				},
				"tail5": {
					"rotation": {
						"0.0": [0, 0, 0],
						"0.72": [42.5, 0, 0],
						"1.44": [0, 0, 0]
					}
				},
				"tail6": {
					"rotation": {
						"0.0": [0, 0, 0],
						"0.72": [72.5, 0, 0],
						"1.44": [0, 0, 0]
					}
				},
				"tail7": {
					"rotation": {
						"0.0": [0, 0, 0],
						"0.72": [62.5, 0, 0],
						"1.44": [0, 0, 0]
					}
				},
				"tail8": {
					"rotation": {
						"0.0": [0, 0, 0],
						"0.72": [85, 0, 0],
						"1.44": [0, 0, 0]
					}
				},
				"tail9": {
					"rotation": {
						"0.0": [0, 0, 0],
						"0.72": [92.5, 0, 0],
						"1.44": [0, 0, 0]
					}
				},
				"neck": {
					"rotation": {
						"0.0": [0, 0, 0],
						"0.72": [-10, 0, 0],
						"1.44": [-1, 0, 0],
						"1.5": [0, 0, 0]
					},
					"position": {
						"0.0": [0, 0, 0],
						"0.72": [0, 0, 2],
						"1.5": [0, 0, 0]
					}
				},
				"neckz": {
					"rotation": {
						"0.0": [0, 0, 0],
						"0.72": [-2.5, 0, 0],
						"1.5": [0, 0, 0]
					}
				},
				"necky": {
					"rotation": {
						"0.0": [0, 0, 0],
						"0.72": [-5, 0, 0],
						"1.5": [0, 0, 0]
					}
				},
				"neckx": {
					"rotation": {
						"0.0": [0, 0, 0],
						"0.72": [10, 0, 0],
						"1.5": [0, 0, 0]
					},
					"position": {
						"0.72": [0, 0, 0],
						"0.88": [0, 1, 3],
						"1.5": [0, 0, 0]
					}
				},
				"head": {
					"rotation": {
						"0.0": [0, 0, 0],
						"0.72": [-20, 0, 0],
						"1.5": [0, 0, 0]
					},
					"position": {
						"0.72": [0, 0, 0],
						"0.88": [0, 0, 2],
						"1.5": [0, 0, 0]
					}
				},
				"moutha1": {
					"rotation": {
						"0.0": [0, 0, 0],
						"0.72": [20, 0, 0],
						"1.5": [0, 0, 0]
					}
				},
				"moutha2": {
					"rotation": {
						"0.0": [0, 0, 0],
						"0.72": [15, 0, 0],
						"1.44": [20, 0, 0],
						"1.5": [0, 0, 0]
					}
				},
				"hand1": {
					"rotation": {
						"0.0": [0, 0, 0],
						"0.72": [-22.5, 0, 0],
						"0.88": [-15, 0, 0],
						"1.5": [0, 0, 0]
					}
				},
				"hand1a1": {
					"rotation": {
						"0.0": [0, 0, 0],
						"0.72": [-9.25536, 67.83257, -4.66223],
						"0.88": [0, 0, 0],
						"1.5": [0, 0, 0]
					}
				},
				"hand1a2": {
					"rotation": {
						"0.0": [0, 0, 0],
						"0.72": [0, 0, 0],
						"0.88": [-6.33778, -39.13532, 27.15495],
						"1.5": [0, 0, 0]
					},
					"position": {
						"0.0": [0, 0, 0],
						"0.72": [0, 0, 0],
						"0.88": [-2, 0, 0],
						"1.5": [0, 0, 0]
					}
				},
				"hand1a3": {
					"rotation": {
						"0.0": [0, 0, 0],
						"0.72": [-23.40017, 27.31509, 47.58365],
						"0.88": [-5.02249, -22.19538, -70.70702],
						"1.5": [0, 0, 0]
					},
					"position": {
						"0.0": [0, 0, 0],
						"0.72": [0, 0, 0],
						"0.88": [-3, -1, -1],
						"1.5": [0, 0, 0]
					}
				},
				"weapon": {
					"rotation": {
						"0.0": [0, 0, 0],
						"0.72": [1.85028, -12.49126, -0.80083],
						"0.88": [-65.97303, 15.64668, -35.6669],
						"1.5": [0, 0, 0]
					},
					"position": {
						"0.0": [0, 0, 0],
						"0.72": [0, 0, 0],
						"0.88": [-6, -1, 0],
						"1.5": [0, 0, 0]
					}
				},
				"hand2": {
					"rotation": {
						"0.0": [0, 0, 0],
						"0.72": [12.5, 0, 0],
						"1.5": [0, 0, 0]
					}
				},
				"hand1a4": {
					"rotation": {
						"0.0": [0, 0, 0],
						"0.72": [0, 0, 0],
						"1.5": [0, 0, 0]
					}
				},
				"hand1a5": {
					"rotation": {
						"0.0": [0, 0, 0],
						"0.72": [0, 0, 0],
						"1.5": [0, 0, 0]
					}
				},
				"hand1a6": {
					"rotation": {
						"0.0": [0, 0, 0],
						"0.72": [-2, 2.5, 7],
						"1.44": [2, -2.5, -7],
						"1.5": [0, 0, 0]
					}
				},
				"weapon2": {
					"rotation": {
						"0.0": [0, 0, 0],
						"0.72": [12.5, 0, 0],
						"1.5": [0, 0, 0]
					}
				},
				"hand3": {
					"rotation": {
						"0.0": [0, 0, 0],
						"0.72": [10, 0, 0],
						"1.5": [0, 0, 0]
					}
				},
				"weapon3": {
					"rotation": {
						"0.0": [0, 0, 0],
						"0.72": [-12.5, 0, 0],
						"1.5": [0, 0, 0]
					}
				},
				"hand4": {
					"rotation": {
						"0.0": [0, 0, 0],
						"0.72": [10, 0, 0],
						"1.5": [0, 0, 0]
					}
				},
				"weapon4": {
					"rotation": {
						"0.0": [0, 0, 0],
						"0.72": [-12.5, 0, 0],
						"1.5": [0, 0, 0]
					}
				},
				"tail": {
					"rotation": {
						"0.0": [0, 0, 0],
						"0.72": [0, 0, 0]
					},
					"position": {
						"0.0": [0, 0, 0],
						"0.72": [0, 0, 3],
						"1.5": [0, 0, 0]
					}
				},
				"body": {
					"rotation": {
						"0.0": [0, 0, 0],
						"0.72": [2.5, 0, 0],
						"1.5": [0, 0, 0]
					},
					"position": {
						"0.0": [0, 0, 0],
						"0.72": [0, 0, 1],
						"1.5": [0, 0, 0]
					}
				}
			}
		}
	}
}