{
	"format_version": "1.8.0",
	"animation_controllers": {
		"controller.animation.plot_target": {
			"states": {
				"default": {
					"transitions": [
						{
							"hxlhjttidi": "query.variant==71"
						},
						{
							"fwwyetjifg": "query.variant==69"
						},
						{
							"cygorfabxg": "query.variant==67"
						},
						{
							"okqnqlfwtx": "query.variant==65"
						},
						{
							"lgujapdikd": "query.variant==63"
						},
						{
							"uiyzwkpuja": "query.variant==61"
						},
						{
							"vjxcigbnax": "query.variant==59"
						},
						{
							"elqzrvoebc": "query.variant==57"
						},
						{
							"jllkwnbtxe": "query.variant==55"
						},
						{
							"aluokypixi": "query.variant==53"
						},
						{
							"jodceiaayd": "query.variant==51"
						},
						{
							"rztywihwmu": "query.variant==49"
						},
						{
							"hvglsoyurl": "query.variant==47"
						},
						{
							"yorthgxaax": "query.variant==45"
						},
						{
							"lucrzprpan": "query.variant==43"
						},
						{
							"xptksapucz": "query.variant==41"
						},
						{
							"eaxxgfbtft": "query.variant==39"
						},
						{
							"znommsbjsm": "query.variant==37"
						},
						{
							"hyicludqdw": "query.variant==35"
						},
						{
							"zdfsexixvl": "query.variant==33"
						},
						{
							"jarlkksbtb": "query.variant==31"
						},
						{
							"sxtsblprny": "query.variant==29"
						},
						{
							"rbxqyfwtng": "query.variant==27"
						},
						{
							"zfxgweupsx": "query.variant==25"
						},
						{
							"sftrizplgg": "query.variant==23"
						},
						{
							"poskbprdxt": "query.variant==21"
						},
						{
							"pmnbydgmdk": "query.variant==19"
						},
						{
							"fgwserhuol": "query.variant==17"
						},
						{
							"jjqafigapk": "query.variant==15"
						},
						{
							"xfcxjwkgdl": "query.variant==13"
						},
						{
							"lmdigohaqa": "query.variant==11"
						},
						{
							"rvkourzsrk": "query.variant==9"
						},
						{
							"wmsseoxiam": "query.variant==7"
						},
						{
							"phuhqdofup": "query.variant==5"
						},
						{
							"bluzmwtqib": "query.variant==3"
						},
						{
							"qpmqctaylt": "query.variant==1"
						},
						{
							"oo": "query.variant==9999999"
						},
						{
							"psxsksjflu": "query.variant==2"
						},
						{
							"vjswfrpicn": "query.variant==4"
						},
						{
							"jdalhtbknq": "query.variant==6"
						},
						{
							"fweoexnkjh": "query.variant==8"
						},
						{
							"guuflzmzip": "query.variant==10"
						},
						{
							"kwuwmsgsgk": "query.variant==12"
						},
						{
							"dybbsskpju": "query.variant==14"
						},
						{
							"nviwlnzfdl": "query.variant==16"
						},
						{
							"bufwdotxem": "query.variant==18"
						},
						{
							"qkmtanoyfc": "query.variant==20"
						},
						{
							"tjzkxksfpb": "query.variant==22"
						},
						{
							"xylmmgvxxb": "query.variant==24"
						},
						{
							"uujgrkgzqo": "query.variant==26"
						},
						{
							"fhiiqvjfay": "query.variant==28"
						},
						{
							"zixyohezoy": "query.variant==30"
						},
						{
							"pvmjfrfbvc": "query.variant==32"
						},
						{
							"bqaouhikco": "query.variant==34"
						},
						{
							"cqosqyzwxf": "query.variant==36"
						},
						{
							"jlgyccjqsl": "query.variant==38"
						},
						{
							"ietnjqbxxe": "query.variant==40"
						},
						{
							"wfkveqcmwq": "query.variant==42"
						},
						{
							"oerychdlvi": "query.variant==44"
						},
						{
							"ttmxcweyzh": "query.variant==46"
						},
						{
							"bpabznmtdj": "query.variant==48"
						},
						{
							"cizktigcib": "query.variant==50"
						},
						{
							"qckticxnik": "query.variant==52"
						},
						{
							"bkwlojrgel": "query.variant==54"
						},
						{
							"hnftjhbfms": "query.variant==56"
						},
						{
							"bvaymcfunx": "query.variant==58"
						},
						{
							"xcqqyhftcq": "query.variant==60"
						},
						{
							"lvdnpvrabc": "query.variant==62"
						},
						{
							"thuvzhrbpv": "query.variant==64"
						},
						{
							"jadhkqehtc": "query.variant==66"
						},
						{
							"qbunszmhzp": "query.variant==68"
						},
						{
							"augmnyiwia": "query.variant==70"
						},
						{
							"vwcpmwgqgk": "query.variant==72"
						}
					]
				},
				"oo": {
					"transitions": [
						{
							"default": "query.variant==9999999"
						}
					]
				},
				"qpmqctaylt": {
					"transitions": [
						{
							"default": "query.variant != 1"
						},
						{
							"qpmqctayltx": "query.variant == 1"
						}
					],
					"on_entry": [
						"/execute as @p[r=2,tag=wbdwdz] at @s run tellraw @a[r=200] {\"rawtext\":[{\"translate\":\"tell.plot1x.0.name\"}]}",
						"/execute as @p[r=2,tag=wbdwdz] at @s run tag @e[r=3,type=wb:plot_target] add wdie",
						"/execute as @s[tag=wdie] at @s run summon wb:plot_target 120008 101 120017 0 0 plot2",
						"/execute as @s[tag=wdie] at @s run tag @s add plotdie"
					]
				},
				"qpmqctayltx": {
					"transitions": [
						{
							"default": "query.variant != 1"
						},
						{
							"qpmqctaylt": "query.variant == 1"
						}
					]
				},
				"psxsksjflu": {
					"transitions": [
						{
							"default": "query.variant != 2"
						},
						{
							"psxsksjflux": "query.variant == 2"
						}
					],
					"on_entry": [
						"/execute as @p[r=2,tag=wbdwdz] at @s run tellraw @a[r=200] {\"rawtext\":[{\"translate\":\"tell.plot1x.1.name\"}]}",
						"/execute as @p[r=2,tag=wbdwdz] at @s run tag @e[r=3,type=wb:plot_target] add wdie",
						"/execute as @s[tag=wdie] at @s run summon wb:plot_target 120008 101 120024 0 0 plot3",
						"/execute as @s[tag=wdie] at @s run tag @s add plotdie"
					]
				},
				"psxsksjflux": {
					"transitions": [
						{
							"default": "query.variant != 2"
						},
						{
							"psxsksjflu": "query.variant == 2"
						}
					]
				},
				"bluzmwtqib": {
					"transitions": [
						{
							"default": "query.variant != 3"
						},
						{
							"bluzmwtqibx": "query.variant == 3"
						}
					],
					"on_entry": [
						"/execute as @p[r=2,tag=wbdwdz] at @s run tellraw @a[r=200] {\"rawtext\":[{\"translate\":\"tell.plot1x.2.name\"}]}",
						"/execute as @p[r=2,tag=wbdwdz] at @s run tag @e[r=3,type=wb:plot_target] add wdie",
						"/execute as @s[tag=wdie] at @s run summon wb:plot_target 120008 101 120031 0 0 plot4",
						"/execute as @s[tag=wdie] at @s run tag @s add plotdie"
					]
				},
				"bluzmwtqibx": {
					"transitions": [
						{
							"default": "query.variant != 3"
						},
						{
							"bluzmwtqib": "query.variant == 3"
						}
					]
				},
				"vjswfrpicn": {
					"transitions": [
						{
							"default": "query.variant != 4"
						},
						{
							"vjswfrpicnx": "query.variant == 4"
						}
					],
					"on_entry": [
						"/execute as @p[r=2,tag=wbdwdz] at @s run tellraw @a[r=200] {\"rawtext\":[{\"translate\":\"tell.plot1x.3.name\"}]}",
						"/execute as @p[r=2,tag=wbdwdz] at @s run tag @e[r=3,type=wb:plot_target] add wdie",
						"/execute as @s[tag=wdie] at @s run summon wb:plot_target 120008 101 120039 0 0 plot5",
						"/execute as @s[tag=wdie] at @s run tag @s add plotdie"
					]
				},
				"vjswfrpicnx": {
					"transitions": [
						{
							"default": "query.variant != 4"
						},
						{
							"vjswfrpicn": "query.variant == 4"
						}
					]
				},
				"phuhqdofup": {
					"transitions": [
						{
							"default": "query.variant != 5"
						},
						{
							"phuhqdofupx": "query.variant == 5"
						}
					],
					"on_entry": [
						"/execute as @p[r=2,tag=wbdwdz] at @s run tellraw @a[r=200] {\"rawtext\":[{\"translate\":\"tell.plot1x.4.name\"}]}",
						"/execute as @p[r=2,tag=wbdwdz] at @s run tag @e[r=3,type=wb:plot_target] add wdie",
						"/execute as @s[tag=wdie] at @s run summon wb:plot_target 120008 101 120045 0 0 plot6",
						"/execute as @s[tag=wdie] at @s run tag @s add plotdie"
					]
				},
				"phuhqdofupx": {
					"transitions": [
						{
							"default": "query.variant != 5"
						},
						{
							"phuhqdofup": "query.variant == 5"
						}
					]
				},
				"jdalhtbknq": {
					"transitions": [
						{
							"default": "query.variant != 6"
						},
						{
							"jdalhtbknqx": "query.variant == 6"
						}
					],
					"on_entry": [
						"/execute as @p[r=2,tag=wbdwdz] at @s run tellraw @a[r=200] {\"rawtext\":[{\"translate\":\"tell.plot1x.5.name\"}]}",
						"/execute as @p[r=2,tag=wbdwdz] at @s run tag @e[r=3,type=wb:plot_target] add wdie",
						"/execute as @s[tag=wdie] at @s run summon wb:plot_target 120008 101 120053 0 0 plot7",
						"/execute as @s[tag=wdie] at @s run tag @s add plotdie"
					]
				},
				"jdalhtbknqx": {
					"transitions": [
						{
							"default": "query.variant != 6"
						},
						{
							"jdalhtbknq": "query.variant == 6"
						}
					]
				},
				"wmsseoxiam": {
					"transitions": [
						{
							"default": "query.variant != 7"
						},
						{
							"wmsseoxiamx": "query.variant == 7"
						}
					],
					"on_entry": [
						"/execute as @p[r=2,tag=wbdwdz] at @s run tellraw @a[r=200] {\"rawtext\":[{\"translate\":\"tell.plot1x.6.name\"}]}",
						"/execute as @p[r=2,tag=wbdwdz] at @s run tag @e[r=3,type=wb:plot_target] add wdie",
						"/execute as @s[tag=wdie] at @s run summon wb:plot_target 120010 101 120069 0 0 plot8",
						"/execute as @s[tag=wdie] at @s run tag @s add plotdie"
					]
				},
				"wmsseoxiamx": {
					"transitions": [
						{
							"default": "query.variant != 7"
						},
						{
							"wmsseoxiam": "query.variant == 7"
						}
					]
				},
				"fweoexnkjh": {
					"transitions": [
						{
							"default": "query.variant != 8"
						},
						{
							"fweoexnkjhx": "query.variant == 8"
						}
					],
					"on_entry": [
						"/execute as @p[r=2,tag=wbdwdz] at @s run tellraw @a[r=200] {\"rawtext\":[{\"translate\":\"tell.plot1x.7.name\"}]}",
						"/execute as @p[r=2,tag=wbdwdz] at @s run tag @e[r=3,type=wb:plot_target] add wdie",
						"/execute as @s[tag=wdie] at @s run summon wb:plot_target 120029 101 120074 0 0 plot9",
						"/execute as @s[tag=wdie] at @s run tag @s add plotdie"
					]
				},
				"fweoexnkjhx": {
					"transitions": [
						{
							"default": "query.variant != 8"
						},
						{
							"fweoexnkjh": "query.variant == 8"
						}
					]
				},
				"rvkourzsrk": {
					"transitions": [
						{
							"default": "query.variant != 9"
						},
						{
							"rvkourzsrkx": "query.variant == 9"
						}
					],
					"on_entry": [
						"/execute as @p[r=2,tag=wbdwdz] at @s run tag @e[r=3,type=wb:plot_target] add wdie",
						"/execute as @s[tag=wdie] at @s run summon wb:plot_target 120031 101 120085 0 0 plot10",
						"/execute as @s[tag=wdie] at @s run tag @s add plotdie"
					]
				},
				"rvkourzsrkx": {
					"transitions": [
						{
							"default": "query.variant != 9"
						},
						{
							"rvkourzsrk": "query.variant == 9"
						}
					]
				},
				"guuflzmzip": {
					"transitions": [
						{
							"default": "query.variant != 10"
						},
						{
							"guuflzmzipx": "query.variant == 10"
						}
					],
					"on_entry": [
						"/execute as @p[r=2,tag=wbdwdz] at @s run tag @e[r=3,type=wb:plot_target] add wdie",
						"/execute as @s[tag=wdie] at @s run summon wb:plot_target 120030 101 120094 0 0 plot11",
						"/execute as @s[tag=wdie] at @s run tag @s add plotdie"
					]
				},
				"guuflzmzipx": {
					"transitions": [
						{
							"default": "query.variant != 10"
						},
						{
							"guuflzmzip": "query.variant == 10"
						}
					]
				},
				"lmdigohaqa": {
					"transitions": [
						{
							"default": "query.variant != 11"
						},
						{
							"lmdigohaqax": "query.variant == 11"
						}
					],
					"on_entry": [
						"/execute as @p[r=2,tag=wbdwdz] at @s run tag @e[r=3,type=wb:plot_target] add wdie",
						"/execute as @s[tag=wdie] at @s run summon wb:plot_target 120040 101 120101 0 0 plot12",
						"/execute as @s[tag=wdie] at @s run tag @s add plotdie"
					]
				},
				"lmdigohaqax": {
					"transitions": [
						{
							"default": "query.variant != 11"
						},
						{
							"lmdigohaqa": "query.variant == 11"
						}
					]
				},
				"kwuwmsgsgk": {
					"transitions": [
						{
							"default": "query.variant != 12"
						},
						{
							"kwuwmsgsgkx": "query.variant == 12"
						}
					],
					"on_entry": [
						"/execute as @p[r=2,tag=wbdwdz] at @s run tag @e[r=3,type=wb:plot_target] add wdie",
						"/execute as @s[tag=wdie] at @s run summon wb:plot_target 120040 102 120108 0 0 plot13",
						"/execute as @s[tag=wdie] at @s run tag @s add plotdie"
					]
				},
				"kwuwmsgsgkx": {
					"transitions": [
						{
							"default": "query.variant != 12"
						},
						{
							"kwuwmsgsgk": "query.variant == 12"
						}
					]
				},
				"xfcxjwkgdl": {
					"transitions": [
						{
							"default": "query.variant != 13"
						},
						{
							"xfcxjwkgdlx": "query.variant == 13"
						}
					],
					"on_entry": [
						"/execute as @p[r=2,tag=wbdwdz] at @s run tellraw @a[r=200] {\"rawtext\":[{\"translate\":\"tell.plot1x.8.name\"}]}",
						"/execute as @p[r=2,tag=wbdwdz] at @s run tag @e[r=3,type=wb:plot_target] add wdie",
						"/execute as @s[tag=wdie] at @s run summon wb:plot_target 120047 102 120109 0 0 plot14",
						"/execute as @s[tag=wdie] at @s run tag @s add plotdie"
					]
				},
				"xfcxjwkgdlx": {
					"transitions": [
						{
							"default": "query.variant != 13"
						},
						{
							"xfcxjwkgdl": "query.variant == 13"
						}
					]
				},
				"dybbsskpju": {
					"transitions": [
						{
							"default": "query.variant != 14"
						},
						{
							"dybbsskpjux": "query.variant == 14"
						}
					],
					"on_entry": [
						"/execute as @p[r=2,tag=wbdwdz] at @s run tellraw @a[r=200] {\"rawtext\":[{\"translate\":\"tell.plot1x.9.name\"}]}",
						"/execute as @p[r=2,tag=wbdwdz] at @s run tag @e[r=3,type=wb:plot_target] add wdie",
						"/execute as @s[tag=wdie] at @s run summon wb:plot_target 120060 102 120104 0 0 plot15",
						"/execute as @s[tag=wdie] at @s run tag @s add plotdie"
					]
				},
				"dybbsskpjux": {
					"transitions": [
						{
							"default": "query.variant != 14"
						},
						{
							"dybbsskpju": "query.variant == 14"
						}
					]
				},
				"jjqafigapk": {
					"transitions": [
						{
							"default": "query.variant != 15"
						},
						{
							"jjqafigapkx": "query.variant == 15"
						}
					],
					"on_entry": [
						"/execute as @p[r=2,tag=wbdwdz] at @s run tellraw @a[r=200] {\"rawtext\":[{\"translate\":\"tell.plot1x.10.name\"}]}",
						"/execute as @p[r=2,tag=wbdwdz] at @s run tag @e[r=3,type=wb:plot_target] add wdie",
						"/execute as @s[tag=wdie] at @s run summon wb:plot_target 120060 86 120096 0 0 plot16",
						"/execute as @s[tag=wdie] at @s run tag @s add plotdie"
					]
				},
				"jjqafigapkx": {
					"transitions": [
						{
							"default": "query.variant != 15"
						},
						{
							"jjqafigapk": "query.variant == 15"
						}
					]
				},
				"nviwlnzfdl": {
					"transitions": [
						{
							"default": "query.variant != 16"
						},
						{
							"nviwlnzfdlx": "query.variant == 16"
						}
					],
					"on_entry": [
						"/execute as @p[r=2,tag=wbdwdz] at @s run tellraw @a[r=200] {\"rawtext\":[{\"translate\":\"tell.plot1x.11.name\"}]}",
						"/execute as @p[r=2,tag=wbdwdz] at @s run tag @e[r=3,type=wb:plot_target] add wdie",
						"/execute as @s[tag=wdie] at @s run summon wb:plot_target 120055 86 120088 0 0 plot17",
						"/execute as @s[tag=wdie] at @s run tag @s add plotdie"
					]
				},
				"nviwlnzfdlx": {
					"transitions": [
						{
							"default": "query.variant != 16"
						},
						{
							"nviwlnzfdl": "query.variant == 16"
						}
					]
				},
				"fgwserhuol": {
					"transitions": [
						{
							"default": "query.variant != 17"
						},
						{
							"fgwserhuolx": "query.variant == 17"
						}
					],
					"on_entry": [
						"/execute as @p[r=2,tag=wbdwdz] at @s run tellraw @a[r=200] {\"rawtext\":[{\"translate\":\"tell.plot1x.12.name\"}]}",
						"/execute as @p[r=2,tag=wbdwdz] at @s run tag @e[r=3,type=wb:plot_target] add wdie",
						"/execute as @s[tag=wdie] at @s run summon wb:plot_target 120051 86 120101 0 0 plot18",
						"/execute as @s[tag=wdie] at @s run tag @s add plotdie"
					]
				},
				"fgwserhuolx": {
					"transitions": [
						{
							"default": "query.variant != 17"
						},
						{
							"fgwserhuol": "query.variant == 17"
						}
					]
				},
				"bufwdotxem": {
					"transitions": [
						{
							"default": "query.variant != 18"
						},
						{
							"bufwdotxemx": "query.variant == 18"
						}
					],
					"on_entry": [
						"/execute as @p[r=2,tag=wbdwdz] at @s run tag @e[r=3,type=wb:plot_target] add wdie",
						"/execute as @s[tag=wdie] at @s run summon wb:plot_target 120042 86 120100 0 0 plot19",
						"/execute as @s[tag=wdie] at @s run tp @a[r=14] 120046 86 120101",
						"/execute as @s[tag=wdie] at @s run tag @s add plotdie"
					]
				},
				"bufwdotxemx": {
					"transitions": [
						{
							"default": "query.variant != 18"
						},
						{
							"bufwdotxem": "query.variant == 18"
						}
					]
				},
				"pmnbydgmdk": {
					"transitions": [
						{
							"default": "query.variant != 19"
						},
						{
							"pmnbydgmdkx": "query.variant == 19"
						}
					],
					"on_entry": [
						"/execute as @p[r=2,tag=wbdwdz] at @s run tellraw @a[r=200] {\"rawtext\":[{\"translate\":\"tell.plot1x.13.name\"}]}",
						"/execute as @p[r=2,tag=wbdwdz] at @s run tag @e[r=3,type=wb:plot_target] add wdie",
						"/execute as @s[tag=wdie] at @s run summon wb:plot_target 120034 86 120090 0 0 plot20",
						"/execute as @s[tag=wdie] at @s run tp @a[r=14] 120036 86 120100",
						"/execute as @s[tag=wdie] at @s run tag @s add plotdie"
					]
				},
				"pmnbydgmdkx": {
					"transitions": [
						{
							"default": "query.variant != 19"
						},
						{
							"pmnbydgmdk": "query.variant == 19"
						}
					]
				},
				"qkmtanoyfc": {
					"transitions": [
						{
							"default": "query.variant != 20"
						},
						{
							"qkmtanoyfcx": "query.variant == 20"
						}
					],
					"on_entry": [
						"/execute as @p[r=2,tag=wbdwdz] at @s run tag @e[r=3,type=wb:plot_target] add wdie",
						"/execute as @s[tag=wdie] at @s run summon wb:plot_target 120029 86 120076 0 0 plot21",
						"/execute as @s[tag=wdie] at @s run tag @s add plotdie"
					]
				},
				"qkmtanoyfcx": {
					"transitions": [
						{
							"default": "query.variant != 20"
						},
						{
							"qkmtanoyfc": "query.variant == 20"
						}
					]
				},
				"poskbprdxt": {
					"transitions": [
						{
							"default": "query.variant != 21"
						},
						{
							"poskbprdxtx": "query.variant == 21"
						}
					],
					"on_entry": [
						"/execute as @p[r=2,tag=wbdwdz] at @s run tellraw @a[r=200] {\"rawtext\":[{\"translate\":\"tell.plot1x.14.name\"}]}",
						"/execute as @p[r=2,tag=wbdwdz] at @s run tag @e[r=3,type=wb:plot_target] add wdie",
						"/execute as @s[tag=wdie] at @s run summon wb:plot_target 120019 86 120078 0 0 plot22",
						"/execute as @s[tag=wdie] at @s run tag @s add plotdie"
					]
				},
				"poskbprdxtx": {
					"transitions": [
						{
							"default": "query.variant != 21"
						},
						{
							"poskbprdxt": "query.variant == 21"
						}
					]
				},
				"tjzkxksfpb": {
					"transitions": [
						{
							"default": "query.variant != 22"
						},
						{
							"tjzkxksfpbx": "query.variant == 22"
						}
					],
					"on_entry": [
						"/execute as @p[r=2,tag=wbdwdz] at @s run tellraw @a[r=200] {\"rawtext\":[{\"translate\":\"tell.plot1x.15.name\"}]}",
						"/execute as @p[r=2,tag=wbdwdz] at @s run tag @e[r=3,type=wb:plot_target] add wdie",
						"/execute as @s[tag=wdie] at @s run summon wb:plot_target 120013 86 120097 0 0 plot23",
						"/execute as @s[tag=wdie] at @s run tag @s add plotdie"
					]
				},
				"tjzkxksfpbx": {
					"transitions": [
						{
							"default": "query.variant != 22"
						},
						{
							"tjzkxksfpb": "query.variant == 22"
						}
					]
				},
				"sftrizplgg": {
					"transitions": [
						{
							"default": "query.variant != 23"
						},
						{
							"sftrizplggx": "query.variant == 23"
						}
					],
					"on_entry": [
						"/execute as @p[r=2,tag=wbdwdz] at @s run tellraw @a[r=200] {\"rawtext\":[{\"translate\":\"tell.plot1x.16.name\"}]}",
						"/execute as @p[r=2,tag=wbdwdz] at @s run tag @e[r=3,type=wb:plot_target] add wdie",
						"/execute as @s[tag=wdie] at @s run summon wb:plot_target 120011 86 120105 0 0 plot24",
						"/execute as @s[tag=wdie] at @s run tag @s add plotdie"
					]
				},
				"sftrizplggx": {
					"transitions": [
						{
							"default": "query.variant != 23"
						},
						{
							"sftrizplgg": "query.variant == 23"
						}
					]
				},
				"xylmmgvxxb": {
					"transitions": [
						{
							"default": "query.variant != 24"
						},
						{
							"xylmmgvxxbx": "query.variant == 24"
						}
					],
					"on_entry": [
						"/execute as @p[r=2,tag=wbdwdz] at @s run tellraw @a[r=200] {\"rawtext\":[{\"translate\":\"tell.plot1x.17.name\"}]}",
						"/execute as @p[r=2,tag=wbdwdz] at @s run tag @e[r=3,type=wb:plot_target] add wdie",
						"/execute as @s[tag=wdie] at @s run summon wb:plot_target 120010 86 120116 0 0 plot25",
						"/execute as @s[tag=wdie] at @s run tag @s add plotdie"
					]
				},
				"xylmmgvxxbx": {
					"transitions": [
						{
							"default": "query.variant != 24"
						},
						{
							"xylmmgvxxb": "query.variant == 24"
						}
					]
				},
				"zfxgweupsx": {
					"transitions": [
						{
							"default": "query.variant != 25"
						},
						{
							"zfxgweupsxx": "query.variant == 25"
						}
					],
					"on_entry": [
						"/execute as @p[r=2,tag=wbdwdz] at @s run tellraw @a[r=200] {\"rawtext\":[{\"translate\":\"tell.plot1x.18.name\"}]}",
						"/execute as @p[r=2,tag=wbdwdz] at @s run tag @e[r=3,type=wb:plot_target] add wdie",
						"/execute as @s[tag=wdie] at @s run summon wb:plot_target 120006 86 120123 0 0 plot26",
						"/execute as @s[tag=wdie] at @s run tag @s add plotdie"
					]
				},
				"zfxgweupsxx": {
					"transitions": [
						{
							"default": "query.variant != 25"
						},
						{
							"zfxgweupsx": "query.variant == 25"
						}
					]
				},
				"uujgrkgzqo": {
					"transitions": [
						{
							"default": "query.variant != 26"
						},
						{
							"uujgrkgzqox": "query.variant == 26"
						}
					],
					"on_entry": [
						"/execute as @p[r=2,tag=wbdwdz] at @s run tellraw @a[r=200] {\"rawtext\":[{\"translate\":\"tell.plot1x.19.name\"}]}",
						"/execute as @p[r=2,tag=wbdwdz] at @s run tag @e[r=3,type=wb:plot_target] add wdie",
						"/execute as @s[tag=wdie] at @s run summon wb:plot_target 120006 86 120124 0 0 plot27",
						"/execute as @s[tag=wdie] at @s run tag @s add plotdie"
					]
				},
				"uujgrkgzqox": {
					"transitions": [
						{
							"default": "query.variant != 26"
						},
						{
							"uujgrkgzqo": "query.variant == 26"
						}
					]
				},
				"rbxqyfwtng": {
					"transitions": [
						{
							"default": "query.variant != 27"
						},
						{
							"rbxqyfwtngx": "query.variant == 27"
						}
					],
					"on_entry": [
						"/execute as @p[r=2,tag=wbdwdz] at @s run tellraw @a[r=200] {\"rawtext\":[{\"translate\":\"tell.plot1x.20.name\"}]}",
						"/execute as @p[r=2,tag=wbdwdz] at @s run tag @e[r=3,type=wb:plot_target] add wdie",
						"/execute as @s[tag=wdie] at @s run summon wb:plot_target 120007 86 120126 0 0 plot28",
						"/execute as @s[tag=wdie] at @s run tag @s add plotdie"
					]
				},
				"rbxqyfwtngx": {
					"transitions": [
						{
							"default": "query.variant != 27"
						},
						{
							"rbxqyfwtng": "query.variant == 27"
						}
					]
				},
				"fhiiqvjfay": {
					"transitions": [
						{
							"default": "query.variant != 28"
						},
						{
							"fhiiqvjfayx": "query.variant == 28"
						}
					],
					"on_entry": [
						"/execute as @p[r=2,tag=wbdwdz] at @s run tellraw @a[r=200] {\"rawtext\":[{\"translate\":\"tell.plot1x.21.name\"}]}",
						"/execute as @p[r=2,tag=wbdwdz] at @s run tag @e[r=3,type=wb:plot_target] add wdie",
						"/execute as @s[tag=wdie] at @s run summon wb:plot_target 120009 86 120126 0 0 plot29",
						"/execute as @s[tag=wdie] at @s run tag @s add plotdie"
					]
				},
				"fhiiqvjfayx": {
					"transitions": [
						{
							"default": "query.variant != 28"
						},
						{
							"fhiiqvjfay": "query.variant == 28"
						}
					]
				},
				"sxtsblprny": {
					"transitions": [
						{
							"default": "query.variant != 29"
						},
						{
							"sxtsblprnyx": "query.variant == 29"
						}
					],
					"on_entry": [
						"/execute as @p[r=2,tag=wbdwdz] at @s run tellraw @a[r=200] {\"rawtext\":[{\"translate\":\"tell.plot1x.22.name\"}]}",
						"/execute as @p[r=2,tag=wbdwdz] at @s run tag @e[r=3,type=wb:plot_target] add wdie",
						"/execute as @s[tag=wdie] at @s run summon wb:plot_target 120533 103 120584 0 0 plot30",
						"/execute as @s[tag=wdie] at @s run scoreboard players set @a[r=100] wbjqbf 3",
						"/execute as @s[tag=wdie] at @s run tag @s add plotdie"
					]
				},
				"sxtsblprnyx": {
					"transitions": [
						{
							"default": "query.variant != 29"
						},
						{
							"sxtsblprny": "query.variant == 29"
						}
					]
				},
				"zixyohezoy": {
					"transitions": [
						{
							"default": "query.variant != 30"
						},
						{
							"zixyohezoyx": "query.variant == 30"
						}
					],
					"on_entry": [
						"/execute as @p[r=2,tag=wbdwdz] at @s run tellraw @a[r=200] {\"rawtext\":[{\"translate\":\"tell.plot1x.23.name\"}]}",
						"/execute as @p[r=2,tag=wbdwdz] at @s run tag @e[r=3,type=wb:plot_target] add wdie",
						"/execute as @s[tag=wdie] at @s run summon wb:plot_target 120533 102 120573 0 0 plot31",
						"/execute as @s[tag=wdie] at @s run tag @s add plotdie",
						"/titleraw @a[r=100] title {\"rawtext\":[{\"translate\":\"世界边境 序幕\"}]}",
						"/title @a[r=100] subtitle §baa剑侠 制作"
					]
				},
				"zixyohezoyx": {
					"transitions": [
						{
							"default": "query.variant != 30"
						},
						{
							"zixyohezoy": "query.variant == 30"
						}
					]
				},
				"jarlkksbtb": {
					"transitions": [
						{
							"default": "query.variant != 31"
						},
						{
							"jarlkksbtbx": "query.variant == 31"
						}
					],
					"on_entry": [
						"/execute as @p[r=2,tag=wbdwdz] at @s run tellraw @a[r=200] {\"rawtext\":[{\"translate\":\"tell.plot1x.24.name\"}]}",
						"/execute as @p[r=2,tag=wbdwdz] at @s run tag @e[r=3,type=wb:plot_target] add wdie",
						"/execute as @s[tag=wdie] at @s run summon wb:plot_target 120543 102 120573 0 0 plot32",
						"/execute as @s[tag=wdie] at @s run tag @s add plotdie"
					]
				},
				"jarlkksbtbx": {
					"transitions": [
						{
							"default": "query.variant != 31"
						},
						{
							"jarlkksbtb": "query.variant == 31"
						}
					]
				},
				"pvmjfrfbvc": {
					"transitions": [
						{
							"default": "query.variant != 32"
						},
						{
							"pvmjfrfbvcx": "query.variant == 32"
						}
					],
					"on_entry": [
						"/execute as @p[r=2,tag=wbdwdz] at @s run tellraw @a[r=200] {\"rawtext\":[{\"translate\":\"tell.plot1x.25.name\"}]}",
						"/execute as @p[r=2,tag=wbdwdz] at @s run tag @e[r=3,type=wb:plot_target] add wdie",
						"/execute as @s[tag=wdie] at @s run summon wb:plot_target 120543 102 120565 0 0 plot33",
						"/execute as @s[tag=wdie] at @s run tag @s add plotdie"
					]
				},
				"pvmjfrfbvcx": {
					"transitions": [
						{
							"default": "query.variant != 32"
						},
						{
							"pvmjfrfbvc": "query.variant == 32"
						}
					]
				},
				"zdfsexixvl": {
					"transitions": [
						{
							"default": "query.variant != 33"
						},
						{
							"zdfsexixvlx": "query.variant == 33"
						}
					],
					"on_entry": [
						"/execute as @p[r=2,tag=wbdwdz] at @s run tellraw @a[r=200] {\"rawtext\":[{\"translate\":\"tell.plot1x.26.name\"}]}",
						"/execute as @p[r=2,tag=wbdwdz] at @s run tag @e[r=3,type=wb:plot_target] add wdie",
						"/execute as @s[tag=wdie] at @s run summon wb:plot_target 120536 102 120565 0 0 plot34",
						"/execute as @s[tag=wdie] at @s run tag @s add plotdie"
					]
				},
				"zdfsexixvlx": {
					"transitions": [
						{
							"default": "query.variant != 33"
						},
						{
							"zdfsexixvl": "query.variant == 33"
						}
					]
				},
				"bqaouhikco": {
					"transitions": [
						{
							"default": "query.variant != 34"
						},
						{
							"bqaouhikcox": "query.variant == 34"
						}
					],
					"on_entry": [
						"/execute as @p[r=2,tag=wbdwdz] at @s run tellraw @a[r=200] {\"rawtext\":[{\"translate\":\"tell.plot1x.27.name\"}]}",
						"/execute as @p[r=2,tag=wbdwdz] at @s run tag @e[r=3,type=wb:plot_target] add wdie",
						"/execute as @s[tag=wdie] at @s run summon wb:plot_target 120536 102 120559 0 0 plot35",
						"/execute as @s[tag=wdie] at @s run tag @s add plotdie"
					]
				},
				"bqaouhikcox": {
					"transitions": [
						{
							"default": "query.variant != 34"
						},
						{
							"bqaouhikco": "query.variant == 34"
						}
					]
				},
				"hyicludqdw": {
					"transitions": [
						{
							"default": "query.variant != 35"
						},
						{
							"hyicludqdwx": "query.variant == 35"
						}
					],
					"on_entry": [
						"/execute as @p[r=2,tag=wbdwdz] at @s run tag @e[r=3,type=wb:plot_target] add wdie",
						"/execute as @s[tag=wdie] at @s run summon wb:plot_target 120543 102 120559 0 0 plot36",
						"/execute as @s[tag=wdie] at @s run tag @s add plotdie"
					]
				},
				"hyicludqdwx": {
					"transitions": [
						{
							"default": "query.variant != 35"
						},
						{
							"hyicludqdw": "query.variant == 35"
						}
					]
				},
				"cqosqyzwxf": {
					"transitions": [
						{
							"default": "query.variant != 36"
						},
						{
							"cqosqyzwxfx": "query.variant == 36"
						}
					],
					"on_entry": [
						"/execute as @p[r=2,tag=wbdwdz] at @s run tag @e[r=3,type=wb:plot_target] add wdie",
						"/execute as @s[tag=wdie] at @s run summon wb:plot_target 120543 103 120553 0 0 plot37",
						"/execute as @s[tag=wdie] at @s run tag @s add plotdie"
					]
				},
				"cqosqyzwxfx": {
					"transitions": [
						{
							"default": "query.variant != 36"
						},
						{
							"cqosqyzwxf": "query.variant == 36"
						}
					]
				},
				"znommsbjsm": {
					"transitions": [
						{
							"default": "query.variant != 37"
						},
						{
							"znommsbjsmx": "query.variant == 37"
						}
					],
					"on_entry": [
						"/execute as @p[r=2,tag=wbdwdz] at @s run tag @e[r=3,type=wb:plot_target] add wdie",
						"/execute as @s[tag=wdie] at @s run summon wb:plot_target 120570 103 120553 0 0 plot38",
						"/execute as @s[tag=wdie] at @s run tag @s add plotdie"
					]
				},
				"znommsbjsmx": {
					"transitions": [
						{
							"default": "query.variant != 37"
						},
						{
							"znommsbjsm": "query.variant == 37"
						}
					]
				},
				"jlgyccjqsl": {
					"transitions": [
						{
							"default": "query.variant != 38"
						},
						{
							"jlgyccjqslx": "query.variant == 38"
						}
					],
					"on_entry": [
						"/execute as @p[r=2,tag=wbdwdz] at @s run tag @e[r=3,type=wb:plot_target] add wdie",
						"/execute as @s[tag=wdie] at @s run summon wb:plot_target 120576 103 120553 0 0 plot39",
						"/execute as @s[tag=wdie] at @s run tag @s add plotdie"
					]
				},
				"jlgyccjqslx": {
					"transitions": [
						{
							"default": "query.variant != 38"
						},
						{
							"jlgyccjqsl": "query.variant == 38"
						}
					]
				},
				"eaxxgfbtft": {
					"transitions": [
						{
							"default": "query.variant != 39"
						},
						{
							"eaxxgfbtftx": "query.variant == 39"
						}
					],
					"on_entry": [
						"/execute as @p[r=2,tag=wbdwdz] at @s run tag @e[r=3,type=wb:plot_target] add wdie",
						"/execute as @s[tag=wdie] at @s run summon wb:plot_target 120543 103 120553 0 0 plot40",
						"/execute as @s[tag=wdie] at @s run summon xxxxx 120579 103 0 0 120553",
						"/execute as @s[tag=wdie] at @s run tag @s add plotdie"
					]
				},
				"eaxxgfbtftx": {
					"transitions": [
						{
							"default": "query.variant != 39"
						},
						{
							"eaxxgfbtft": "query.variant == 39"
						}
					]
				},
				"ietnjqbxxe": {
					"transitions": [
						{
							"default": "query.variant != 40"
						},
						{
							"ietnjqbxxex": "query.variant == 40"
						}
					],
					"on_entry": [
						"/execute as @p[r=2,tag=wbdwdz] at @s run tag @e[r=3,type=wb:plot_target] add wdie",
						"/execute as @s[tag=wdie] at @s run summon wb:plot_target 120543 103 120544 0 0 plot41",
						"/execute as @s[tag=wdie] at @s run tag @s add plotdie"
					]
				},
				"ietnjqbxxex": {
					"transitions": [
						{
							"default": "query.variant != 40"
						},
						{
							"ietnjqbxxe": "query.variant == 40"
						}
					]
				},
				"xptksapucz": {
					"transitions": [
						{
							"default": "query.variant != 41"
						},
						{
							"xptksapuczx": "query.variant == 41"
						}
					],
					"on_entry": [
						"/execute as @p[r=2,tag=wbdwdz] at @s run tag @e[r=3,type=wb:plot_target] add wdie",
						"/execute as @s[tag=wdie] at @s run summon wb:plot_target 120554 104 120544 0 0 plot42",
						"/execute as @s[tag=wdie] at @s run tag @s add plotdie"
					]
				},
				"xptksapuczx": {
					"transitions": [
						{
							"default": "query.variant != 41"
						},
						{
							"xptksapucz": "query.variant == 41"
						}
					]
				},
				"wfkveqcmwq": {
					"transitions": [
						{
							"default": "query.variant != 42"
						},
						{
							"wfkveqcmwqx": "query.variant == 42"
						}
					],
					"on_entry": [
						"/execute as @p[r=2,tag=wbdwdz] at @s run tag @e[r=3,type=wb:plot_target] add wdie",
						"/execute as @s[tag=wdie] at @s run summon wb:plot_target 120554 104 120527 0 0 plot43",
						"/execute as @s[tag=wdie] at @s run tag @s add plotdie"
					]
				},
				"wfkveqcmwqx": {
					"transitions": [
						{
							"default": "query.variant != 42"
						},
						{
							"wfkveqcmwq": "query.variant == 42"
						}
					]
				},
				"lucrzprpan": {
					"transitions": [
						{
							"default": "query.variant != 43"
						},
						{
							"lucrzprpanx": "query.variant == 43"
						}
					],
					"on_entry": [
						"/execute as @p[r=2,tag=wbdwdz] at @s run tag @e[r=3,type=wb:plot_target] add wdie",
						"/execute as @s[tag=wdie] at @s run summon wb:plot_target 120543 104 120527 0 0 plot44",
						"/execute as @s[tag=wdie] at @s run tag @s add plotdie"
					]
				},
				"lucrzprpanx": {
					"transitions": [
						{
							"default": "query.variant != 43"
						},
						{
							"lucrzprpan": "query.variant == 43"
						}
					]
				},
				"oerychdlvi": {
					"transitions": [
						{
							"default": "query.variant != 44"
						},
						{
							"oerychdlvix": "query.variant == 44"
						}
					],
					"on_entry": [
						"/execute as @p[r=2,tag=wbdwdz] at @s run tag @e[r=3,type=wb:plot_target] add wdie",
						"/execute as @s[tag=wdie] at @s run summon wb:plot_target 120543 103 120518 0 0 plot45",
						"/execute as @s[tag=wdie] at @s run tag @s add plotdie"
					]
				},
				"oerychdlvix": {
					"transitions": [
						{
							"default": "query.variant != 44"
						},
						{
							"oerychdlvi": "query.variant == 44"
						}
					]
				},
				"yorthgxaax": {
					"transitions": [
						{
							"default": "query.variant != 45"
						},
						{
							"yorthgxaaxx": "query.variant == 45"
						}
					],
					"on_entry": [
						"/execute as @p[r=2,tag=wbdwdz] at @s run tag @e[r=3,type=wb:plot_target] add wdie",
						"/execute as @s[tag=wdie] at @s run summon wb:plot_target 120531 102 120518 0 0 plot46",
						"/execute as @s[tag=wdie] at @s run tag @s add plotdie"
					]
				},
				"yorthgxaaxx": {
					"transitions": [
						{
							"default": "query.variant != 45"
						},
						{
							"yorthgxaax": "query.variant == 45"
						}
					]
				},
				"ttmxcweyzh": {
					"transitions": [
						{
							"default": "query.variant != 46"
						},
						{
							"ttmxcweyzhx": "query.variant == 46"
						}
					],
					"on_entry": [
						"/execute as @p[r=2,tag=wbdwdz] at @s run tag @e[r=3,type=wb:plot_target] add wdie",
						"/execute as @s[tag=wdie] at @s run summon wb:plot_target 120531 102 120508 0 0 plot47",
						"/execute as @s[tag=wdie] at @s run tag @s add plotdie"
					]
				},
				"ttmxcweyzhx": {
					"transitions": [
						{
							"default": "query.variant != 46"
						},
						{
							"ttmxcweyzh": "query.variant == 46"
						}
					]
				},
				"hvglsoyurl": {
					"transitions": [
						{
							"default": "query.variant != 47"
						},
						{
							"hvglsoyurlx": "query.variant == 47"
						}
					],
					"on_entry": [
						"/execute as @p[r=2,tag=wbdwdz] at @s run tag @e[r=3,type=wb:plot_target] add wdie",
						"/execute as @s[tag=wdie] at @s run summon wb:plot_target 120556 104 120508 0 0 plot48",
						"/execute as @s[tag=wdie] at @s run tag @s add plotdie"
					]
				},
				"hvglsoyurlx": {
					"transitions": [
						{
							"default": "query.variant != 47"
						},
						{
							"hvglsoyurl": "query.variant == 47"
						}
					]
				},
				"bpabznmtdj": {
					"transitions": [
						{
							"default": "query.variant != 48"
						},
						{
							"bpabznmtdjx": "query.variant == 48"
						}
					],
					"on_entry": [
						"/execute as @p[r=2,tag=wbdwdz] at @s run tellraw @a[r=200] {\"rawtext\":[{\"translate\":\"tell.plot1x.28.name\"}]}",
						"/execute as @p[r=2,tag=wbdwdz] at @s run tag @e[r=3,type=wb:plot_target] add wdie",
						"/execute as @s[tag=wdie] at @s run summon wb:plot_target 120581 102 120507 0 0 plot49",
						"/execute as @s[tag=wdie] at @s run summon wb:magic_spider_a 120581 102 0 0 120508",
						"/execute as @s[tag=wdie] at @s run tag @s add plotdie"
					]
				},
				"bpabznmtdjx": {
					"transitions": [
						{
							"default": "query.variant != 48"
						},
						{
							"bpabznmtdj": "query.variant == 48"
						}
					]
				},
				"rztywihwmu": {
					"transitions": [
						{
							"default": "query.variant != 49"
						},
						{
							"rztywihwmux": "query.variant == 49"
						}
					],
					"on_entry": [
						"/execute as @p[r=2,tag=wbdwdz] at @s run tellraw @a[r=200] {\"rawtext\":[{\"translate\":\"tell.plot1x.29.name\"}]}",
						"/execute as @p[r=2,tag=wbdwdz] at @s run tag @e[r=3,type=wb:plot_target] add wdie",
						"/execute as @s[tag=wdie] at @s run summon wb:plot_target 120582 102 120514 0 0 plot50",
						"/execute as @s[tag=wdie] at @s run tag @s add plotdie",
						"/tp @e[type=wb:magic_spider_a] ~~~ facing @p"
					]
				},
				"rztywihwmux": {
					"transitions": [
						{
							"default": "query.variant != 49"
						},
						{
							"rztywihwmu": "query.variant == 49"
						}
					]
				},
				"cizktigcib": {
					"transitions": [
						{
							"default": "query.variant != 50"
						},
						{
							"cizktigcibx": "query.variant == 50"
						}
					],
					"on_entry": [
						"/execute as @p[r=2,tag=wbdwdz] at @s run tellraw @a[r=200] {\"rawtext\":[{\"translate\":\"tell.plot1x.30.name\"}]}",
						"/execute as @p[r=2,tag=wbdwdz] at @s run tag @e[r=3,type=wb:plot_target] add wdie",
						"/execute as @s[tag=wdie] at @s run summon wb:plot_target 120582 103 120520 0 0 plot51",
						"/execute as @s[tag=wdie] at @s run tag @s add plotdie",
						"/tp @e[type=wb:magic_spider_a] ~~~ facing @p"
					]
				},
				"cizktigcibx": {
					"transitions": [
						{
							"default": "query.variant != 50"
						},
						{
							"cizktigcib": "query.variant == 50"
						}
					]
				},
				"jodceiaayd": {
					"transitions": [
						{
							"default": "query.variant != 51"
						},
						{
							"jodceiaaydx": "query.variant == 51"
						}
					],
					"on_entry": [
						"/execute as @p[r=2,tag=wbdwdz] at @s run tellraw @a[r=200] {\"rawtext\":[{\"translate\":\"tell.plot1x.31.name\"}]}",
						"/execute as @p[r=2,tag=wbdwdz] at @s run tag @e[r=3,type=wb:plot_target] add wdie",
						"/execute as @s[tag=wdie] at @s run summon wb:plot_target 120582 103 120528 0 0 plot52",
						"/execute as @s[tag=wdie] at @s run tag @s add plotdie",
						"/tp @e[type=wb:magic_spider_a] ~~~ facing @p"
					]
				},
				"jodceiaaydx": {
					"transitions": [
						{
							"default": "query.variant != 51"
						},
						{
							"jodceiaayd": "query.variant == 51"
						}
					]
				},
				"qckticxnik": {
					"transitions": [
						{
							"default": "query.variant != 52"
						},
						{
							"qckticxnikx": "query.variant == 52"
						}
					],
					"on_entry": [
						"/execute as @p[r=2,tag=wbdwdz] at @s run tellraw @a[r=200] {\"rawtext\":[{\"translate\":\"tell.plot1x.32.name\"}]}",
						"/execute as @p[r=2,tag=wbdwdz] at @s run tag @e[r=3,type=wb:plot_target] add wdie",
						"/execute as @s[tag=wdie] at @s run summon wb:plot_target 120582 104 120534 0 0 plot53",
						"/execute as @s[tag=wdie] at @s run tag @s add plotdie",
						"/tp @e[type=wb:magic_spider_a] ~~~ facing @p"
					]
				},
				"qckticxnikx": {
					"transitions": [
						{
							"default": "query.variant != 52"
						},
						{
							"qckticxnik": "query.variant == 52"
						}
					]
				},
				"aluokypixi": {
					"transitions": [
						{
							"default": "query.variant != 53"
						},
						{
							"aluokypixix": "query.variant == 53"
						}
					],
					"on_entry": [
						"/execute as @p[r=2,tag=wbdwdz] at @s run tellraw @a[r=200] {\"rawtext\":[{\"translate\":\"tell.plot1x.33.name\"}]}",
						"/execute as @p[r=2,tag=wbdwdz] at @s run tag @e[r=3,type=wb:plot_target] add wdie",
						"/execute as @s[tag=wdie] at @s run summon wb:plot_target 120594 102 120533 0 0 plot54",
						"/execute as @s[tag=wdie] at @s run tag @s add plotdie",
						"/tp @e[type=wb:magic_spider_a] ~~~ facing @p"
					]
				},
				"aluokypixix": {
					"transitions": [
						{
							"default": "query.variant != 53"
						},
						{
							"aluokypixi": "query.variant == 53"
						}
					]
				},
				"bkwlojrgel": {
					"transitions": [
						{
							"default": "query.variant != 54"
						},
						{
							"bkwlojrgelx": "query.variant == 54"
						}
					],
					"on_entry": [
						"/execute as @p[r=2,tag=wbdwdz] at @s run tellraw @a[r=200] {\"rawtext\":[{\"translate\":\"tell.plot1x.34.name\"}]}",
						"/execute as @p[r=2,tag=wbdwdz] at @s run tag @e[r=3,type=wb:plot_target] add wdie",
						"/execute as @s[tag=wdie] at @s run summon wb:plot_target 120594 102 120542 0 0 plot55",
						"/execute as @s[tag=wdie] at @s run tag @s add plotdie",
						"/tp @e[type=wb:magic_spider_a] ~~~ facing @p"
					]
				},
				"bkwlojrgelx": {
					"transitions": [
						{
							"default": "query.variant != 54"
						},
						{
							"bkwlojrgel": "query.variant == 54"
						}
					]
				},
				"jllkwnbtxe": {
					"transitions": [
						{
							"default": "query.variant != 55"
						},
						{
							"jllkwnbtxex": "query.variant == 55"
						}
					],
					"on_entry": [
						"/execute as @p[r=2,tag=wbdwdz] at @s run tellraw @a[r=200] {\"rawtext\":[{\"translate\":\"tell.plot1x.35.name\"}]}",
						"/execute as @p[r=2,tag=wbdwdz] at @s run tag @e[r=3,type=wb:plot_target] add wdie",
						"/execute as @s[tag=wdie] at @s run summon wb:plot_target 120593 103 120556 0 0 plot56",
						"/execute as @s[tag=wdie] at @s run tag @s add plotdie",
						"/tp @e[type=wb:magic_spider_a] ~~~ facing @p"
					]
				},
				"jllkwnbtxex": {
					"transitions": [
						{
							"default": "query.variant != 55"
						},
						{
							"jllkwnbtxe": "query.variant == 55"
						}
					]
				},
				"hnftjhbfms": {
					"transitions": [
						{
							"default": "query.variant != 56"
						},
						{
							"hnftjhbfmsx": "query.variant == 56"
						}
					],
					"on_entry": [
						"/execute as @p[r=2,tag=wbdwdz] at @s run tellraw @a[r=200] {\"rawtext\":[{\"translate\":\"tell.plot1x.36.name\"}]}",
						"/execute as @p[r=2,tag=wbdwdz] at @s run tag @e[r=3,type=wb:plot_target] add wdie",
						"/execute as @s[tag=wdie] at @s run summon wb:plot_target 120593 103 120568 0 0 plot57",
						"/execute as @s[tag=wdie] at @s run tag @s add plotdie",
						"/tp @e[type=wb:magic_spider_a] ~~~ facing @p"
					]
				},
				"hnftjhbfmsx": {
					"transitions": [
						{
							"default": "query.variant != 56"
						},
						{
							"hnftjhbfms": "query.variant == 56"
						}
					]
				},
				"elqzrvoebc": {
					"transitions": [
						{
							"default": "query.variant != 57"
						},
						{
							"elqzrvoebcx": "query.variant == 57"
						}
					],
					"on_entry": [
						"/execute as @p[r=2,tag=wbdwdz] at @s run tellraw @a[r=200] {\"rawtext\":[{\"translate\":\"tell.plot1x.37.name\"}]}",
						"/execute as @p[r=2,tag=wbdwdz] at @s run tag @e[r=3,type=wb:plot_target] add wdie",
						"/execute as @s[tag=wdie] at @s run summon wb:plot_target 120618 103 120569 0 0 plot58",
						"/execute as @s[tag=wdie] at @s run tag @s add plotdie",
						"/tp @e[type=wb:magic_spider_a] ~~~ facing @p"
					]
				},
				"elqzrvoebcx": {
					"transitions": [
						{
							"default": "query.variant != 57"
						},
						{
							"elqzrvoebc": "query.variant == 57"
						}
					]
				},
				"bvaymcfunx": {
					"transitions": [
						{
							"default": "query.variant != 58"
						},
						{
							"bvaymcfunxx": "query.variant == 58"
						}
					],
					"on_entry": [
						"/execute as @p[r=2,tag=wbdwdz] at @s run tellraw @a[r=200] {\"rawtext\":[{\"translate\":\"tell.plot1x.38.name\"}]}",
						"/execute as @p[r=2,tag=wbdwdz] at @s run tag @e[r=3,type=wb:plot_target] add wdie",
						"/execute as @s[tag=wdie] at @s run summon wb:plot_target 120636 103 120569 0 0 plot59",
						"/execute as @s[tag=wdie] at @s run tag @s add plotdie",
						"/tp @e[type=wb:magic_spider_a] ~~~ facing @p"
					]
				},
				"bvaymcfunxx": {
					"transitions": [
						{
							"default": "query.variant != 58"
						},
						{
							"bvaymcfunx": "query.variant == 58"
						}
					]
				},
				"vjxcigbnax": {
					"transitions": [
						{
							"default": "query.variant != 59"
						},
						{
							"vjxcigbnaxx": "query.variant == 59"
						}
					],
					"on_entry": [
						"/execute as @p[r=2,tag=wbdwdz] at @s run tellraw @a[r=200] {\"rawtext\":[{\"translate\":\"tell.plot1x.39.name\"}]}",
						"/execute as @p[r=2,tag=wbdwdz] at @s run tag @e[r=3,type=wb:plot_target] add wdie",
						"/execute as @s[tag=wdie] at @s run summon wb:plot_target 120651 104 120564 0 0 plot60",
						"/execute as @s[tag=wdie] at @s run tag @s add plotdie",
						"/tp @e[type=wb:magic_spider_a] ~~~ facing @p"
					]
				},
				"vjxcigbnaxx": {
					"transitions": [
						{
							"default": "query.variant != 59"
						},
						{
							"vjxcigbnax": "query.variant == 59"
						}
					]
				},
				"xcqqyhftcq": {
					"transitions": [
						{
							"default": "query.variant != 60"
						},
						{
							"xcqqyhftcqx": "query.variant == 60"
						}
					],
					"on_entry": [
						"/execute as @p[r=2,tag=wbdwdz] at @s run tellraw @a[r=200] {\"rawtext\":[{\"translate\":\"tell.plot1x.40.name\"}]}",
						"/execute as @p[r=2,tag=wbdwdz] at @s run tag @e[r=3,type=wb:plot_target] add wdie",
						"/execute as @s[tag=wdie] at @s run summon wb:plot_target 120661 104 120564 0 0 plot61",
						"/execute as @s[tag=wdie] at @s run tag @s add plotdie",
						"/tp @e[type=wb:magic_spider_a] ~~~ facing @p"
					]
				},
				"xcqqyhftcqx": {
					"transitions": [
						{
							"default": "query.variant != 60"
						},
						{
							"xcqqyhftcq": "query.variant == 60"
						}
					]
				},
				"uiyzwkpuja": {
					"transitions": [
						{
							"default": "query.variant != 61"
						},
						{
							"uiyzwkpujax": "query.variant == 61"
						}
					],
					"on_entry": [
						"/execute as @p[r=2,tag=wbdwdz] at @s run tellraw @a[r=200] {\"rawtext\":[{\"translate\":\"tell.plot1x.41.name\"}]}",
						"/execute as @p[r=2,tag=wbdwdz] at @s run tellraw @a[r=200] {\"rawtext\":[{\"translate\":\"tell.plot1x.42.name\"}]}",
						"/execute as @p[r=2,tag=wbdwdz] at @s run tag @e[r=3,type=wb:plot_target] add wdie",
						"/execute as @s[tag=wdie] at @s run summon wb:plot_target 120671 104 120559 0 0 plot62",
						"/execute as @s[tag=wdie] at @s run tag @s add plotdie",
						"/tp @e[type=wb:magic_spider_a] ~~~ facing @p"
					]
				},
				"uiyzwkpujax": {
					"transitions": [
						{
							"default": "query.variant != 61"
						},
						{
							"uiyzwkpuja": "query.variant == 61"
						}
					]
				},
				"lvdnpvrabc": {
					"transitions": [
						{
							"default": "query.variant != 62"
						},
						{
							"lvdnpvrabcx": "query.variant == 62"
						}
					],
					"on_entry": [
						"/execute as @p[r=2,tag=wbdwdz] at @s run tellraw @a[r=200] {\"rawtext\":[{\"translate\":\"tell.plot1x.43.name\"}]}",
						"/execute as @p[r=2,tag=wbdwdz] at @s run tag @e[r=3,type=wb:plot_target] add wdie",
						"/execute as @s[tag=wdie] at @s run summon wb:plot_target 120671 104 120554 0 0 plot63",
						"/execute as @s[tag=wdie] at @s run tag @s add plotdie",
						"/tp @e[type=wb:magic_spider_a] ~~~ facing @p"
					]
				},
				"lvdnpvrabcx": {
					"transitions": [
						{
							"default": "query.variant != 62"
						},
						{
							"lvdnpvrabc": "query.variant == 62"
						}
					]
				},
				"lgujapdikd": {
					"transitions": [
						{
							"default": "query.variant != 63"
						},
						{
							"lgujapdikdx": "query.variant == 63"
						}
					],
					"on_entry": [
						"/execute as @p[r=2,tag=wbdwdz] at @s run tellraw @a[r=200] {\"rawtext\":[{\"translate\":\"tell.plot1x.44.name\"}]}",
						"/execute as @p[r=2,tag=wbdwdz] at @s run tag @e[r=3,type=wb:plot_target] add wdie",
						"/execute as @s[tag=wdie] at @s run summon wb:plot_target 120671 104 120549 0 0 plot64",
						"/execute as @s[tag=wdie] at @s run tag @s add plotdie",
						"/tp @e[type=wb:magic_spider_a] ~~~ facing @p"
					]
				},
				"lgujapdikdx": {
					"transitions": [
						{
							"default": "query.variant != 63"
						},
						{
							"lgujapdikd": "query.variant == 63"
						}
					]
				},
				"thuvzhrbpv": {
					"transitions": [
						{
							"default": "query.variant != 64"
						},
						{
							"thuvzhrbpvx": "query.variant == 64"
						}
					],
					"on_entry": [
						"/execute as @p[r=2,tag=wbdwdz] at @s run tellraw @a[r=200] {\"rawtext\":[{\"translate\":\"tell.plot1x.45.name\"}]}",
						"/execute as @p[r=2,tag=wbdwdz] at @s run tellraw @a[r=200] {\"rawtext\":[{\"translate\":\"tell.plot1x.46.name\"}]}",
						"/execute as @p[r=2,tag=wbdwdz] at @s run tag @e[r=3,type=wb:plot_target] add wdie",
						"/execute as @s[tag=wdie] at @s run summon wb:plot_target 120671 104 120544 0 0 plot65",
						"/execute as @s[tag=wdie] at @s run tag @s add plotdie",
						"/tp @e[type=wb:magic_spider_a] ~~~ facing @p"
					]
				},
				"thuvzhrbpvx": {
					"transitions": [
						{
							"default": "query.variant != 64"
						},
						{
							"thuvzhrbpv": "query.variant == 64"
						}
					]
				},
				"okqnqlfwtx": {
					"transitions": [
						{
							"default": "query.variant != 65"
						},
						{
							"okqnqlfwtxx": "query.variant == 65"
						}
					],
					"on_entry": [
						"/execute as @p[r=2,tag=wbdwdz] at @s run tellraw @a[r=200] {\"rawtext\":[{\"translate\":\"tell.plot1x.47.name\"}]}",
						"/execute as @p[r=2,tag=wbdwdz] at @s run tag @e[r=3,type=wb:plot_target] add wdie",
						"/execute as @s[tag=wdie] at @s run summon wb:plot_target 120671 104 120539 0 0 plot66",
						"/execute as @s[tag=wdie] at @s run tag @s add plotdie",
						"/tp @e[type=wb:magic_spider_a] ~~~ facing @p"
					]
				},
				"okqnqlfwtxx": {
					"transitions": [
						{
							"default": "query.variant != 65"
						},
						{
							"okqnqlfwtx": "query.variant == 65"
						}
					]
				},
				"jadhkqehtc": {
					"transitions": [
						{
							"default": "query.variant != 66"
						},
						{
							"jadhkqehtcx": "query.variant == 66"
						}
					],
					"on_entry": [
						"/execute as @p[r=2,tag=wbdwdz] at @s run tellraw @a[r=200] {\"rawtext\":[{\"translate\":\"tell.plot1x.48.name\"}]}",
						"/execute as @p[r=2,tag=wbdwdz] at @s run tag @e[r=3,type=wb:plot_target] add wdie",
						"/execute as @s[tag=wdie] at @s run scoreboard players set @a[r=100] wbjqbf 4",
						"/execute as @s[tag=wdie] at @s run tag @s add plotdie"
					]
				},
				"jadhkqehtcx": {
					"transitions": [
						{
							"default": "query.variant != 66"
						},
						{
							"jadhkqehtc": "query.variant == 66"
						}
					]
				},
				"cygorfabxg": {
					"transitions": [
						{
							"default": "query.variant != 67"
						},
						{
							"cygorfabxgx": "query.variant == 67"
						}
					],
					"on_entry": [
						"/execute as @p[r=2,tag=wbdwdz] at @s run tellraw @a[r=200] {\"rawtext\":[{\"translate\":\"tell.plot1x.49.name\"}]}",
						"/execute as @p[r=2,tag=wbdwdz] at @s run tag @e[r=3,type=wb:plot_target] add wdie",
						"/execute as @s[tag=wdie] at @s run summon wb:plot_target 120665 104 120528 0 0 plot68",
						"/execute as @s[tag=wdie] at @s run tag @s add plotdie"
					]
				},
				"cygorfabxgx": {
					"transitions": [
						{
							"default": "query.variant != 67"
						},
						{
							"cygorfabxg": "query.variant == 67"
						}
					]
				},
				"qbunszmhzp": {
					"transitions": [
						{
							"default": "query.variant != 68"
						},
						{
							"qbunszmhzpx": "query.variant == 68"
						}
					],
					"on_entry": [
						"/execute as @p[r=2,tag=wbdwdz] at @s run tellraw @a[r=200] {\"rawtext\":[{\"translate\":\"tell.plot1x.50.name\"}]}",
						"/execute as @p[r=2,tag=wbdwdz] at @s run tellraw @a[r=200] {\"rawtext\":[{\"translate\":\"tell.plot1x.51.name\"}]}",
						"/execute as @p[r=2,tag=wbdwdz] at @s run tag @e[r=3,type=wb:plot_target] add wdie",
						"/execute as @s[tag=wdie] at @s run summon wb:plot_target 120653 104 120528 0 0 plot69",
						"/execute as @s[tag=wdie] at @s run tag @s add plotdie"
					]
				},
				"qbunszmhzpx": {
					"transitions": [
						{
							"default": "query.variant != 68"
						},
						{
							"qbunszmhzp": "query.variant == 68"
						}
					]
				},
				"fwwyetjifg": {
					"transitions": [
						{
							"default": "query.variant != 69"
						},
						{
							"fwwyetjifgx": "query.variant == 69"
						}
					],
					"on_entry": [
						"/execute as @p[r=2,tag=wbdwdz] at @s run tellraw @a[r=200] {\"rawtext\":[{\"translate\":\"tell.plot1x.52.name\"}]}",
						"/execute as @p[r=2,tag=wbdwdz] at @s run tag @e[r=3,type=wb:plot_target] add wdie",
						"/execute as @s[tag=wdie] at @s run summon wb:plot_target 120653 104 120528 0 0 plot70",
						"/execute as @s[tag=wdie] at @s run tp @e[type=wb:magic_spider_a] ~ ~-50 ~",
						"/execute as @s[tag=wdie] at @s run kill @e[type=wb:magic_spider_a]",
						"/execute as @s[tag=wdie] at @s run tag @s add plotdie"
					]
				},
				"fwwyetjifgx": {
					"transitions": [
						{
							"default": "query.variant != 69"
						},
						{
							"fwwyetjifg": "query.variant == 69"
						}
					]
				},
				"augmnyiwia": {
					"transitions": [
						{
							"default": "query.variant != 70"
						},
						{
							"augmnyiwiax": "query.variant == 70"
						}
					],
					"on_entry": [
						"/execute as @p[r=2,tag=wbdwdz] at @s run tellraw @a[r=200] {\"rawtext\":[{\"translate\":\"tell.plot1x.53.name\"}]}",
						"/execute as @p[r=2,tag=wbdwdz] at @s run tellraw @a[r=200] {\"rawtext\":[{\"translate\":\"tell.plot1x.54.name\"}]}",
						"/execute as @p[r=2,tag=wbdwdz] at @s run tellraw @a[r=200] {\"rawtext\":[{\"translate\":\"tell.plot1x.55.name\"}]}",
						"/execute as @p[r=2,tag=wbdwdz] at @s run tag @e[r=3,type=wb:plot_target] add wdie",
						"/execute as @s[tag=wdie] at @s run summon wb:plot_target 120644 103 120528 0 0 plot71",
						"/execute as @s[tag=wdie] at @s run tag @s add plotdie"
					]
				},
				"augmnyiwiax": {
					"transitions": [
						{
							"default": "query.variant != 70"
						},
						{
							"augmnyiwia": "query.variant == 70"
						}
					]
				},
				"hxlhjttidi": {
					"transitions": [
						{
							"default": "query.variant != 71"
						},
						{
							"hxlhjttidix": "query.variant == 71"
						}
					],
					"on_entry": [
						"/execute as @p[r=2,tag=wbdwdz] at @s run tellraw @a[r=200] {\"rawtext\":[{\"translate\":\"tell.plot1x.56.name\"}]}",
						"/execute as @p[r=2,tag=wbdwdz] at @s run tag @e[r=3,type=wb:plot_target] add wdie",
						"/execute as @s[tag=wdie] at @s run summon wb:plot_target 9999999 99999 99 0 0 plot72",
						"/execute as @s[tag=wdie] at @s run tp @a[r=100] 120623 102 120540",
						"/execute as @s[tag=wdie] at @s run scoreboard players set @a[r=100] wbjqbf 6",
						"/execute as @s[tag=wdie] at @s run tag @s add plotdie"
					]
				},
				"hxlhjttidix": {
					"transitions": [
						{
							"default": "query.variant != 71"
						},
						{
							"hxlhjttidi": "query.variant == 71"
						}
					]
				},
				"vwcpmwgqgk": {
					"transitions": [
						{
							"default": "query.variant != 72"
						},
						{
							"vwcpmwgqgkx": "query.variant == 72"
						}
					],
					"on_entry": [
						"/execute as @p[r=2,tag=wbdwdz] at @s run tellraw @a[r=200] {\"rawtext\":[{\"translate\":\"tell.plot1x.57.name\"}]}",
						"/execute as @p[r=2,tag=wbdwdz] at @s run tellraw @a[r=200] {\"rawtext\":[{\"translate\":\"tell.plot1x.58.name\"}]}",
						"/execute as @p[r=2,tag=wbdwdz] at @s run tellraw @a[r=200] {\"rawtext\":[{\"translate\":\"tell.plot1x.59.name\"}]}",
						"/execute as @p[r=2,tag=wbdwdz] at @s run tellraw @a[r=200] {\"rawtext\":[{\"translate\":\"tell.plot1x.60.name\"}]}",
						"/execute as @p[r=2,tag=wbdwdz] at @s run tellraw @a[r=200] {\"rawtext\":[{\"translate\":\"tell.plot1x.61.name\"}]}",
						"/execute as @p[r=2,tag=wbdwdz] at @s run tellraw @a[r=200] {\"rawtext\":[{\"translate\":\"tell.plot1x.62.name\"}]}",
						"/execute as @p[r=2,tag=wbdwdz] at @s run tellraw @a[r=200] {\"rawtext\":[{\"translate\":\"tell.plot1x.63.name\"}]}",
						"/execute as @p[r=2,tag=wbdwdz] at @s run tellraw @a[r=200] {\"rawtext\":[{\"translate\":\"tell.plot1x.64.name\"}]}",
						"/execute as @p[r=2,tag=wbdwdz] at @s run tellraw @a[r=200] {\"rawtext\":[{\"translate\":\"tell.plot1x.65.name\"}]}",
						"/execute as @p[r=2,tag=wbdwdz] at @s run tellraw @a[r=200] {\"rawtext\":[{\"translate\":\"tell.plot1x.66.name\"}]}",
						"/execute as @p[r=2,tag=wbdwdz] at @s run tellraw @a[r=200] {\"rawtext\":[{\"translate\":\"tell.plot1x.67.name\"}]}",
						"/execute as @p[r=2,tag=wbdwdz] at @s run tellraw @a[r=200] {\"rawtext\":[{\"translate\":\"tell.plot1x.68.name\"}]}",
						"/execute as @p[r=2,tag=wbdwdz] at @s run tellraw @a[r=200] {\"rawtext\":[{\"translate\":\"tell.plot1x.69.name\"}]}",
						"/execute as @p[r=2,tag=wbdwdz] at @s run tellraw @a[r=200] {\"rawtext\":[{\"translate\":\"tell.plot1x.70.name\"}]}",
						"/execute as @p[r=2,tag=wbdwdz] at @s run tellraw @a[r=200] {\"rawtext\":[{\"translate\":\"tell.plot1x.71.name\"}]}",
						"/execute as @p[r=2,tag=wbdwdz] at @s run tellraw @a[r=200] {\"rawtext\":[{\"translate\":\"tell.plot1x.72.name\"}]}",
						"/execute as @p[r=2,tag=wbdwdz] at @s run tellraw @a[r=200] {\"rawtext\":[{\"translate\":\"tell.plot1x.73.name\"}]}",
						"/execute as @p[r=2,tag=wbdwdz] at @s run tellraw @a[r=200] {\"rawtext\":[{\"translate\":\"tell.plot1x.74.name\"}]}",
						"/execute as @p[r=2,tag=wbdwdz] at @s run tellraw @a[r=200] {\"rawtext\":[{\"translate\":\"tell.plot1x.75.name\"}]}",
						"/execute as @p[r=2,tag=wbdwdz] at @s run tellraw @a[r=200] {\"rawtext\":[{\"translate\":\"tell.plot1x.76.name\"}]}",
						"/execute as @p[r=2,tag=wbdwdz] at @s run tellraw @a[r=200] {\"rawtext\":[{\"translate\":\"tell.plot1x.77.name\"}]}",
						"/execute as @p[r=2,tag=wbdwdz] at @s run tellraw @a[r=200] {\"rawtext\":[{\"translate\":\"tell.plot1x.78.name\"}]}",
						"/execute as @p[r=2,tag=wbdwdz] at @s run tellraw @a[r=200] {\"rawtext\":[{\"translate\":\"tell.plot1x.79.name\"}]}",
						"/execute as @p[r=2,tag=wbdwdz] at @s run tellraw @a[r=200] {\"rawtext\":[{\"translate\":\"tell.plot1x.80.name\"}]}",
						"/execute as @p[r=2,tag=wbdwdz] at @s run tellraw @a[r=200] {\"rawtext\":[{\"translate\":\"tell.plot1x.81.name\"}]}",
						"/execute as @p[r=2,tag=wbdwdz] at @s run tellraw @a[r=200] {\"rawtext\":[{\"translate\":\"tell.plot1x.82.name\"}]}",
						"/execute as @p[r=2,tag=wbdwdz] at @s run tellraw @a[r=200] {\"rawtext\":[{\"translate\":\"tell.plot1x.83.name\"}]}",
						"/execute as @p[r=2,tag=wbdwdz] at @s run tellraw @a[r=200] {\"rawtext\":[{\"translate\":\"tell.plot1x.84.name\"}]}",
						"/execute as @p[r=2,tag=wbdwdz] at @s run tellraw @a[r=200] {\"rawtext\":[{\"translate\":\"tell.plot1x.85.name\"}]}",
						"/execute as @p[r=2,tag=wbdwdz] at @s run tellraw @a[r=200] {\"rawtext\":[{\"translate\":\"tell.plot1x.86.name\"}]}",
						"/execute as @p[r=2,tag=wbdwdz] at @s run tag @e[r=3,type=wb:plot_target] add wdie",
						"/execute as @s[tag=wdie] at @s run summon wb:plot_target 我是永远不可能替换的坐标 plot1",
						"/execute as @s[tag=wdie] at @s run scoreboard players set @a[r=100] wbjqbf 1",
						"/execute as @s[tag=wdie] at @s run scoreboard players set @a[r=100] wbjqzj 2",
						"/execute as @s[tag=wdie] at @s run tag @s add plotdie",
						"/execute as @s[tag=wdie] at @s run tp @a[r=200] 120613 102 120511"
					]
				},
				"vwcpmwgqgkx": {
					"transitions": [
						{
							"default": "query.variant != 72"
						},
						{
							"vwcpmwgqgk": "query.variant == 72"
						}
					]
				}
			}
		}
	}
}