{
  "format_version": "1.10.0",
  "minecraft:client_entity": {
    "description": {
      "identifier": "dec:baby_ender_dragon",
      "materials": { "default": "husk" },
      "textures": {
        "default": "textures/entity/baby_ender_dragon"
      },
      "geometry": {
        "default": "geometry.dragon_small"
      },
      "scripts": {
        "scale": "2",
        "animate": [
          "fly"
        ]
      },
      "animations": {
        "fly": "animation.dragon_small.fly"
      },
      "render_controllers": [ "controller.render.star" ],
      "spawn_egg": {
        "base_color": "#0F0F0F",
        "overlay_color": "#1C1C1C"
      }
    }
  }
}
