{
  "format_version": "1.8.0",
  "animations": {
    "animation.dragon_ter.move": {
      "bones": {
        "body": {
          "rotation": [0,-90,0]
        },
        "somite1": {
          "rotation": [
            "v.body_0_rotx",
            "v.body_0_roty",
            0
          ]
        },
        "somite2": {
          "rotation": [
            "v.body_1_rotx",
            "v.body_1_roty",
            0
          ]
        },
        "somite3": {
          "rotation": [
            "v.body_2_rotx",
            "v.body_2_roty",
            0
          ]
        },
        "somite4": {
          "rotation": [
            "v.body_3_rotx",
            "v.body_3_roty",
            0
          ]
        },
        "somite5": {
          "rotation": [
            "v.body_4_rotx",
            "v.body_4_roty",
            0
          ]
        },
        "somite6": {
          "rotation": [
            "v.body_5_rotx",
            "v.body_5_roty",
            0
          ]
        }
      },
      "loop": true
    }
  }
}