{
	"format_version": "1.8.0",
	"animations": {
		"animation.havoc.strike.attack": {
			"animation_length": 1.0,
			"bones": {
				"all": {
					"rotation": {
						"0.0": [0, 0, 0],
						"0.24": [0, 0, 0],
						"0.52": [-7.5, 0, 0],
						"0.57": [0, 0, 0],
						"0.62": [14.81, 0, 0],
						"0.86": [0, 0, 0]
					},
					"position": {
						"0.0": [0, 0, 0],
						"0.24": [0, -4, 0],
						"0.52": [0, -1.7, 0],
						"0.57": [0, -3.74, 10],
						"0.62": [0, -3.49, -10],
						"0.86": [0, 0, 0]
					},
					"scale": {
						"0.0": [1, 1, 1],
						"0.52": [1, 1, 1],
						"0.86": [1, 1, 1]
					}
				},
				"tail1": {
					"rotation": {
						"0.0": [0, 0, 0],
						"0.24": [-25, 0, 0],
						"0.64": [0, 0, 0]
					}
				},
				"tail2": {
					"rotation": {
						"0.0": [0, 0, 0],
						"0.24": [-2.5, 0, 0],
						"0.64": [0, 0, 0]
					}
				},
				"tail3": {
					"rotation": {
						"0.0": [0, 0, 0],
						"0.24": [15, 0, 0],
						"0.64": [0, 0, 0]
					}
				},
				"tail4": {
					"rotation": {
						"0.0": [0, 0, 0],
						"0.24": [70, 0, 0],
						"0.64": [0, 0, 0]
					}
				},
				"tail5": {
					"rotation": {
						"0.0": [0, 0, 0],
						"0.24": [42.5, 0, 0],
						"0.46": [0, 0, 0]
					}
				},
				"tail6": {
					"rotation": {
						"0.0": [0, 0, 0],
						"0.24": [72.5, 0, 0],
						"0.46": [0, 0, 0]
					}
				},
				"tail7": {
					"rotation": {
						"0.0": [0, 0, 0],
						"0.24": [62.5, 0, 0],
						"0.46": [0, 0, 0]
					}
				},
				"tail8": {
					"rotation": {
						"0.0": [0, 0, 0],
						"0.24": [85, 0, 0],
						"0.46": [0, 0, 0]
					}
				},
				"tail9": {
					"rotation": {
						"0.0": [0, 0, 0],
						"0.24": [92.5, 0, 0],
						"0.46": [0, 0, 0]
					}
				},
				"neck": {
					"rotation": {
						"0.0": [0, 0, 0],
						"0.24": [-10, 0, 0],
						"0.62": [-28.5, 0, 0],
						"0.72": [-8, 0, 0],
						"1.00": [0, 0, 0]
					},
					"position": {
						"0.0": [0, 0, 0],
						"0.24": [0, 0, 2],
						"0.62": [0, 0, 3.43],
						"0.72": [0, 0, 0],
						"1.00": [0, 0, 0]
					}
				},
				"neckz": {
					"rotation": {
						"0.0": [0, 0, 0],
						"0.24": [-2.5, 0, 0],
						"0.62": [-2.5, 0, 0],
						"0.72": [-2.5, 0, 0],
						"1.00": [0, 0, 0]
					}
				},
				"necky": {
					"rotation": {
						"0.0": [0, 0, 0],
						"0.24": [-5, 0, 0],
						"0.62": [-2.66667, 0, 0],
						"0.72": [-2.67, 0, 0],
						"1.00": [0, 0, 0]
					}
				},
				"neckx": {
					"rotation": {
						"0.0": [0, 0, 0],
						"0.24": [10, 0, 0],
						"0.62": [12.83333, 0, 0],
						"0.72": [4, 0, 0],
						"1.00": [0, 0, 0]
					},
					"position": {
						"0.24": [0, 0, 0],
						"0.62": [0, 1, 3],
						"0.72": [0, 2, 2.4],
						"1.00": [0, 0, 0]
					}
				},
				"head": {
					"rotation": {
						"0.0": [0, 0, 0],
						"0.24": [-20, 0, 0],
						"0.62": [6.83333, 0, 0],
						"0.72": [4, 0, 0],
						"1.00": [0, 0, 0]
					},
					"position": {
						"0.24": [0, 0, 0],
						"0.62": [0, 0, 3],
						"0.72": [0, 0, 2],
						"1.00": [0, 0, 0]
					}
				},
				"moutha1": {
					"rotation": {
						"0.0": [0, 0, 0],
						"0.24": [20, 0, 0],
						"0.64": [0, 0, 0]
					}
				},
				"moutha2": {
					"rotation": {
						"0.0": [0, 0, 0],
						"0.24": [15, 0, 0],
						"0.46": [20, 0, 0],
						"0.64": [0, 0, 0]
					}
				},
				"hand1": {
					"rotation": {
						"0.0": [0, 0, 0],
						"0.2": [-25, 0, 0],
						"0.4": [20, 30, 60],
						"0.52": [18, 31, 73],
						"0.57": [110.75627, -72.26307, 13.96048],
						"0.62": [250, -18, -60],
						"0.77": [249.94, -18.8, -59.01],
						"0.86": [-23.73378, -54.91153, 42.32575],
						"0.97": [0, 0, 0]
					},
					"position": {
						"0.2": [0, 0, 0],
						"0.4": [0, 0, 3],
						"0.52": [0, 0, 3],
						"0.57": [0, 0, -2],
						"0.62": [0, 0, -5],
						"0.77": [0, 0, -5],
						"0.86": [0, 0, 3],
						"0.97": [0, 0, 0]
					}
				},
				"hand1a1": {
					"rotation": {
						"0.0": [0, 0, 0],
						"0.24": [-10, 65, -5],
						"0.52": [-10, 65, -5],
						"0.57": [-10, 65, -5],
						"0.77": [-10, 65, -5],
						"0.86": [-10, 65, -5],
						"0.97": [0, 0, 0]
					}
				},
				"hand1a2": {
					"rotation": {
						"0.0": [0, 0, 0],
						"0.24": [0, 0, 0],
						"0.52": [0, 0, 0],
						"0.57": [0, 0, 0],
						"0.77": [0, 0, 0],
						"0.86": [0, 0, 0],
						"0.97": [0, 0, 0]
					},
					"position": {
						"0.0": [0, 0, 0],
						"0.24": [0, 0, 0],
						"0.52": [0, 0, 0],
						"0.57": [0, 0, 0],
						"0.77": [0, 0, 0],
						"0.86": [0, 0, 0],
						"0.97": [0, 0, 0]
					}
				},
				"hand1a3": {
					"rotation": {
						"0.0": [0, 0, 0],
						"0.4": [-40, 40, 30],
						"0.52": [-132, 16, -78],
						"0.57": [-186.47902, -21.92477, -155.24812],
						"0.62": [-218, -17, -114],
						"0.77": [-216.32398, 0.11786, -102.89046],
						"0.86": [-26.64695, 44.21748, 5.06532],
						"0.97": [0, 0, 0]
					},
					"position": {
						"0.0": [0, 0, 0],
						"0.4": [0, 0, 0],
						"0.52": [-1, -2, 1],
						"0.57": [-1, -2, 1],
						"0.62": [-3, -3, 2],
						"0.77": [-3, -3, 2],
						"0.86": [-1, -2, 1],
						"0.97": [0, 0, 0]
					}
				},
				"weapon": {
					"rotation": {
						"0.0": [0, 0, 0],
						"0.24": [-175.70823, 12.36977, -158.52178],
						"0.52": [-175, 12, -158],
						"0.57": [-135, 20, -48],
						"0.6": [-146, 20, -68],
						"0.62": [-78, 20, -36],
						"0.77": [-52.91329, -7.0246, -24.33104],
						"0.86": [27.5, 4.06, 0],
						"0.97": [0, 0, 0]
					},
					"position": {
						"0.0": [0, 0, 0],
						"0.24": [-2, 0, 0],
						"0.52": [-2, 0, 0],
						"0.57": [-2, 0, 0],
						"0.6": [-2, 0, 1],
						"0.62": [-5, 0, 1],
						"0.77": [-5, 0, 1],
						"0.86": [-2, 0, 0],
						"0.97": [0, 0, 0]
					}
				},
				"hand2": {
					"rotation": {
						"0.0": [0, 0, 0],
						"0.24": [12.5, 0, 0],
						"0.64": [0, 0, 0]
					}
				},
				"hand1a4": {
					"rotation": {
						"0.0": [0, 0, 0],
						"0.24": [0, 0, 0],
						"0.64": [0, 0, 0]
					}
				},
				"hand1a5": {
					"rotation": {
						"0.0": [0, 0, 0],
						"0.24": [0, 0, 0],
						"0.64": [0, 0, 0]
					}
				},
				"hand1a6": {
					"rotation": {
						"0.0": [0, 0, 0],
						"0.24": [-2, 2.5, 7],
						"0.46": [2, -2.5, -7],
						"0.64": [0, 0, 0]
					}
				},
				"weapon2": {
					"rotation": {
						"0.0": [0, 0, 0],
						"0.24": [12.5, 0, 0],
						"0.64": [0, 0, 0]
					}
				},
				"hand3": {
					"rotation": {
						"0.0": [0, 0, 0],
						"0.24": [10, 0, 0],
						"0.64": [0, 0, 0]
					}
				},
				"weapon3": {
					"rotation": {
						"0.0": [0, 0, 0],
						"0.24": [-12.5, 0, 0],
						"0.64": [0, 0, 0]
					}
				},
				"hand4": {
					"rotation": {
						"0.0": [0, 0, 0],
						"0.24": [10, 0, 0],
						"0.64": [0, 0, 0]
					}
				},
				"weapon4": {
					"rotation": {
						"0.0": [0, 0, 0],
						"0.24": [-12.5, 0, 0],
						"0.64": [0, 0, 0]
					}
				},
				"tail": {
					"rotation": {
						"0.0": [0, 0, 0],
						"0.24": [0, 0, 0]
					},
					"position": {
						"0.0": [0, 0, 0],
						"0.24": [0, 0, 3],
						"0.64": [0, 0, 0]
					}
				},
				"body": {
					"rotation": {
						"0.0": [0, 0, 0],
						"0.24": [-3, 0, 0],
						"0.62": [-14.91667, 0, 0],
						"1.00": [0, 0, 0]
					},
					"position": {
						"0.0": [0, 0, 0],
						"0.24": [0, 0, 1],
						"1.00": [0, 0, 0]
					}
				}
			}
		}
	}
}