{
    "namespace": "server_form",
    "center_fold": {
        "type": "panel",
        "controls": [
            {
                "center_bg": {
                    "type": "image",
                    "layer": 10,
                    "texture": "textures/pom_ui/alert_menu_background",
                    "size": [
                        "100% + 8px",
                        "100% - 6px"
                    ]
                }
            },
            {
                "center_view": {
                    "type": "panel",
                    "offset": [
                        35,
                        6
                    ],
                    "size": [
                        "100% - 75px",
                        "100% - 30px"
                    ],
                    "controls": [
                        {
                            "centerbg": {
                                "type": "image",
                                "layer": 14,
                                "offset": [
                                    -3,
                                    -3
                                ],
                                "size": [
                                    "100% + 6px",
                                    "100% + 6px"
                                ],
                                "texture": "textures/wb_ui/dialog_bubble"
                            }
                        },
                        {
                            "scrolling_panel@common.scrolling_panel": {
                                "anchor_to": "top_left",
                                "anchor_from": "top_left",
                                "$show_background": false,
                                "size": [
                                    "100%",
                                    "100%"
                                ],
                                "offset": [
                                    0,
                                    0
                                ],
                                "$scrolling_content": "server_form.main_view",
                                "$scroll_size": [
                                    5,
                                    "100%"
                                ],
                                "$scrolling_pane_size": [
                                    "100% - 6px",
                                    "100% - 2px"
                                ],
                                "$scrolling_pane_offset": [
                                    0,
                                    0
                                ],
                                "$scroll_bar_right_padding_size": [
                                    0,
                                    0
                                ]
                            }
                        }
                    ]
                }
            }
        ]
    },
    "main_view_item": {
        "type": "panel",
        "size": [
            "100%",
            "100%c"
        ],
        "controls": [
            {
                "label1": {
                    "layer": 20,
                    "type": "label",
                    "size": [
                        "100%",
                        "default"
                    ],
                    "color": "$main_header_text_color",
                    "anchor_from": "top_left",
                    "anchor_to": "top_left",
                    "text": "#form_button_texture",
                    "bindings": [
                        {
                            "binding_type": "collection",
                            "binding_collection_name": "form_buttons",
                            "binding_name": "((#form_button_text = 'text'))",
                            "binding_name_override": "#visible"
                        },
                        {
                            "binding_name": "#form_button_texture",
                            "binding_type": "collection",
                            "binding_collection_name": "form_buttons"
                        }
                    ]
                }
            },
            {
                "text_title": {
                    "type": "panel",
                    "layer": 20,
                    "bindings": [
                        {
                            "binding_type": "collection",
                            "binding_collection_name": "form_buttons",
                            "binding_name": "((#form_button_text = 'text_title'))",
                            "binding_name_override": "#visible"
                        }
                    ],
                    "size": [
                        "100%",
                        "28px"
                    ],
                    "controls": [
                        {
                            "header_background": {
                                "type": "image",
                                "size": [
                                    "100%",
                                    "20px"
                                ],
                                "offset": [
                                    0,
                                    "-2px"
                                ],
                                "anchor_from": "bottom_middle",
                                "anchor_to": "bottom_middle",
                                "texture": "textures/ui/Banners",
                                "controls": [
                                    {
                                        "header_label": {
                                            "type": "label",
                                            "color": "$body_text_color",
                                            "layer": 1,
                                            "anchor_from": "center",
                                            "anchor_to": "center",
                                            "text_alignment": "center",
                                            "max_size": [
                                                "95%",
                                                10
                                            ],
                                            "text": "#form_button_texture",
                                            "bindings": [
                                                {
                                                    "binding_name": "#form_button_texture",
                                                    "binding_type": "collection",
                                                    "binding_collection_name": "form_buttons"
                                                }
                                            ]
                                        }
                                    }
                                ]
                            }
                        }
                    ]
                }
            },
            {
                "padding": {
                    "type": "panel",
                    "size": [
                        "100%",
                        "12px"
                    ],
                    "bindings": [
                        {
                            "binding_type": "collection",
                            "binding_collection_name": "form_buttons",
                            "binding_name": "((#form_button_text = 'padding'))",
                            "binding_name_override": "#visible"
                        }
                    ]
                }
            },
            {
                "img_50x50": {
                    "layer": 20,
                    "type": "image",
                    "size": [
                        50,
                        50
                    ],
                    "bindings": [
                        {
                            "binding_type": "collection",
                            "binding_collection_name": "form_buttons",
                            "binding_name": "((#form_button_text = 'img_50x50'))",
                            "binding_name_override": "#visible"
                        },
                        {
                            "binding_name": "#form_button_texture",
                            "binding_name_override": "#texture",
                            "binding_type": "collection",
                            "binding_collection_name": "form_buttons"
                        },
                        {
                            "binding_name": "#form_button_texture_file_system",
                            "binding_name_override": "#texture_file_system",
                            "binding_type": "collection",
                            "binding_collection_name": "form_buttons"
                        },
                        {
                            "binding_type": "view",
                            "source_property_name": "(not ((#texture = '') or (#texture = 'loading')))",
                            "target_property_name": "#visible"
                        }
                    ]
                }
            },
            {
                "img_adjustToScreen": {
                    "layer": 20,
                    "type": "image",
                    "size": [
                        "100%",
                        "84px"
                    ],
                    "bindings": [
                        {
                            "binding_type": "collection",
                            "binding_collection_name": "form_buttons",
                            "binding_name": "((#form_button_text = 'img_adjustToScreen'))",
                            "binding_name_override": "#visible"
                        },
                        {
                            "binding_name": "#form_button_texture",
                            "binding_name_override": "#texture",
                            "binding_type": "collection",
                            "binding_collection_name": "form_buttons"
                        },
                        {
                            "binding_name": "#form_button_texture_file_system",
                            "binding_name_override": "#texture_file_system",
                            "binding_type": "collection",
                            "binding_collection_name": "form_buttons"
                        },
                        {
                            "binding_type": "view",
                            "source_property_name": "(not ((#texture = '') or (#texture = 'loading')))",
                            "target_property_name": "#visible"
                        }
                    ]
                }
            },
            {
                "botton1@common_buttons.light_text_button": {
                    "size": [
                        "100%",
                        26
                    ],
                    "$border_visible": false,
                    "offset": [
                        0,
                        -1
                    ],
                    "$pressed_button_name": "button.form_button_click",
                    "bindings": [
                        {
                            "binding_type": "collection",
                            "binding_collection_name": "form_buttons",
                            "binding_name": "((#form_button_text = 'button'))",
                            "binding_name_override": "#visible"
                        },
                        {
                            "binding_type": "collection_details",
                            "binding_collection_name": "form_buttons"
                        }
                    ],
                    "anchor_to": "top_middle",
                    "anchor_from": "top_middle",
                    "layer": 20,
                    "$button_text": "#form_button_texture",
                    "$button_text_binding_type": "collection",
                    "$button_text_grid_collection_name": "form_buttons",
                    "$button_text_max_size": [
                        "100%",
                        20
                    ]
                }
            }
        ]
    },
    "top1_button": {
        "type": "panel",
        "size": [
            "100%c - 14px",
            27
        ],
        "controls": [
            {
                "panel1@layout_botton_content": {
                    "type": "panel",
                    "size": [
                        "100%c",
                        "100%"
                    ]
                }
            }
        ]
    },
    "top2_button": {
        "type": "panel",
        "size": [
            75,
            "100%c + 4px"
        ],
        "controls": [
            {
                "panel1@top2_botton_content": {}
            }
        ]
    },
    "sub_item": {
        "type": "stack_panel",
        "orientation": "vertical",
        "offset": [
            2,
            0
        ],
        "size": [
            "100%",
            "100%"
        ],
        "anchor_from": "top_left",
        "factory": {
            "name": "buttons",
            "control_name": "top2_button"
        },
        "collection_name": "form_buttons",
        "bindings": [
            {
                "binding_name": "#form_button_length",
                "binding_name_override": "#collection_length"
            }
        ],
        "anchor_to": "top_left"
    },
    "sub_toolbar": {
        "type": "panel",
        "offset": [
            10,
            15
        ],
        "size": [
            20,
            "100%"
        ],
        "controls": [
            {
                "sub_item@sub_item": {}
            }
        ]
    },
    "top1_memu": {
        "type": "panel",
        "anchor_from": "top_left",
        "anchor_to": "top_left",
        "size": [
            "100%c",
            27
        ],
        "controls": [
            {
                "toolbar_background": {
                    "type": "panel",
                    "size": [
                        "100%cm",
                        "100% + 8px"
                    ],
                    "offset": [
                        50,
                        -3
                    ],
                    "anchor_from": "top_left",
                    "anchor_to": "top_left",
                    "controls": [
                        {
                            "toolbar_left_panel": {
                                "type": "stack_panel",
                                "orientation": "horizontal",
                                "size": [
                                    "100%c",
                                    "100% - 8px"
                                ],
                                "offset": [
                                    0,
                                    3
                                ],
                                "anchor_from": "top_left",
                                "factory": {
                                    "name": "buttons",
                                    "control_name": "top1_button"
                                },
                                "collection_name": "form_buttons",
                                "bindings": [
                                    {
                                        "binding_name": "#form_button_length",
                                        "binding_name_override": "#collection_length"
                                    }
                                ],
                                "anchor_to": "top_left"
                            }
                        }
                    ]
                }
            }
        ]
    },
    "screen_background": {
        "type": "image",
        "texture": "textures/ui/screen_background",
        "layer": -10,
        "ignored": "$is_holographic",
        "$screen_background_alpha|default": 0.75,
        "alpha": "$screen_background_alpha"
    },
    "toolbar_button_control@common_buttons.light_content_button": {
        "$default_button_texture": "textures/pom_ui/drecipe_book_button_borderless_light",
        "$hover_button_texture": "textures/pom_ui/drecipe_book_button_borderless_lightpressednohover",
        "$pressed_button_texture": "textures/pom_ui/drecipe_book_button_borderless_lighthover",
        "$locked_button_texture": "textures/pom_ui/drecipe_book_button_borderless_lightpressed"
    },
    "sub_toolbar_button_control@common_buttons.light_text_button": {
        "$default_text_color": [
            0.9,
            0.9,
            0.9
        ],
        "$hover_text_color": [
            1.0,
            1.0,
            1.0
        ],
        "$pressed_text_color": [
            1.0,
            1.0,
            1.0
        ],
        "$locked_text_color": [
            0.7,
            0.7,
            0.7
        ],
        "$default_button_texture": "textures/pom_ui/sub_title_button_alert",
        "$hover_button_texture": "textures/pom_ui/sub_title_button_alertpressedn",
        "$pressed_button_texture": "textures/pom_ui/sub_title_button_alertover",
        "$locked_button_texture": "textures/pom_ui/sub_title_button_alertpressed"
    },
    "toolbar_dbutton_control@common_buttons.light_content_button": {
        "$default_button_texture": "textures/pom_ui/recipe_book_button_borderless_light",
        "$hover_button_texture": "textures/pom_ui/recipe_book_button_borderless_lightpressednohover",
        "$pressed_button_texture": "textures/pom_ui/recipe_book_button_borderless_lighthover",
        "$locked_button_texture": "textures/pom_ui/recipe_book_button_borderless_lightpressed"
    },
    "sub_toolbar_dbutton_control@common_buttons.light_text_button": {
        "$default_text_color": [
            0.9,
            0.9,
            0.9
        ],
        "$hover_text_color": [
            1.0,
            1.0,
            1.0
        ],
        "$pressed_text_color": [
            1.0,
            1.0,
            1.0
        ],
        "$locked_text_color": [
            0.7,
            0.7,
            0.7
        ],
        "$default_button_texture": "textures/pom_ui/sub_title_button_alertover",
        "$hover_button_texture": "textures/pom_ui/sub_title_button_alertpressed",
        "$pressed_button_texture": "textures/pom_ui/sub_title_button_alertover",
        "$locked_button_texture": "textures/pom_ui/sub_title_button_alertpressed"
    },
    "main_view": {
        "type": "stack_panel",
        "size": [
            "100%",
            "100%c"
        ],
        "orientation": "vertical",
        "offset": [
            0,
            0
        ],
        "anchor_from": "top_left",
        "factory": {
            "name": "buttons",
            "control_name": "main_view_item"
        },
        "collection_name": "form_buttons",
        "bindings": [
            {
                "binding_name": "#form_button_length",
                "binding_name_override": "#collection_length"
            }
        ],
        "anchor_to": "top_left"
    },
    "layout_botton_content": {
        "type": "panel",
        "size": [
            "100%c",
            27
        ],
        "controls": [
            {
                "image": {
                    "layer": 15,
                    "type": "image",
                    "anchor_to": "center",
                    "anchor_from": "center",
                    "offset": [
                        0,
                        0
                    ],
                    "size": [
                        20,
                        20
                    ],
                    "bindings": [
                        {
                            "binding_type": "collection",
                            "binding_collection_name": "form_buttons",
                            "binding_name": "((#form_button_text = 'top1_d'))",
                            "binding_name_override": "#visible"
                        },
                        {
                            "binding_name": "#form_button_texture",
                            "binding_name_override": "#texture",
                            "binding_type": "collection",
                            "binding_collection_name": "form_buttons"
                        },
                        {
                            "binding_name": "#form_button_texture_file_system",
                            "binding_name_override": "#texture_file_system",
                            "binding_type": "collection",
                            "binding_collection_name": "form_buttons"
                        },
                        {
                            "binding_type": "view",
                            "source_property_name": "(not ((#texture = '') or (#texture = 'loading')))",
                            "target_property_name": "#visible"
                        }
                    ]
                }
            },
            {
                "image2": {
                    "layer": 15,
                    "type": "image",
                    "size": [
                        20,
                        20
                    ],
                    "anchor_to": "center",
                    "anchor_from": "center",
                    "offset": [
                        0,
                        0
                    ],
                    "bindings": [
                        {
                            "binding_type": "collection",
                            "binding_collection_name": "form_buttons",
                            "binding_name": "((#form_button_text = 'top1'))",
                            "binding_name_override": "#visible"
                        },
                        {
                            "binding_name": "#form_button_texture",
                            "binding_name_override": "#texture",
                            "binding_type": "collection",
                            "binding_collection_name": "form_buttons"
                        },
                        {
                            "binding_name": "#form_button_texture_file_system",
                            "binding_name_override": "#texture_file_system",
                            "binding_type": "collection",
                            "binding_collection_name": "form_buttons"
                        },
                        {
                            "binding_type": "view",
                            "source_property_name": "(not ((#texture = '') or (#texture = 'loading')))",
                            "target_property_name": "#visible"
                        }
                    ]
                }
            },
            {
                "botton@toolbar_button_control": {
                    "size": [
                        35,
                        33
                    ],
                    "$border_visible": false,
                    "offset": [
                        0,
                        -1
                    ],
                    "$pressed_button_name": "button.form_button_click",
                    "bindings": [
                        {
                            "binding_type": "collection",
                            "binding_collection_name": "form_buttons",
                            "binding_name": "((#form_button_text = 'top1'))",
                            "binding_name_override": "#visible"
                        },
                        {
                            "binding_type": "collection_details",
                            "binding_collection_name": "form_buttons"
                        }
                    ],
                    "anchor_to": "top_middle",
                    "anchor_from": "top_middle",
                    "layer": 1
                }
            },
            {
                "botton2@toolbar_dbutton_control": {
                    "size": [
                        35,
                        33
                    ],
                    "$border_visible": false,
                    "offset": [
                        0,
                        -1
                    ],
                    "$pressed_button_name": "button.form_button_click",
                    "bindings": [
                        {
                            "binding_type": "collection",
                            "binding_collection_name": "form_buttons",
                            "binding_name": "((#form_button_text = 'top1_d'))",
                            "binding_name_override": "#visible"
                        },
                        {
                            "binding_type": "collection_details",
                            "binding_collection_name": "form_buttons"
                        }
                    ],
                    "anchor_to": "top_middle",
                    "anchor_from": "top_middle",
                    "layer": 1
                }
            }
        ]
    },
    "top2_botton_content": {
        "type": "panel",
        "anchor_from": "left_middle",
        "layer": 12,
        "anchor_to": "left_middle",
        "size": [
            "100%",
            "100%c"
        ],
        "controls": [
            
            {
                "botton2@sub_toolbar_dbutton_control": {
                    "size": [
                        80,
                        22
                    ],
                    "$border_visible": false,
                    "offset": [
                        0,
                        -1
                    ],
                    "$pressed_button_name": "button.form_button_click",
                    "$button_text": "#form_button_texture",
                    "$button_text_binding_type": "collection",
                    "$button_text_grid_collection_name": "form_buttons",
                    "$button_text_max_size": [
                        "100%",
                        20
                    ],
                    "bindings": [
                        {
                            "binding_type": "collection",
                            "binding_collection_name": "form_buttons",
                            "binding_name": "((#form_button_text = 'top2_d'))",
                            "binding_name_override": "#visible"
                        },
                        {
                            "binding_type": "collection_details",
                            "binding_collection_name": "form_buttons"
                        }
                    ],
                    "anchor_to": "top_middle",
                    "anchor_from": "top_middle",
                    "layer": 20
                }
            },
            {
                "botton@sub_toolbar_button_control": {
                    "size": [
                        80,
                        22
                    ],
                    "$border_visible": false,
                    "offset": [
                        0,
                        -1
                    ],
                    "$pressed_button_name": "button.form_button_click",
                    "$button_text": "#form_button_texture",
                    "$button_text_binding_type": "collection",
                    "$button_text_grid_collection_name": "form_buttons",
                    "$button_text_max_size": [
                        "100%",
                        20
                    ],
                    "bindings": [
                        {
                            "binding_type": "collection",
                            "binding_collection_name": "form_buttons",
                            "binding_name": "((#form_button_text = 'top2'))",
                            "binding_name_override": "#visible"
                        },
                        {
                            "binding_type": "collection_details",
                            "binding_collection_name": "form_buttons"
                        }
                    ],
                    "anchor_to": "top_middle",
                    "anchor_from": "top_middle",
                    "layer": 20
                }
            }
        ]
    },
    "main_panel_no_buttons": {
        "type": "panel",
        "anchor_from": "center",
        "anchor_to": "center",
        "$text_name|default": "",
        "$panel_indent_size|default": [
            "100% - 20px",
            "100% - 20px"
        ],
        "controls": [
            {
                "background@common.screen_background": {
                    "size": [
                        "100%",
                        "100%"
                    ]
                }
            },
            {
                "panel_indent": {
                    "type": "panel",
                    "size": "$panel_indent_size",
                    "offset": [
                        0,
                        0
                    ],
                    "anchor_from": "center",
                    "anchor_to": "center",
                    "controls": [
                        {
                            "inside_header_panel@$child_control": {}
                        }
                    ]
                }
            }
        ]
    },
    "third_party_server_screen@common.base_screen": {
        "$screen_content": "server_form.main_screen_content",
        "$screen_animations|default": [],
        "$background_animations|default": [],
        "button_mappings": [
            {
                "from_button_id": "button.menu_cancel",
                "to_button_id": "button.menu_exit",
                "mapping_type": "global"
            }
        ]
    },
    "main_screen_content": {
        "type": "panel",
        "size": [
            "100%",
            "100%"
        ],
        "controls": [
            {
                "server_form_factory": {
                    "type": "factory",
                    "control_ids": {
                        "long_form": "@server_form.long_form",
                        "custom_form": "@server_form.custom_form"
                    }
                }
            }
        ]
    },
    "choose_form": {
        "type": "panel",
        "size": [
            "100%",
            "100%"
        ],
        "controls": [
            {
                "normal@server_form.long_form_panel": {
                    "bindings": [
                        {
                            "binding_type": "global",
                            "binding_name": "(not #title_text = '__pomAlertMenu')",
                            "binding_name_override": "#visible"
                        }
                    ]
                }
            },
            {
                "alert": {
                    "bindings": [
                        {
                            "binding_type": "global",
                            "binding_name": "(#title_text = '__pomAlertMenu')",
                            "binding_name_override": "#visible"
                        }
                    ],
                    "type": "panel",
                    "size": [
                        "100%",
                        "100%"
                    ],
                    "controls": [
                        {
                            "main": {
                                "type": "stack_panel",
                                "size": [
                                    "100%",
                                    "100%"
                                ],
                                "offset": [
                                    10,
                                    0
                                ],
                                "orientation": "vertical",
                                "layer": 1,
                                "anchor_from": "top_left",
                                "anchor_to": "top_left",
                                "controls": [
                                    {
                                        "toolbar@top1_memu": {}
                                    },
                                    {
                                        "main2": {
                                            "type": "stack_panel",
                                            "size": [
                                                "100% - 35px",
                                                "90%"
                                            ],
                                            "orientation": "horizontal",
                                            "layer": 1,
                                            "anchor_from": "top_left",
                                            "anchor_to": "top_left",
                                            "controls": [
                                                {
                                                    "sub_t@sub_toolbar": {}
                                                },
                                                {
                                                    "background@center_fold": {}
                                                }
                                            ]
                                        }
                                    }
                                ]
                            }
                        }
                    ]
                }
            }
        ]
    },
    "long_form@main_panel_no_buttons": {
        "$title_panel": "common_dialogs.standard_title_label",
        "$title_size": [
            "100% - 14px",
            10
        ],
        "size": [
            "100%",
            "100%"
        ],
        "$text_name": "#title_text",
        "$title_text_binding_type": "none",
        "$child_control": "server_form.choose_form",
        "layer": 2
    },
    "long_form_panel": {
        "type": "stack_panel",
        "size": [
            "100%",
            "100%"
        ],
        "orientation": "vertical",
        "layer": 1,
        "anchor_from": "top_left",
        "anchor_to": "top_left",
        "controls": [
            {
                "scrolling_panel@common.scrolling_panel": {
                    "anchor_to": "top_left",
                    "anchor_from": "top_left",
                    "$show_background": false,
                    "size": [
                        "100%",
                        "100%"
                    ],
                    "$scrolling_content": "server_form.long_form_scrolling_content",
                    "$scroll_size": [
                        5,
                        "100% - 4px"
                    ],
                    "$scrolling_pane_size": [
                        "100% - 4px",
                        "100% - 2px"
                    ],
                    "$scrolling_pane_offset": [
                        2,
                        0
                    ],
                    "$scroll_bar_right_padding_size": [
                        0,
                        0
                    ]
                }
            }
        ]
    },
    "long_form_scrolling_content": {
        "type": "stack_panel",
        "size": [
            "100% - 4px",
            "100%c"
        ],
        "orientation": "vertical",
        "anchor_from": "top_left",
        "anchor_to": "top_left",
        "controls": [
            {
                "label_offset_panel": {
                    "type": "panel",
                    "size": [
                        "100%",
                        "100%c"
                    ],
                    "controls": [
                        {
                            "main_label": {
                                "type": "label",
                                "offset": [
                                    2,
                                    2
                                ],
                                "color": "$main_header_text_color",
                                "size": [
                                    "100%",
                                    "default"
                                ],
                                "anchor_from": "top_left",
                                "anchor_to": "top_left",
                                "text": "#form_text"
                            }
                        }
                    ]
                }
            },
            {
                "padding": {
                    "type": "panel",
                    "size": [
                        "100%",
                        4
                    ]
                }
            },
            {
                "wrapping_panel": {
                    "type": "panel",
                    "size": [
                        "100%",
                        "100%c"
                    ],
                    "controls": [
                        {
                            "long_form_dynamic_buttons_panel@server_form.long_form_dynamic_buttons_panel": {}
                        }
                    ]
                }
            },
            {
                "wrapping_panel2": {
                    "bindings": [
                        {
                            "binding_type": "global",
                            "binding_name": "(#title_text = 'main -> notice')",
                            "binding_name_override": "#visible"
                        }
                    ],
                    "type": "panel",
                    "size": [
                        "100%",
                        "100%c"
                    ],
                    "controls": [
                        {
                            "long_form_dynamic_buttons_panel@server_form.long_form_dynamic_buttons_panel": {}
                        }
                    ]
                }
            }
        ]
    },
    "long_form_dynamic_buttons_panel": {
        "type": "stack_panel",
        "size": [
            "100% - 4px",
            "100%c"
        ],
        "offset": [
            2,
            0
        ],
        "orientation": "vertical",
        "anchor_from": "top_middle",
        "anchor_to": "top_middle",
        "factory": {
            "name": "buttons",
            "control_name": "server_form.dynamic_button"
        },
        "collection_name": "form_buttons",
        "bindings": [
            {
                "binding_name": "#form_button_length",
                "binding_name_override": "#collection_length"
            }
        ]
    },
    "dynamic_button": {
        "type": "stack_panel",
        "size": [
            "100%",
            32
        ],
        "orientation": "horizontal",
        "controls": [
            {
                "panel_name": {
                    "type": "panel",
                    "size": [
                        34,
                        "100%c"
                    ],
                    "bindings": [
                        {
                            "binding_type": "view",
                            "source_control_name": "image",
                            "resolve_sibling_scope": true,
                            "source_property_name": "(not (#texture = ''))",
                            "target_property_name": "#visible"
                        }
                    ],
                    "controls": [
                        {
                            "image": {
                                "type": "image",
                                "layer": 2,
                                "size": [
                                    32,
                                    32
                                ],
                                "offset": [
                                    -2,
                                    0
                                ],
                                "bindings": [
                                    {
                                        "binding_name": "#form_button_texture",
                                        "binding_name_override": "#texture",
                                        "binding_type": "collection",
                                        "binding_collection_name": "form_buttons"
                                    },
                                    {
                                        "binding_name": "#form_button_texture_file_system",
                                        "binding_name_override": "#texture_file_system",
                                        "binding_type": "collection",
                                        "binding_collection_name": "form_buttons"
                                    },
                                    {
                                        "binding_type": "view",
                                        "source_property_name": "(not ((#texture = '') or (#texture = 'loading')))",
                                        "target_property_name": "#visible"
                                    }
                                ]
                            }
                        },
                        {
                            "progress@progress.progress_loading_bars": {
                                "size": [
                                    30,
                                    4
                                ],
                                "offset": [
                                    -2,
                                    16
                                ],
                                "bindings": [
                                    {
                                        "binding_type": "view",
                                        "source_control_name": "image",
                                        "resolve_sibling_scope": true,
                                        "source_property_name": "(#texture = 'loading')",
                                        "target_property_name": "#visible"
                                    }
                                ]
                            }
                        }
                    ]
                }
            },
            {
                "form_button@common_buttons.light_text_button": {
                    "$pressed_button_name": "button.form_button_click",
                    "anchor_from": "top_left",
                    "anchor_to": "top_left",
                    "size": [
                        "fill",
                        32
                    ],
                    "$button_text": "#form_button_text",
                    "$button_text_binding_type": "collection",
                    "$button_text_grid_collection_name": "form_buttons",
                    "$button_text_max_size": [
                        "100%",
                        20
                    ],
                    "bindings": [
                        {
                            "binding_type": "collection_details",
                            "binding_collection_name": "form_buttons"
                        }
                    ]
                }
            }
        ]
    },
    "custom_form@common_dialogs.main_panel_no_buttons": {
        "$title_panel": "common_dialogs.standard_title_label",
        "$title_size": [
            "100% - 14px",
            10
        ],
        "size": [
            225,
            200
        ],
        "$text_name": "#title_text",
        "$title_text_binding_type": "none",
        "$child_control": "server_form.custom_form_panel",
        "layer": 2
    },
    "custom_form_panel@common.scrolling_panel": {
        "anchor_to": "top_left",
        "anchor_from": "top_left",
        "$show_background": false,
        "size": [
            "100%",
            "100%"
        ],
        "$scrolling_content": "server_form.custom_form_scrolling_content",
        "$scroll_size": [
            5,
            "100% - 4px"
        ],
        "$scrolling_pane_size": [
            "100% - 4px",
            "100% - 2px"
        ],
        "$scrolling_pane_offset": [
            2,
            0
        ],
        "$scroll_bar_right_padding_size": [
            0,
            0
        ]
    },
    "generated_contents": {
        "type": "stack_panel",
        "size": [
            "100%",
            "100%c"
        ],
        "orientation": "vertical",
        "anchor_from": "top_left",
        "anchor_to": "top_left",
        "factory": {
            "name": "buttons",
            "control_ids": {
                "label": "@server_form.custom_label",
                "toggle": "@server_form.custom_toggle",
                "slider": "@server_form.custom_slider",
                "step_slider": "@server_form.custom_step_slider",
                "dropdown": "@server_form.custom_dropdown",
                "input": "@server_form.custom_input"
            }
        },
        "collection_name": "custom_form",
        "bindings": [
            {
                "binding_name": "#custom_form_length",
                "binding_name_override": "#collection_length"
            }
        ]
    },
    "custom_form_scrolling_content": {
        "type": "stack_panel",
        "size": [
            "100% - 4px",
            "100%c"
        ],
        "offset": [
            2,
            0
        ],
        "orientation": "vertical",
        "anchor_from": "top_left",
        "anchor_to": "top_left",
        "controls": [
            {
                "generated_form@server_form.generated_contents": {}
            },
            {
                "submit_button@common_buttons.light_text_button": {
                    "$pressed_button_name": "button.submit_custom_form",
                    "anchor_from": "top_left",
                    "anchor_to": "top_left",
                    "size": [
                        "100%",
                        32
                    ],
                    "$button_text": "gui.submit",
                    "bindings": [
                        {
                            "binding_name": "#submit_button_visible",
                            "binding_name_override": "#visible"
                        }
                    ]
                }
            }
        ]
    },
    "custom_label@settings_common.option_group_label": {
        "$text": "#custom_text",
        "$text_bindings": [
            {
                "binding_name": "#custom_text",
                "binding_type": "collection",
                "binding_collection_name": "custom_form"
            }
        ]
    },
    "custom_toggle@settings_common.option_toggle": {
        "$option_label": "#custom_text",
        "$toggle_name": "custom_toggle",
        "$toggle_state_binding_name": "#custom_toggle_state",
        "$option_binding_name": "#custom_toggle_state",
        "$toggle_binding_type": "collection",
        "$toggle_enabled_binding_name": "#custom_toggle_enabled",
        "$toggle_enabled_binding_type": "collection",
        "$toggle_grid_collection_name": "custom_form",
        "$label_bindings": [
            {
                "binding_name": "#custom_text",
                "binding_type": "collection",
                "binding_collection_name": "custom_form"
            }
        ]
    },
    "custom_slider@settings_common.option_slider": {
        "$option_label": "#custom_slider_text",
        "$slider_name": "custom_slider",
        "$slider_value_binding_name": "#custom_slider_value",
        "$slider_tts_text_value": "#custom_slider_text_value",
        "$slider_binding_type": "collection",
        "$slider_collection_name": "custom_form",
        "$slider_enabled_binding_name": "#custom_slider_enabled",
        "$slider_enabled_binding_type": "collection",
        "$label_bindings": [
            {
                "binding_name": "#custom_slider_text",
                "binding_type": "collection",
                "binding_collection_name": "custom_form"
            }
        ]
    },
    "custom_step_slider@server_form.custom_slider": {
        "$option_label": "#custom_slider_step_text",
        "$slider_name": "custom_slider_step",
        "$slider_value_binding_name": "#custom_slider_step_value",
        "$slider_tts_text_value": "#custom_slider_step_text_value",
        "$slider_steps_binding_type": "collection",
        "$slider_steps_binding_name": "#custom_slider_steps",
        "$label_bindings": [
            {
                "binding_name": "#custom_slider_step_text",
                "binding_type": "collection",
                "binding_collection_name": "custom_form"
            }
        ]
    },
    "custom_dropdown": {
        "type": "panel",
        "size": [
            "100%",
            "100%c"
        ],
        "controls": [
            {
                "dropdown@settings_common.option_dropdown": {
                    "$option_label": "#custom_text",
                    "$dropdown_content": "server_form.custom_dropdown_content",
                    "$dropdown_area": "generated_form",
                    "$dropdown_name": "custom_dropdown",
                    "$toggle_binding_type": "collection",
                    "$toggle_grid_collection_name": "custom_form",
                    "$options_dropdown_toggle_label_binding": "#dropdown_option_text",
                    "$options_dropdown_toggle_label_binding_type": "collection",
                    "$options_dropdown_toggle_label_binding_collection_name": "custom_form",
                    "$dropdown_scroll_content_size": [
                        "100%",
                        "200%"
                    ],
                    "$label_bindings": [
                        {
                            "binding_name": "#custom_text",
                            "binding_type": "collection",
                            "binding_collection_name": "custom_form"
                        }
                    ]
                }
            }
        ]
    },
    "custom_dropdown_content@settings_common.option_radio_dropdown_group": {
        "$radio_buttons": [],
        "$radio_factory": {
            "name": "buttons",
            "control_name": "server_form.custom_dropdown_radio"
        },
        "$radio_collection_name": "custom_dropdown",
        "$radio_bindings": [
            {
                "binding_name": "#custom_dropdown_length",
                "binding_type": "collection",
                "binding_name_override": "#collection_length",
                "binding_collection_name": "custom_form"
            }
        ]
    },
    "custom_dropdown_radio@settings_common.radio_with_label": {
        "$toggle_name": "custom_dropdown_radio_toggle",
        "$toggle_state_binding_name": "#custom_radio_toggled",
        "$toggle_binding_type": "collection",
        "$toggle_grid_collection_name": "custom_dropdown",
        "$toggle_collection_details_type": "collection_details",
        "$radio_label_text": "#custom_radio_text",
        "$radio_label_bindings": [
            {
                "binding_name": "#custom_radio_text",
                "binding_type": "collection",
                "binding_collection_name": "custom_dropdown"
            },
            {
                "binding_type": "collection_details"
            }
        ]
    },
    "custom_input@settings_common.option_text_edit": {
        "$option_label": "#custom_text",
        "$option_place_holder_text": "#custom_placeholder_text",
        "$text_edit_box_placeholder_content_binding_name": "$option_place_holder_text",
        "$text_edit_box_placeholder_content_binding_type": "collection",
        "$text_edit_box_grid_collection_name": "custom_form",
        "$max_text_edit_length": 100,
        "$text_edit_box_content_binding_type": "collection",
        "$text_edit_box_content_binding_name": "#custom_input_text",
        "$option_binding_name": "#custom_input_text",
        "$text_box_enabled_binding_name": "#custom_input_enabled",
        "$text_box_name": "custom_input",
        "$label_bindings": [
            {
                "binding_name": "#custom_text",
                "binding_type": "collection",
                "binding_collection_name": "custom_form"
            }
        ]
    }
}