{
  "format_version": "1.8.0",
  "minecraft:entity": {
    "description": {
      "identifier": "wb:headless_guard",
      "is_spawnable": true,
      "is_summonable": true,
      "is_experimental": false,
      "runtime_identifier": "wb:headless_guard",
      "animations": {
        "base": "controller.animation.headless_guard.base",
        "boss": "animation.boss.testplayer",
        "music": "animation.headless_guard.wb.music"
      },
      "scripts": {
        "animate": [
          "base",
          "music",
          {
            "boss": "query.health>1"
          }
        ]
      }
    },
    "component_groups": {
      "isboss": {
        "minecraft:is_charged": {},
        "minecraft:damage_sensor": {
          "triggers": [{
            "on_damage": {
              "filters": {
                "test": "has_damage",
                "value": "fatal"
              },
              "event": "defeated"
            },
            "deals_damage": false
          }]
        }
      },
      "defeated": {},
      "disappear": {
        "minecraft:explode": {
          "fuseLength": 0,
          "fuseLit": true,
          "power": 0,
          "causesFire": true,
          "fireAffectedByGriefing": true,
          "destroyAffectedByGriefing": true
        }
      },
      "attack_jump": {
        "minecraft:timer": {
          "time": 2,
          "looping": false,
          "time_down_event": {
            "event": "attack",
            "target": "self"
          }
        }
      },
      "attacka": {
        "minecraft:behavior.summon_entity": {
          "priority": 1,
          "summon_choices": [{
            "min_activation_range": 0,
            "weight": 2,
            "cooldown_time": 15,
            "cast_duration": 2.0,
            "particle_color": "#FF664D59",
            "sequence": [{
                "shape": "circle",
                "target": "self",
                "base_delay": 0.02,
                "delay_per_summon": 0.1,
                "num_entities_spawned": 8,
                "entity_type": "minecraft:evocation_fang",
                "size": 2,
                "entity_lifespan": 1.1,
                "sound_event": "prepare.attack"
              },
              {
                "shape": "circle",
                "target": "self",
                "base_delay": 0.02,
                "delay_per_summon": 0,
                "num_entities_spawned": 18,
                "entity_type": "minecraft:evocation_fang",
                "size": 4,
                "entity_lifespan": 1.1,
                "sound_event": "prepare.attack"
              },
              {
                "shape": "line",
                "target": "self",
                "base_delay": 0.02,
                "delay_per_summon": 0,
                "num_entities_spawned": 48,
                "entity_type": "minecraft:evocation_fang",
                "size": 30,
                "entity_lifespan": 1.1
              },
              {
                "shape": "line",
                "target": "self",
                "base_delay": 0.02,
                "delay_per_summon": 0,
                "num_entities_spawned": 48,
                "entity_type": "minecraft:evocation_fang",
                "size": 30,
                "entity_lifespan": 1.1
              }
            ]
          }]
        }
      },
      "attack_jump_r": {
        "minecraft:timer": {
          "time": 1,
          "looping": false,
          "time_down_event": {
            "event": "attack_jump",
            "target": "self"
          }
        }
      },
      "attackb": {
        "minecraft:timer": {
          "time": 3,
          "looping": false,
          "time_down_event": {
            "event": "attack",
            "target": "self"
          }
        },
        "minecraft:behavior.melee_attack": {
          "priority": 3,
          "speed_multiplier": 1.5,
          "track_target": false
        },
        "minecraft:behavior.leap_at_target": {
          "priority": 2,
          "yd": 0.35,
          "must_be_on_ground": false
        }
      },
      "rangex": {
        "minecraft:timer": {
          "time": 7,
          "looping": false,
          "time_down_event": {
            "event": "range",
            "target": "self"
          }
        },
        "minecraft:shooter": {
          "def": "wb:small_block_ball"
        },
        "minecraft:behavior.ranged_attack": {
          "priority": 4,
          "attack_interval_min": 1,
          "attack_interval_max": 1.5,
          "charge_charged_trigger": 0,
          "charge_shoot_trigger": 2,
          "attack_radius": 64,
          "burst_shots": 60,
          "burst_interval": 0.01
        }
      },
      "range": {
        "minecraft:timer": {
          "time": 7,
          "looping": false,
          "time_down_event": {
            "event": "range",
            "target": "self"
          }
        },
        "minecraft:shooter": {
          "def": "wb:block_stone<big>"
        },
        "minecraft:behavior.ranged_attack": {
          "priority": 4,
          "attack_interval_min": 1,
          "attack_interval_max": 1.5,
          "charge_charged_trigger": 0,
          "charge_shoot_trigger": 2,
          "attack_radius": 64,
          "burst_shots": 2,
          "burst_interval": 0.5
        }
      }
    },
    "components": {
      "minecraft:experience_reward": {
        "on_death": "140 + Math.Random(1,25)"
      },
      "minecraft:loot": {
        "table": "loot_tables/wb/3_x/headless_guard.json"
      },
      "minecraft:follow_range": {
        "value": 64,
        "max": 64
      },
      "minecraft:target_nearby_sensor": {
        "inside_range": 10,
        "outside_range": 11,
        "on_inside_range": {
          "event": "attack",
          "target": "self"
        },
        "on_outside_range": {
          "event": "range",
          "target": "self"
        }
      },
      "minecraft:boss": {
        "should_darken_sky": false,
        "name": "Headless Guard",
        "hud_range": 64
      },
      "minecraft:can_fly": {
        "value": true
      },
      "minecraft:scale": {
        "value": 1.5
      },
      "minecraft:behavior.nearest_attackable_target": {
        "priority": 2,
        "within_radius": 64,
        "reselect_targets": true,
        "entity_types": [{
          "filters": {
            "any_of": [{
              "test": "is_family",
              "subject": "other",
              "value": "player"
            }]
          },
          "max_dist": 64
        }],
        "must_see": false,
        "must_see_forget_duration": 64
      },
      "minecraft:attack": {
        "damage": 65
      },
      "minecraft:type_family": {
        "family": [
          "guard",
          "magic",
          "monster",
          "aboss"
        ]
      },
      "minecraft:breathable": {
        "totalSupply": 15,
        "suffocateTime": 0
      },
      "minecraft:navigation.walk": {
        "can_path_over_water": true,
        "avoid_water": true,
        "avoid_damage_blocks": true
      },
      "minecraft:movement.basic": {},
      "minecraft:jump.static": {},
      "minecraft:can_climb": {},
      "minecraft:collision_box": {
        "width": 0.9,
        "height": 2.9
      },
      "minecraft:nameable": {},
      "minecraft:health": {
        "value": 1512,
        "max": 1512
      },
      "minecraft:movement": {
        "value": 0.32
      },
      "minecraft:behavior.float": {
        "priority": 0
      },
      "minecraft:behavior.random_stroll": {
        "priority": 6,
        "speed_multiplier": 0.8
      },
      "minecraft:behavior.look_at_player": {
        "priority": 7,
        "look_distance": 6,
        "probability": 0.02
      },
      "minecraft:behavior.hurt_by_target": {
        "priority": 2
      },
      "minecraft:behavior.random_look_around": {
        "priority": 9
      },
      "minecraft:physics": {}
    },
    "events": {
      "minecraft:entity_spawned": {
        "add": {
          "component_groups": [
            "isboss"
          ]
        }
      },
      "disappear": {
        "add": {
          "component_groups": [
            "disappear"
          ]
        }
      },
      "defeated": {
        "run_command": {
          "command": [
            "scoreboard players set @a[scores={wbnjqbf=9},r=200] wbnjqbf 10",
            "function base/stopmusic",
            "kill @s"
          ],
          "target": "self"
        },
        "add": {
          "component_groups": [
            "defeated"
          ]
        }
      },
      "isboss": {
        "run_command": {
          "command": [
            "event entity @s minecraft:entity_spawned"
          ],
          "target": "self"
        }
      },
      "attack_tp": {
        "run_command": {
          "command": [
            "execute @p ~ ~ ~ tp @e[r=128,type=wb:headless_guard] ~ ~+6 ~"
          ],
          "target": "self"
        },
        "add": {
          "component_groups": [
            "attack_jump_r"
          ]
        }
      },
      "attack_jump": {
        "run_command": {
          "command": [
            "effect @e[r=6,rm=2] levitation 2 15 true"
          ],
          "target": "self"
        },
        "add": {
          "component_groups": [
            "attack_jump"
          ]
        },
        "remove": {
          "component_groups": [
            "attacka"
          ]
        }
      },
      "range": {
        "randomize": [{
            "weight": 1,
            "remove": {
              "component_groups": [
                "attackb",
                "range",
                "rangex"
              ]
            },
            "add": {
              "component_groups": [
                "attacka"
              ]
            }
          },
          {
            "weight": 1,
            "add": {
              "component_groups": [
                "range"
              ]
            },
            "remove": {
              "component_groups": [
                "attacka",
                "attackb",
                "rangex"
              ]
            }
          },
          {
            "weight": 1,
            "add": {
              "component_groups": [
                "rangex"
              ]
            },
            "remove": {
              "component_groups": [
                "attacka",
                "attackb",
                "range"
              ]
            }
          }
        ]
      },
      "attack": {
        "randomize": [{
            "weight": 1,
            "remove": {
              "component_groups": [
                "attackb",
                "range",
                "rangex"
              ]
            },
            "add": {
              "component_groups": [
                "attacka"
              ]
            }
          },
          {
            "weight": 1,
            "remove": {
              "component_groups": [
                "attacka",
                "range",
                "rangex"
              ]
            },
            "add": {
              "component_groups": [
                "attackb"
              ]
            }
          }
        ]
      }
    }
  }
}