{
	"format_version": "1.16.100",
	"minecraft:block": {
		"description": {
			"identifier": "wb:parallel_block_destroy",
			"is_experimental": false
		},
		"events": {
			"destroy": {
				"run_command": {
					"command": [
						"fill ~+1 ~+1 ~+1 ~-1 ~-1 ~-1 wb:parallel_block_destroy 0 replace wb:parallel_block -1",
						"setblock ~ ~ ~ air"
					]
				}
			}
		},
		"components": {
			"minecraft:block_light_absorption": 1,
			"minecraft:material_instances": {
				"*": {
					"texture": "parallel_block_destroy",
					"render_method": "alpha_test"
				}
			},
			"minecraft:destroy_time": 1000000000,
			"minecraft:explosion_resistance": 1000000000,
			"minecraft:block_light_emission": 0.6,
			"minecraft:map_color": "#2222dd",
			"minecraft:ticking": {
				"range": [
					0.2,
					0.2
				],
				"on_tick": {
					"event": "destroy"
				},
				"looping": true
			},
			"minecraft:creative_category": {
				"category": "construction"
			}
		}
	}
}