{
    "format_version": "1.11.0",
    "minecraft:entity": {
        "description": {
            "identifier": "wb:intentions_third",
            "is_spawnable": false,
            "is_summonable": true,
            "is_experimental": false,
            "animations": {
                "base": "controller.animation.intentions_third",
                "boom": "controller.animation.intentions_third.boom",
                "new": "animation.intentions_third.wb",
                "ba": "controller.animation.intentions_third.wb",
                "boss": "animation.boss.testplayer"
            },
            "scripts": {
                "animate": [
                    "base",
                    "new",
                    "ba",
                    "boom",
                    {
                        "boss": "query.health>1"
                    }
                ]
            }
        },
        "component_groups": {
            "minecraft:despawn": {
                "minecraft:instant_despawn": {}
            },
            "imp": {
                "minecraft:damage_sensor": [{
                        "on_damage": {
                            "filters": {
                                "test": "has_damage",
                                "value": "fatal"
                            },
                            "event": "defeated"
                        }
                    },
                    {
                        "on_damage": {
                            "filters": {
                                "test": "is_family",
                                "value": "intentions",
                                "subject": "other"
                            }
                        },
                        "deals_damage": false
                    }
                ]
            },
            "attack_d": {
                "minecraft:timer": {
                    "time": 3,
                    "looping": true,
                    "time_down_event": {
                        "event": "sss",
                        "target": "self"
                    }
                },
                "minecraft:behavior.summon_entity": {
                    "priority": 1,
                    "summon_choices": [{
                        "min_activation_range": 0,
                        "weight": 2,
                        "cooldown_time": 0,
                        "cast_duration": 2,
                        "particle_color": "#FF664D59",
                        "sequence": [{
                                "shape": "circle",
                                "target": "self",
                                "base_delay": 0.02,
                                "delay_per_summon": 0,
                                "num_entities_spawned": 3,
                                "entity_type": "wb:array_intentions_second",
                                "size": 7,
                                "entity_lifespan": 0,
                                "sound_event": "prepare.attack"
                            },
                            {
                                "shape": "circle",
                                "target": "self",
                                "base_delay": 0.02,
                                "delay_per_summon": 0,
                                "num_entities_spawned": 2,
                                "entity_type": "wb:array_intentions_second",
                                "size": 5,
                                "entity_lifespan": 0,
                                "sound_event": "prepare.attack"
                            },
                            {
                                "shape": "circle",
                                "target": "target",
                                "base_delay": 0.02,
                                "delay_per_summon": 0,
                                "num_entities_spawned": 3,
                                "entity_type": "wb:array_intentions_second",
                                "size": 10,
                                "entity_lifespan": 0,
                                "sound_event": "prepare.attack"
                            },
                            {
                                "shape": "circle",
                                "target": "target",
                                "base_delay": 0.02,
                                "delay_per_summon": 0,
                                "num_entities_spawned": 2,
                                "entity_type": "wb:array_intentions_second",
                                "size": 5,
                                "entity_lifespan": 0,
                                "sound_event": "prepare.attack"
                            }
                        ]
                    }]
                }
            },
            "big": {
                "minecraft:behavior.summon_entity": {
                    "priority": 0,
                    "summon_choices": [{
                        "min_activation_range": 0,
                        "weight": 2,
                        "cooldown_time": 0,
                        "cast_duration": 3,
                        "particle_color": "#FF664D59",
                        "sequence": [{
                            "shape": "circle",
                            "target": "target",
                            "base_delay": 0.02,
                            "delay_per_summon": 0,
                            "num_entities_spawned": 4,
                            "entity_type": "wb:shadow_intentions_second",
                            "size": 10,
                            "entity_lifespan": 5,
                            "sound_event": "prepare.attack"
                        }]
                    }]
                },
                "minecraft:damage_sensor": [{
                    "cause": "all",
                    "deals_damage": false
                }],
                "minecraft:is_baby": {},
                "minecraft:timer": {
                    "time": 4,
                    "looping": true,
                    "time_down_event": {
                        "event": "sss",
                        "target": "self"
                    }
                }
            },
            "ra": {
                "minecraft:behavior.knockback_roar": {
                    "priority": 0,
                    "duration": 0.8,
                    "attack_time": 0.8,
                    "knockback_damage": 120,
                    "knockback_strength": 1,
                    "knockback_range": 8,
                    "on_roar_end": {
                        "event": "abx"
                    },
                    "cooldown_time": 0
                }
            },
            "rb": {
                "minecraft:behavior.knockback_roar": {
                    "priority": 0,
                    "duration": 0.8,
                    "attack_time": 0.8,
                    "knockback_damage": 200,
                    "knockback_strength": -1,
                    "knockback_range": 8,
                    "on_roar_end": {
                        "event": "bcx"
                    },
                    "cooldown_time": 0
                }
            },
            "rc": {
                "minecraft:behavior.knockback_roar": {
                    "priority": 0,
                    "duration": 0.8,
                    "attack_time": 0.8,
                    "knockback_damage": 2000,
                    "knockback_strength": 1,
                    "knockback_range": 6,
                    "on_roar_end": {
                        "event": "sss"
                    },
                    "cooldown_time": 0
                }
            },
            "attack_c": {
                "minecraft:movement": {
                    "value": 0.28
                },
                "minecraft:attack": {
                    "damage": 2000
                },
                "minecraft:behavior.delayed_attack": {
                    "priority": 4,
                    "reach_multiplier": 3.5,
                    "attack_duration": 1.2,
                    "hit_delay_pct": 1,
                    "track_target": true
                },
                "minecraft:variant": {
                    "value": 3
                },
                "minecraft:timer": {
                    "time": 6,
                    "looping": true,
                    "time_down_event": {
                        "event": "sss",
                        "target": "self"
                    }
                }
            },
            "attack_b": {
                "minecraft:attack": {
                    "damage": 180
                },
                "minecraft:behavior.delayed_attack": {
                    "priority": 4,
                    "reach_multiplier": 3.5,
                    "attack_duration": 1.2,
                    "hit_delay_pct": 1,
                    "track_target": true
                },
                "minecraft:movement": {
                    "value": 0.28
                },
                "minecraft:variant": {
                    "value": 2
                },
                "minecraft:timer": {
                    "time": 6,
                    "looping": true,
                    "time_down_event": {
                        "event": "sss",
                        "target": "self"
                    }
                }
            },
            "pre_a": {
                "minecraft:variant": {
                    "value": 9
                },
                "minecraft:movement": {
                    "value": 0
                },
                "minecraft:timer": {
                    "time": 2,
                    "looping": true,
                    "time_down_event": {
                        "event": "pa",
                        "target": "self"
                    }
                }
            },
            "pre_b": {
                "minecraft:variant": {
                    "value": 9
                },
                "minecraft:movement": {
                    "value": 0
                },
                "minecraft:timer": {
                    "time": 2,
                    "looping": true,
                    "time_down_event": {
                        "event": "pb",
                        "target": "self"
                    }
                }
            },
            "pre_c": {
                "minecraft:variant": {
                    "value": 9
                },
                "minecraft:movement": {
                    "value": 0
                },
                "minecraft:timer": {
                    "time": 2,
                    "looping": true,
                    "time_down_event": {
                        "event": "pc",
                        "target": "self"
                    }
                }
            },
            "attack_a": {
                "minecraft:movement": {
                    "value": 0.28
                },
                "minecraft:attack": {
                    "damage": 100
                },
                "minecraft:variant": {
                    "value": 1
                },
                "minecraft:behavior.delayed_attack": {
                    "priority": 4,
                    "reach_multiplier": 3.5,
                    "attack_duration": 1.2,
                    "hit_delay_pct": 1,
                    "track_target": true
                },
                "minecraft:timer": {
                    "time": 6,
                    "looping": true,
                    "time_down_event": {
                        "event": "sss",
                        "target": "self"
                    }
                }
            },
            "fly": {
                "minecraft:movement": {
                    "value": 0.28
                },
                "minecraft:navigation.walk": {},
                "minecraft:movement.basic": {},
                "minecraft:jump.static": {},
                "minecraft:can_climb": {},
                "minecraft:behavior.random_stroll": {
                    "priority": 6,
                    "speed_multiplier": 1,
                    "xz_dist": 16
                }
            },
            "second": {
                "minecraft:timer": {
                    "time": 2,
                    "looping": true,
                    "time_down_event": {
                        "event": "sss",
                        "target": "self"
                    }
                },
                "minecraft:knockback_resistance": {
                    "value": 1
                },
                "minecraft:damage_sensor": [{
                        "on_damage": {
                            "filters": {
                                "test": "has_damage",
                                "value": "fatal"
                            },
                            "event": "defeated"
                        }
                    },
                    {
                        "on_damage": {
                            "filters": {
                                "test": "is_family",
                                "value": "intentions",
                                "subject": "other"
                            }
                        },
                        "deals_damage": false
                    }
                ],
                "minecraft:spawn_entity": [{
                    "min_wait_time": 0.01,
                    "max_wait_time": 0.01,
                    "spawn_entity": "wb:ball_intentions_firsta",
                    "num_to_spawn": 1,
                    "single_use": true
                }]
            },
            "first": {
                "minecraft:damage_sensor": [{
                    "cause": "all",
                    "deals_damage": false
                }],
                "minecraft:timer": {
                    "time": 0.5,
                    "looping": false,
                    "time_down_event": {
                        "event": "second",
                        "target": "self"
                    }
                }
            }
        },
        "components": {
            "minecraft:experience_reward": {
                "on_death": "500 + Math.Random(80,200)"
            },
            "minecraft:physics": {},
            "minecraft:loot": {
                "table": "loot_tables/wb/5_x/intentions.json"
            },
            "minecraft:boss": {
                "should_darken_sky": true,
                "name": "§4Intentions",
                "hud_range": 128
            },
            "minecraft:fire_immune": true,
            "minecraft:type_family": {
                "family": [
                    "monster",
                    "intentions",
                    "aboss"
                ]
            },
            "minecraft:scale": {
                "value": 1
            },
            "minecraft:collision_box": {
                "width": 0.9,
                "height": 1.8
            },
            "minecraft:health": {
                "value": 1700,
                "max": 1700
            },
            "minecraft:attack": {
                "damage": 50
            },
            "minecraft:behavior.look_at_player": {
                "priority": 7,
                "look_distance": 6,
                "probability": 0.02
            },
            "minecraft:behavior.random_look_around": {
                "priority": 8
            },
            "minecraft:behavior.nearest_attackable_target": {
                "priority": 3,
                "entity_types": [{
                    "filters": {
                        "all_of": [{
                                "test": "is_family",
                                "operator": "!=",
                                "subject": "other",
                                "value": "intentions"
                            },
                            {
                                "test": "is_family",
                                "operator": "!=",
                                "subject": "other",
                                "value": "aboss"
                            }
                        ]
                    },
                    "within_default": 64
                }],
                "must_see": false,
                "must_reach": false
            },
            "minecraft:behavior.hurt_by_target": {
                "priority": 2
            },
            "minecraft:follow_range": {
                "value": 64
            }
        },
        "events": {
            "minecraft:despawn": {
                "add": {
                    "component_groups": [
                        "minecraft:despawn"
                    ]
                }
            },
            
            "sss": {
                "randomize": [{
                        "weight": 2,
                        "remove": {
                            "component_groups": [
                                "attack_a",
                                "attack_b",
                                "attack_c",
                                "big",
                                "ra",
                                "rb",
                                "rc"
                            ]
                        },
                        "add": {
                            "component_groups": [
                                "attack_d",
                                "imp"
                            ]
                        }
                    },
                    {
                        "weight": 2,
                        "remove": {
                            "component_groups": [
                                "attack_a",
                                "attack_b",
                                "attack_c",
                                "attack_d",
                                "ra",
                                "rb",
                                "rc"
                            ]
                        },
                        "add": {
                            "component_groups": [
                                "big"
                            ]
                        }
                    },
                    {
                        "run_command": {
                            "command": [
                                "particle wb:intentions_third_attack_par ~~~",
                                "summon wb:array_intentions_thirda",
                                "execute as @p at @s run summon wb:array_intentions_third"
                            ],
                            "target": "self"
                        },
                        "weight": 4,
                        "remove": {
                            "component_groups": [
                                "attack_d",
                                "attack_b",
                                "attack_c",
                                "big",
                                "ra",
                                "rb",
                                "rc"
                            ]
                        },
                        "add": {
                            "component_groups": [
                                "pre_a",
                                "imp"
                            ]
                        }
                    }
                ]
            },
            "minecraft:entity_spawned": {
                "add": {
                    "component_groups": [
                        "first",
                        "fly"
                    ]
                }
            },
            "second": {
                "add": {
                    "component_groups": [
                        "second"
                    ]
                },
                "remove": {
                    "component_groups": [
                        "first"
                    ]
                }
            },
            "aa": {
                "add": {
                    "component_groups": [
                        "ra"
                    ]
                },
                "remove": {
                    "component_groups": [
                        "attack_a"
                    ]
                }
            },
            "bb": {
                "add": {
                    "component_groups": [
                        "rb"
                    ]
                },
                "remove": {
                    "component_groups": [
                        "attack_b"
                    ]
                }
            },
            "cc": {
                "add": {
                    "component_groups": [
                        "rc"
                    ]
                },
                "remove": {
                    "component_groups": [
                        "attack_c"
                    ]
                }
            },
            "pa": {
                "run_command": {
                    "command": [
                        "tp @s @e[c=1,r=64,type=wb:array_intentions_third]"
                    ],
                    "target": "self"
                },
                "add": {
                    "component_groups": [
                        "attack_a"
                    ]
                },
                "remove": {
                    "component_groups": [
                        "pre_a"
                    ]
                }
            },
            "pb": {
                "run_command": {
                    "command": [
                        "tp @s @e[c=1,r=64,type=wb:array_intentions_third]"
                    ],
                    "target": "self"
                },
                "add": {
                    "component_groups": [
                        "attack_b"
                    ]
                },
                "remove": {
                    "component_groups": [
                        "pre_b"
                    ]
                }
            },
            "pc": {
                "run_command": {
                    "command": [
                        "tp @s @e[c=1,r=64,type=wb:array_intentions_third]"
                    ],
                    "target": "self"
                },
                "add": {
                    "component_groups": [
                        "attack_c"
                    ]
                },
                "remove": {
                    "component_groups": [
                        "pre_c"
                    ]
                }
            },
            "abx": {
                "run_command": {
                    "command": [
                        "tp @s @e[c=-1,r=64,type=wb:array_intentions_thirda]",
                        "particle wb:intentions_third_attack_par ~~~"
                    ],
                    "target": "self"
                },
                "add": {
                    "component_groups": [
                        "pre_b"
                    ]
                },
                "remove": {
                    "component_groups": [
                        "ra"
                    ]
                }
            },
            "bcx": {
                "run_command": {
                    "command": [
                        "tp @s @e[c=-1,r=64,type=wb:array_intentions_thirda]",
                        "particle wb:intentions_third_attack_par ~~~"
                    ],
                    "target": "self"
                },
                "add": {
                    "component_groups": [
                        "pre_c"
                    ]
                },
                "remove": {
                    "component_groups": [
                        "rb"
                    ]
                }
            }
        }
    }
}