{
  "format_version": "1.8.0",
  "minecraft:client_entity": {
    "description": {
      "identifier": "wb:originking_ball",
      "materials": { "default": "skeleton" },
      "textures": {
        "default": "textures/wb/1_x/spell_fire"
      },
      "particle_effects": {
        "flame": "wb:originking_broke_par"
      },
      "animations":{
          "par":"animation.ball_border_fugitivea.par"
      },
      "animation_controllers": [
        { "par": "controller.animation.base.par" }
      ],
      "geometry": {
        "default": "geometry.spell_fire"
      },
      "render_controllers": [ "controller.render.base" ]
    }
  }
}