{
  "format_version": "1.8.0",
  "minecraft:client_entity": {
    "description": {
      "identifier": "mob:originsoldier",
      "materials": { "default": "skeleton" },
      "textures": {
        "default": "textures/entity/originkingangry.png"
      },
      "geometry": {
        "default": "geometry.originking"
      },
      "scripts": {
        "pre_animation": [
          "variable.tcos0 = (Math.cos(query.modified_distance_moved * 38.17) * query.modified_move_speed / variable.gliding_speed_value) * 57.3;",
          "variable.tcos1 = -variable.tcos0;"
        ]
      },
      "animations": {
        "look_at_target_default": "animation.humanoid.look_at_target.default.v1.0",
        "look_at_target_gliding": "animation.humanoid.look_at_target.gliding.v1.0",
        "look_at_target_swimming": "animation.humanoid.look_at_target.swimming.v1.0",
        "move": "animation.humanoid.move.v1.0"
      },
      "animation_controllers": [
        { "look_at_target": "controller.animation.humanoid.look_at_target" },
        { "move": "controller.animation.humanoid.move" }
      ],
      "render_controllers": [ "controller.render.skeleton" ],
      "spawn_egg": {
        "texture": "originking",
        "texture_index": 0
      }
    }
  }
}
