{
  "format_version": "1.8.0",
  "animations": {
    "animation.player.wb.gradeline": {
      "timeline": {
        "2.0": [
          "/scoreboard players add @s wbdjjf 1",
          "/function grade/up",
          "/function grade/textup",
          "/tag @s remove wbldkza",
          "/tag @s remove wbldcza"
        ],
        "4.0": [
          "/execute as @s[tag=!wbldkza] at @s run tag @s remove wbldkzb",
          "/execute as @s[tag=!wbldcza] at @s run tag @s remove wbldczb",
          "/execute as @s[tag=wbldkzc,tag=!wbldkzb,tag=wbldbq,m=adventure] at @s run gamemode survival @s",
          "/execute as @s[tag=wbldkzc,tag=!wbldkzb,tag=wbldbq,m=adventure] at @s run tag @s remove wbldbq",
          "/execute as @s[tag=wbldkzc,tag=!wbldkzb] at @s run tag @s remove wbldkzc",
          "/scoreboard players add @s wbdjjf 1",
          "/execute as @s[tag=wbdjeff] at @s run function grade/effect",
          "/execute as @s[lm=30] at @s run scoreboard players add @s wbdjjf 1",
          "/execute as @s[lm=80] at @s run scoreboard players add @s wbdjjf 1",
          "/execute as @s[lm=200] at @s run scoreboard players add @s wbdjjf 1",
          "/execute as @s[tag=!wbyzc] at @s run scoreboard players add @s wbef 0",
          "/execute as @s[tag=!wbyzc] at @s run scoreboard players set @s wbdj 0",
          "/execute as @s[tag=!wbyzc] at @s run scoreboard players set @s wbdjcg 0",
          "/execute as @s[tag=!wbyzc] at @s run scoreboard players set @s wbdjjf 0",
          "/execute as @s[tag=!wbyzc] at @s run give @s wb:power 1 0 {\"minecraft:keep_on_death\":{}}",
          "/execute as @s[tag=!wbyzc] at @s run scoreboard players set @s wbcsjs -1",
          "/execute as @s[tag=!wbyzc] at @s run scoreboard players set @s wbnldx 0",
          //wbldid
          "/execute as @s[tag=!wbyzc] at @s run scoreboard players set @s wbldpd 0",
          "/execute as @s[tag=!wbyzc] at @s run scoreboard players set @s wbldcg 0",
          "/execute as @s[tag=!wbyzc] at @s run scoreboard players set @s wbptbt 0",
          "/execute as @s[tag=!wbyzc] at @s run scoreboard players set @s wbdwcg -1",
          "/execute as @s[tag=!wbyzc] at @s run scoreboard players set @s wbdwgs 0",
          "/execute as @s[tag=!wbyzc] at @s run scoreboard players set @s wbdwqz 0",
          "/execute as @s[tag=!wbyzc] at @s run scoreboard players set @s wbfl 200",
          "/execute as @s[tag=!wbyzc] at @s run scoreboard players set @s wbwqlq 0",
          "/execute as @s[tag=!wbyzc] at @s run scoreboard players set @s wbkjlqcg 0",
          "/execute as @s[tag=!wbyzc] at @s run scoreboard players set @s wbnjqbf -1",
          "/execute as @s[tag=!wbyzc] at @s run scoreboard players set @s wbnjqzj 0",
          "/execute as @s[tag=!wbyzc] at @s run give @s wb:start_key 1 0 {\"minecraft:keep_on_death\":{}}",
          "/tag @s[scores={wbdj=-100..}] add wbyzc",
          "/execute as @s[tag=!wbgxa] at @s run scoreboard players set @s wbkjlqjs 0",
          "/execute as @s[tag=!wbgxa] at @s run scoreboard players set @s wbwqlqjs 0",
          "/tag @s[scores={wbwqlqjs=-1..}] add wbgxa",
          // 回蓝写gt了
          "/tag @s remove wbngxa",
          "/tag @s remove wbngxb"
        ]
      },
      "animation_length": 5,
      "loop": true
    },
    "animation.player.wb.order.normal": {
      "timeline": {
        "0.25": [
          "/execute as @s[scores={wbdjcg=101..}] at @s run scoreboard players set @s wbdjcg 100",
          "/execute as @s[scores={wbfl=201..}] at @s run scoreboard players set @s wbfl 200",
          "/execute as @s[tag=!wbflx,tag=!wbgjx] at @s run function combat/combat1",
          "/execute as @s[tag=wbflx,tag=!wbgjx] at @s run function magic/text3"
        ]
      },
      "animation_length": 0.5,
      "loop": true
    },
    "animation.player.wb.delivery": {
      "timeline": {
        "0.5": [
          "/execute as @s[scores={wbef=1..}] at @s run scoreboard players remove @s wbef 1",
          "/scoreboard players operation @s wbldpd = @s wbldcg",
          "/scoreboard players operation @s wbldpd -= @s wbldid",
          "/execute as @s[m=survival,tag=wbldkzb,scores={wbldpd=!0}] at @s run tag @s add wbldbq",
          "/execute as @s[m=survival,tag=wbldkzb,scores={wbldpd=!0}] at @s run gamemode adventure @s",
          //盔甲冷却写gt了
          "/function armor/skill_update",
          "/function player/die",
          "/tag @s remove wbnearboss",
          "/execute as @s[scores={wbnjqbf=-1}] at @s run effect @s blindness 3 5 true",
          "/execute as @s[scores={wbnjqbf=-1}] at @s run effect @s slowness 3 5 true",
          "/execute as @s[scores={wbnjqbf=-1}] at @s run effect @s resistance 60 100 true",
          "/execute as @s[scores={wbnjqbf=-1},tag=!wbjcks] at @s run titleraw @s subtitle {\"rawtext\":[{\"translate\":[\"enter.text.wb.text2\"]}]}",
          "/execute as @s[scores={wbnjqbf=-1},tag=!wbjcks] at @s run titleraw @s title {\"rawtext\":[{\"translate\":\"enter.text.wb.text1\"}]}",
          "/execute as @s[scores={wbnjqbf=1..},tag=!wbstartkeyok] at @s run scoreboard players set @s wbnjqzj 0",
          "/execute as @s[scores={wbnjqbf=1..},tag=!wbstartkeyok] at @s run scoreboard players set @s wbnjqbf 0"
        ]
      },
      "animation_length": 1,
      "loop": true
    },
    "animation.player.wb.order": {
      "timeline": {
        "0.1": [
          "/execute as @s[tag=prune] at @s run particle wb:rune ~ ~ ~",
          "/execute as @s[tag=pflame] at @s run particle wb:wbflame ~ ~ ~",
          "/execute as @s[tag=plove] at @s run particle wb:love ~ ~ ~",
          "/execute as @s[tag=phalo] at @s run particle wb:halo ~ ~ ~"
        ]
      },
      "animation_length": 0.13,
      "loop": true
    },
    "animation.player.wb.longorder": {
      "timeline": {
        "5": [
          "/execute as @s[scores={wbdwgs=!0}] at @s run scoreboard players operation @s wbdwqz = @a[scores={wbdwcg=0}] wbjqzj",
          "/execute as @s[scores={wbdwgs=!0}] at @s run scoreboard players operation @s wbdwqz = @a[scores={wbdwcg=0}] wbjqbf",
          "/execute as @s[scores={wbdwgs=!0}] at @s run scoreboard players operation @s wbdwqz = @a[scores={wbdwcg=0}] wbdwqz",
          "/execute as @e[type=minecraft:item,r=8] at @s if block ~ ~-1 ~ wb:waste_recovery -1 run summon wb:item_waste_recovery ~ ~+1 ~",
          "/execute as @e[type=minecraft:item,r=8] at @s if block ~ ~-1 ~ wb:waste_recovery -1 run kill @s"
        ]
      },
      "animation_length": 10,
      "loop": true
    }
  }
}