{
  "format_version": "1.16.0",
  "minecraft:block": {
    "description": {
      "identifier": "dec:abyssal_summoner_locked"
    },
    "components": {
      "minecraft:light_dampening": 15,
      "minecraft:light_emission": 0,
      "minecraft:destroy_time": 3.0,
      "minecraft:explosion_resistance": 100,
      "minecraft:map_color": "#A2FFFF",
      "minecraft:loot": "loot_tables/empty.json",
      "minecraft:on_interact": {
        "event": "unlocked",
        "condition": "query.get_equipped_item_name('main_hand') == 'iron_key'"
      }
    },
    "events": {
      "unlocked": {
        "run_command": {
          "command": [
            "execute unless block ~3 53 ~3 dec:scale_block unless block ~-3 53 ~3 dec:scale_block unless block ~3 53 ~-3 dec:scale_block unless block ~-3 53 ~-3 dec:scale_block unless block ~2 47 ~2 dec:scale_block unless block ~-2 47 ~2 dec:scale_block unless block ~2 47 ~-2 dec:scale_block unless block ~-2 47 ~-2 dec:scale_block unless block ~3 41 ~3 dec:scale_block unless block ~-3 41 ~3 dec:scale_block unless block ~3 41 ~-3 dec:scale_block unless block ~-3 41 ~-3 dec:scale_block run tag @p add abyssal_summoner_unlock",
            "execute if entity @p[tag=abyssal_summoner_unlock] run setblock ~~~ dec:abyssal_summoner_activated",
            "execute if entity @p[tag=abyssal_summoner_unlock] run playsound conduit.activate @a ~~~",
            "execute if entity @p[tag=abyssal_summoner_unlock] run particle minecraft:critical_hit_emitter ~~~",
            "execute unless entity @p[tag=abyssal_summoner_unlock] run tellraw @a { \"rawtext\" : [ { \"translate\" : \"text.dec:abyssal_summoner_unlock_fail.name\" } ] }",
            "execute unless entity @p[tag=abyssal_summoner_unlock] run playsound random.anvil_break @a ~~~"
          ]
        }
      }
    }
  }
}