{
  "format_version": "1.16.0",
  "minecraft:block": {
    "description": {
      "identifier": "dec:forest_summoner_activated"
    },
    "components": {
      "minecraft:light_dampening": 15,
      "minecraft:light_emission": 7,
      "minecraft:destroy_time": 3.0,
      "minecraft:explosion_resistance": 100,
      "minecraft:map_color": "#153F15",
      "minecraft:loot": "loot_tables/empty.json",
      "minecraft:on_interact": {
        "event": "summon",
        "condition": "query.get_equipped_item_name('main_hand') == 'iron_key'"
      }
    },
    "events": {
      "summon": {
        "play_sound": {
          "target": "other",
          "sound": "conduit.activate"
        },
        "set_block": {
          "block_type": "dec:forest_summoner"
        },
        "run_command": {
          "command": [
            "tellraw @a { \"rawtext\" : [ { \"translate\" : \"text.dec:summon_leaves_golem.name\" } ] }",
            "summon dec:leaves_golem ~~1~",

            "fill ~-2~~-2 ~-1~~2 air [] destroy",
            "fill ~~~1 ~2~~2 air [] destroy",
            "fill ~1~~ ~2~~-2 air [] destroy",
            "fill ~~~-1 ~~~-2 air [] destroy",

            "fill ~-3~1~-3 ~3~1~3 air [] destroy",

            "fill ~-5~2~-5 ~5~6~5 air [] destroy"
          ]
        },
        "decrement_stack": {}
      }
    }
  }
}