
{
	"format_version": "1.10.0",
	"particle_effect": {
		"description": {
			"identifier": "takile:havoc_meltdown_par",
			"basic_render_parameters": {
				"material": "particles_blend",
				"texture": "textures/par/meltdown_par"
			}
		},
		"components": {
			"minecraft:emitter_initialization": {
				"creation_expression": "variable.offset=2.3;variable.length=3;variable.point=4;",
				"per_update_expression": "variable.length=Math.random(1.5,3);"
			},
			"minecraft:emitter_local_space": {
				"position": true,
				"rotation": true
			},
			"minecraft:emitter_rate_steady": {
				"spawn_rate": 450,
				"max_particles": 2000
			},
			"minecraft:emitter_lifetime_looping": {
				"active_time": 1
			},
			"minecraft:emitter_shape_point": {
				"offset": ["variable.x=variable.length*Math.sin(Math.floor(variable.particle_random_3*360/variable.point)*variable.point)*Math.sin(Math.floor(variable.particle_random_2*360/variable.point)*variable.point);variable.y=variable.length*Math.cos(Math.floor(variable.particle_random_3*360/variable.point)*variable.point);variable.z=variable.length*Math.sin(Math.floor(variable.particle_random_3*360/variable.point)*variable.point)*Math.cos(Math.floor(variable.particle_random_2*360/variable.point)*variable.point);return variable.x;", "variable.y+variable.offset", "variable.z"],
				"direction": [0.5, 1, 0]
			},
			"minecraft:particle_lifetime_expression": {
				"max_lifetime": 0.6
			},
			"minecraft:particle_initial_speed": 0.5,
			"minecraft:particle_motion_dynamic": {},
			"minecraft:particle_appearance_billboard": {
				"size": [0.7, 0.7],
				   "facing_camera_mode": "rotate_xyz",
				"direction": {
					"mode": "custom",
					"custom_direction": ["variable.x=variable.length*Math.sin(variable.particle_random_3*360)*Math.sin(variable.particle_random_2*360);variable.y=variable.length*Math.cos(variable.particle_random_3*360);variable.z=variable.length*Math.sin(variable.particle_random_3*360)*Math.cos(variable.particle_random_2*360);return variable.x;", "variable.y", "variable.z"]
				},
				"uv": {
					"texture_width": 16,
					"texture_height": 1,
					"flipbook": {
						"base_UV": [0, 0],
						"size_UV": [1, 1],
						"step_UV": [1, 0],
						"frames_per_second": 16,
						"max_frame": 16,
						"stretch_to_lifetime": true
					}
				}
			},
			"minecraft:particle_appearance_tinting": {
				"color": [1, 1, 1, 1]
			}
		}
	}
}