{
	"format_version": "1.10.0",
	"particle_effect": {
		"description": {
			"identifier": "takile:havoc_baby_egg_par",
			"basic_render_parameters": {
				"material": "particles_alpha",
				"texture": "textures/particle/particles"
			}
		},
		"components": {
			"minecraft:emitter_initialization": {
				"creation_expression": "variable.size = 0.08;variable.radius = 0.6;"
			},
			"minecraft:emitter_local_space": {
				"position": true,
				"rotation": true
			},
			"minecraft:emitter_rate_steady": {
				"spawn_rate": 60,
				"max_particles": 60
			},
			"minecraft:emitter_lifetime_looping": {
				"active_time": 1
			},
			"minecraft:emitter_shape_point": {
				"offset": ["variable.radius*-math.sin(variable.emitter_age*720)", "Math.random(0,1)>0.5?variable.emitter_age:1", "variable.radius*math.cos(variable.emitter_age*720)"]
			},
			"minecraft:particle_lifetime_expression": {
				"max_lifetime": 1
			},
			"minecraft:particle_initial_speed": 0,
			"minecraft:particle_motion_dynamic": {},
			"minecraft:particle_appearance_billboard": {
				"size": ["variable.size*(1-variable.particle_age)", "variable.size*(1-variable.particle_age)"],
				"facing_camera_mode": "rotate_xyz",
				"uv": {
					"texture_width": 16,
					"texture_height": 16,
					"uv": [2, 5],
					"uv_size": [1, 1]
				}
			},
			"minecraft:particle_appearance_tinting": {
				"color": [0.41961, 1, 0.57647, 1]
			}
		}
	}
}