{
  "format_version": "1.10.0",
  "animation_controllers": {
    "controller.animation.host_of_deep_around": {
      "states": {
        "default": {
          "transitions": [
            {
              "ticking": "(1.0)"
            }
          ],
          "on_entry": [
            "/effect @e[r=4,rm=1.5,family=!deep] wither 6 0",
            "/particle dec:wither_wake_ball_particle ~~~"
          ]
        },
        "ticking": {
          "transitions": [
            {
              "default": "(1.0)"
            }
          ],
          "on_entry": [
            "/effect @e[r=4,rm=1.5,family=!deep] wither 6 0",
            "/particle dec:wither_wake_ball_particle ~~~"
          ]
        }
      }
    }
  }
}