{
  "format_version": "1.8.0",
 "minecraft:entity": {
  "description": {
    "identifier": "wb:ball_intentions_first_swordt",
    "is_spawnable": false,
    "is_summonable": true,
    "is_experimental": false,
    "runtime_identifier": "minecraft:arrow"
  },
  "components": {
  	  "minecraft:explode": {
     "fuseLength": 4,
     "fuseLit": true,
     "breaks_blocks":false,
     "power": 1
    },
    "minecraft:collision_box": {
    "width": 0.3,
    "height": 0.1
   },
   "minecraft:scale":{"value":0.35},
   "minecraft:projectile": {
    "onHit": {
      "impact_damage": {
        "damage": 35,
        "knockback": true,
        "catchFire": false,
        "semirandomdiffdamage": false
      },
      "remove_on_hit": { }
    },
    "power": 1.0,
    "gravity": 0.01,
    "inertia": 1,
    "anchor": 2,
    "offset": [ 0, 0.0, 0.0],
    "semirandomdiffdamage": false,
    "uncertaintyBase": 12.0,
    "reflectOnHurt": true
   },
   "minecraft:physics": {
   }
  }
 }
}
