{
  "format_version": "1.12.0",
  "minecraft:entity": {
    "description": {
      "identifier": "takile:havoc_sign_add",
      "runtime_identifier": "minecraft:egg",
      "is_spawnable": false,
      "is_summonable": true,
      "is_experimental": false
    },
    "component_groups": {
      "a": {
        "minecraft:explode": {
          "fuseLength": 0,
          "fuseLit": true,
          "power": 0,
          "causesFire": false,
          "destroy_affected_by_griefing": false
        }
      }
    },
    "components": {
      "minecraft:collision_box": {
        "width": 0.31,
        "height": 0.31
      },
      "minecraft:explode": {
        "fuseLength": 4,
        "fuseLit": true,
        "power": 0,
        "causesFire": false,
        "destroy_affected_by_griefing": false
      },
      "minecraft:projectile": {
        "onHit": {
          "definition_event": {
            "affectProjectile": true,
            "eventTrigger": {
              "event": "minecraft:explode",
              "target": "self"
            }
          }
        },
        "power": 1.9,
        "gravity": 0,
        "inertia": 1,
        "liquid_inertia": 1,
        "anchor": 1,
        "offset": [0,0.5,0],
        "semirandomdiffdamage": true,
        "uncertaintyBase": 3,
        "uncertaintyMultiplier": 2,
        "reflectOnHurt": false,
        "shoot_target": false
      },
      "minecraft:pushable": {
        "is_pushable": false,
        "is_pushable_by_piston": true
      }
    },
    "events": {
      "minecraft:explode": {
        "add": {
          "component_groups": [
            "a"
          ]
        },
        "run_command": {
          "command": [
            "tag @e[r=2,c=1,type=!takile:havoc_sign_add] add havoc_target"
          ],
          "target": "self"
        }
      }
    }
  }
}