{
  "Source": "import",
  "CreateVersion": "2.2.0.118391",
  "EditVersion": "2.2.0.118391",
  "OldEditCount": 1,
  "NewEditCount": 0,
  "OldComponents": [],
  "Account": "chang18236433384@163.com",
  "UserName": "风倾阳",
  "UserId": "63971",
  "Id": "eed88556bd784992adefe380a4493c9e",
  "EditType": 2,
  "IsMap": false,
  "CreateNew": true,
  "EditName": "Havoc1.1",
  "GameType": 1,
  "WorldType": 2,
  "Seed": "",
  "BlockNums": [
    0,
    0
  ],
  "BornPoint": [
    0,
    0,
    0
  ],
  "SaveBackMapPath": null,
  "SaveBackAddOnPath": "D:\\MCStudioDownload\\work\\chang18236433384@163.com\\Cpp\\AddOn\\eed88556bd784992adefe380a4493c9e",
  "EditAddOnPaths": [],
  "EditMaterialPaths": [],
  "EditLogFilePath": "D:\\MCStudioDownload\\work\\editor\\edit.log",
  "ServerName": "EXPR",
  "StudioPort": 11576,
  "DCWebUrl": "https://x19apigatewayexpr.nie.netease.com",
  "ShowGuide": false,
  "AssertCacheDir": "D:\\MCStudioDownload\\EngineAssert",
  "ElkUrl": "https://x19mclexpr.nie.netease.com/client-log",
  "ShowGpuDriverTips": false,
  "StudioTempPath": "D:\\MCStudioDownload\\temp\\editorTemp",
  "EditorResourcePackPath": "D:\\ruanjian\\mcdev\\MCStudio\\data\\inner_res"
}