{
  "format_version": "1.16.0",
  "minecraft:block": {
    "description": {
      "identifier": "dec:amethyst_lantern"
    },
     "components": {
		    "minecraft:creative_category": {
          "group": "itemGroup.name.outside",
			  	"category": "items"
			  },
        "minecraft:block_light_absorption": 0,
        "minecraft:block_light_emission": 1,
        "minecraft:destroy_time": 2,
        "minecraft:explosion_resistance": 10,
        "minecraft:loot": "loot_tables/blocks/amethyst_lantern.json",
        "minecraft:map_color": "#A36FD5"
    }
  }
}