{
  "format_version": "1.16.0",
  "minecraft:block": {
    "description": {
      "identifier": "dec:flowing_block_3"
    },
    "components": {
      "minecraft:light_dampening": 15,
      "minecraft:light_emission": 6,
      "minecraft:destroy_time": 3,
      "minecraft:explosion_resistance": 100,
      "minecraft:loot": "loot_tables/blocks/flowing_block.json",
      "minecraft:map_color": "#130672",
      "minecraft:on_interact": {
        "event": "level_up",
        "condition": "query.get_equipped_item_name('main_hand') == 'magic_article'"
      },
      "tag:stone": {}
    },
    "events": {
      "unlock": {
        "set_block": {
          "block_type": "dec:flowing_block_1"
        },
        "run_command": {
          "command": [
            "playsound conduit.activate @a ~~~"
          ]
        },
        "decrement_stack": {}
      }
    }
  }
}