{
  "format_version": "1.16.0",
  "minecraft:block": {
    "description": {
      "identifier": "dec:radiate_stonebrick"
    },
    "components": {
		  "minecraft:creative_category": {
				"group": "itemGroup.name.stoneBrick",
				"category": "construction"
			},
      "minecraft:block_light_absorption": 1,
      "minecraft:block_light_emission": 0,
      "minecraft:destroy_time": 1.5,
      "minecraft:explosion_resistance": 15,
      "minecraft:map_color": "#747474",
      "minecraft:loot": "loot_tables/blocks/radiate_stone.json",
      "tag:stone": {},
      "minecraft:on_step_on": {
        "event": "step_on",
        "target": "other"
      }
    },
    "events":  {
      "step_on": {
        "add_mob_effect": {
          "effect": "poison",
          "duration": 5,
          "amplifier": 1,
          "target": "other"
        },
        "run_command": {
          "command": [
            "scoreboard players remove @a[x=~,y=~1,z=~,r=1] magicpoint 1"
          ]
        }
      }
    }
  }
}