{
    "format_version": "1.16.0",
    "minecraft:block": {
        "description": {
            "identifier": "dec:red_lantern"
        },
        "components": {
            "minecraft:creative_category": {
                "group": "itemGroup.name.outside",
				"category": "items"
			},
            "minecraft:material_instances": {
                "*": {
                    "texture": "red_lantern",
                    "render_method": "alpha_test"
                }
            },
            "minecraft:pick_collision": {
                "origin": [ -5, 1, -5 ],
                "size": [ 10, 12, 10 ]
            },
            "minecraft:entity_collision": {
                "origin": [ -5, 1, -5 ],
                "size": [ 10, 12, 10 ]
            },
            "minecraft:geometry": "geometry.red_lantern",
            "minecraft:map_color": "#FF544F",
            "minecraft:loot": "loot_tables/blocks/red_lantern.json",
            "minecraft:block_light_emission": 1,
            "minecraft:block_light_absorption": 0.0,
            "minecraft:destroy_time": 0.01
        }
    }
}