{
	"format_version": "1.16.200",
	"minecraft:block": {
		"description": {
			"identifier": "dec:su_tower_of_watcher"
		},
		"components": {
			"minecraft:map_color": "#FFFCFC",
            "minecraft:unit_cube": {},
			"minecraft:material_instances": {
				"*": {
					"texture": "glass",
					"render_method": "alpha_test"
				}
			},
			"minecraft:block_light_emission": 0.8,
			"minecraft:ticking": {
				"on_tick": {
					"event": "flame",
					"target": "self"
				},
				"range": [
					0,
					1
				]
			},
			"minecraft:flammable": {
				"burn_odds": 0,
				"flame_odds": 0
			},
			"minecraft:destroy_time": 9999.9,
			"minecraft:breakonpush": true,
			"minecraft:explosion_resistance": 99999,
			"minecraft:entity_collision": false,
			"minecraft:loot": "loot_tables/empty.json"
		},
		"events": {
			"flame": {
				"run_command": {
					"command": [
						"structure load mystructure:tower_of_watcher ~ ~ ~",
						"fill ~~~ ~~~ air"
					]
				}
			}
		}
	}
}