{
  "format_version": "1.16.0",
  "minecraft:block": {
    "description": {
      "identifier": "dec:summoner"
    },
     "components": {
		    "minecraft:creative_category": {
          "group": "itemGroup.name.outside",
				  "category": "items"
			  },
        "minecraft:block_light_absorption": 1,
        "minecraft:block_light_emission": 0,
        "minecraft:destroy_time": 1,
        "minecraft:explosion_resistance": 5,
        "minecraft:map_color": "#79553A"
    }
  }
}