{
    "format_version": "1.8.0",
    "minecraft:entity": {
        "description": {
            "identifier": "wb:sweep_damage2",
            "is_spawnable": false,
            "is_summonable": true,
            "is_experimental": false,
            "animations": {
                "base": "controller.animation.sweep.wb"
            },
            "scripts": {
                "animate": [
                    "base"
                ]
            }
        },

        "components": {
            "minecraft:behavior.find_mount": {
                "priority": 1,
                "within_radius": 10
            },
            "minecraft:damage_sensor": [{
                "cause": "all",
                "deals_damage": false
            }],
            "minecraft:knockback_resistance": {
                "value": 1.0
            },
            "minecraft:explode": {
                "fuseLength": 0.4,
                "fuseLit": true,
                "breaks_blocks": false,
                "power": 0,
                "causesFire": true,
                "fireAffectedByGriefing": true,
                "destroyAffectedByGriefing": true
            },
            "minecraft:type_family": {
                "family": ["sword_attack"]
            },
            "minecraft:breathable": {
                "totalSupply": 15,
                "suffocateTime": 0
            },
            "minecraft:navigation.walk": {
                "can_path_over_water": true,
                "avoid_water": true,
                "avoid_damage_blocks": true
            },
            "minecraft:movement.basic": {

            },
            "minecraft:jump.static": {},
            "minecraft:can_climb": {},
            "minecraft:collision_box": {
                "width": 0.1,
                "height": 0.1
            },
            "minecraft:nameable": {},
            "minecraft:health": {
                "value": 500,
                "max": 500
            },
            "minecraft:movement": {
                "value": 0.15
            },
            "minecraft:behavior.float": {
                "priority": 0
            },
            "minecraft:behavior.random_stroll": {
                "priority": 6,
                "speed_multiplier": 0.8
            },
            "minecraft:behavior.look_at_player": {
                "priority": 7,
                "look_distance": 6.0,
                "probability": 0.02
            },
            "minecraft:behavior.random_look_around": {
                "priority": 9
            },
            "minecraft:balloonable": {},
            "minecraft:physics": {}
        }
    }
}