{
    "format_version": "1.13.0",
    "minecraft:tree_feature": {
        "description": {
            "identifier": "dec:bat_cave_srd2_feature"
        },
        "trunk": {
            "trunk_height": {
                "range_min": 6,
                "range_max": 10
            },
            "height_modifier": {
                "range_min": -2,
                "range_max": 1
            },
            "trunk_block": {
                "name": "minecraft:log",
                "states": {
                    "old_log_type": "spruce"
                }
            }
        },
        "spruce_canopy": {
            "lower_offset": {
                "range_min": 1,
                "range_max": 3
            },
            "upper_offset": {
                "range_min": 0,
                "range_max": 3
            },
            "max_radius": {
                "range_min": 2,
                "range_max": 4
            },
            "leaf_block": {
                "name": "minecraft:leaves",
                "states": {
                    "old_leaf_type": "spruce"
                }
            }
        },
        "base_block": [
            "minecraft:hardened_clay"
        ],
        "may_grow_on": [
            "minecraft:hardened_clay",
            "minecraft:stained_hardened_clay"
        ],
        "may_replace": [
            "minecraft:air",
            "minecraft:hardened_clay",
            "minecraft:stained_hardened_clay"
        ],
        "may_grow_through": [
            "minecraft:hardened_clay",
            "minecraft:stained_hardened_clay"
        ]
    }
}