{
    "format_version": "1.13.0",
    "minecraft:tree_feature": {
        "description": {
            "identifier": "dec:bat_cave_srd1_feature"
        },
        "acacia_trunk": {
            "trunk_width": 2,
            "trunk_height": {
                "base": 6,
                "intervals": [3, 2]
            },
            "trunk_block": {
                "name": "minecraft:log2",
                "states": {
                    "new_log_type": "dark_oak"
                }
            },
            "trunk_lean": {
                "allow_diagonal_growth": false,
                "lean_height": {
                    "range_min": 0,
                    "range_max": 4
                },
                "lean_steps": {
                    "range_min": 0,
                    "range_max": 3
                }
            },
            "branches": {
                "branch_chance": {
                    "numerator": 1,
                    "denominator": 3
                },
                "branch_length": {
                    "range_min": 2,
                    "range_max": 5
                },
                "branch_position": 1,
                "branch_canopy": {
                    "acacia_canopy": {
                        "canopy_size": 2,
                        "leaf_block": {
                            "name": "minecraft:leaves2",
                            "states": {
                                "new_leaf_type": "dark_oak"
                            }
                        },
                        "simplify_canopy": true
                    }
                }
            }
        },
        "roofed_canopy": {
            "canopy_height": 4,
            "core_width": 2,
            "outer_radius": 2,
            "inner_radius": 3,
            "leaf_block": {
                "name": "minecraft:stained_hardened_clay",
                "states": {
                    "new_leaf_type": "dark_oak"
                }
            }
        },
        "base_block": [
            "minecraft:hardened_clay"
        ],
        "may_grow_on": [
            "minecraft:hardened_clay",
            "minecraft:stained_hardened_clay"
        ],
        "may_replace": [
            "minecraft:air",
            "minecraft:hardened_clay",
            "minecraft:stained_hardened_clay"
        ],
        "may_grow_through": [
            "minecraft:hardened_clay",
            "minecraft:stained_hardened_clay"
        ]
    }
}