{
  "format_version": "1.16.0",
  "minecraft:block": {
    "description": {
      "identifier": "dec:cave_crate",
      "properties": {
        "dec:is_unlocked": [
          0,
          1
        ]
      }
    },
    "components": {
		  "minecraft:creative_category": {
        "group": "itemGroup.name.outside",
				"category": "items"
			},
      "minecraft:light_dampening": 15,
      "minecraft:light_emission": 0,
      "minecraft:destroy_time": 2.2,
      "minecraft:explosion_resistance": 10,
      "minecraft:map_color": "#6E6B66",
      "minecraft:unit_cube": {},
      "tag:wood": {}
    },
    "permutations": [
      {
        "condition": "query.block_state('dec:is_unlocked') == 0",
        "components": {
          "minecraft:on_interact": {
            "event": "unlock",
            "condition": "query.get_equipped_item_name('main_hand') == 'iron_key'"
          },
          "minecraft:material_instances": {
            "*": {
              "texture": "cave_crate_locked",
              "render_method": "opaque"
            }
          },
          "minecraft:loot": "loot_tables/blocks/cave_crate_locked.json"
        }
      },
      {
        "condition": "query.block_state('dec:is_unlocked') == 1",
        "components": {
          "minecraft:material_instances": {
            "*": {
              "texture": "cave_crate",
              "render_method": "opaque"
            }
          },
          "minecraft:loot": "loot_tables/blocks/cave_crate.json"
        }
      }
    ],
    "events": {
      "unlock": {
        "set_block_state": {
          "dec:is_unlocked": 1
        },
        "run_command": {
          "command": [
            "playsound random.anvil_land @a ~~~",
            "particle minecraft:critical_hit_emitter ~~~"
          ]
        },
        "decrement_stack": {}
      }
    }
  }
}