{
  "format_version": "1.8.0",
  "animation_controllers": {
    "controller.animation.player.wb.map": {
      "states": {
        "default": {
          "transitions": [
            {
              "mb1": "query.get_equipped_item_name == 'map_builder'&&query.is_using_item"
            }
          ]
        },
        "mb1": {
          "on_entry": [
            "/tellraw @s {\"rawtext\":[{\"translate\":\"tell.play.55.name\"}]}"
          ],
          "transitions": [
            {
              "default": "query.get_equipped_item_name != 'map_builder'"
            },
            {
              "mb12": "query.is_using_item"
            }
          ]
        },
        "mb12": {
          "transitions": [
            {
              "default": "query.get_equipped_item_name != 'map_builder'"
            },
            {
              "mb13": "!query.is_using_item"
            }
          ]
        },
        "mb13": {
          "on_entry": [
            "/tellraw @s {\"rawtext\":[{\"translate\":\"tell.play.56.name\"}]}"
          ],
          "transitions": [
            {
              "default": "query.get_equipped_item_name != 'map_builder'"
            },
            {
              "mb14": "query.is_using_item"
            }
          ]
        },
        "mb14": {
          "transitions": [
            {
              "default": "query.get_equipped_item_name != 'map_builder'"
            },
            {
              "mb15": "!query.is_using_item"
            }
          ]
        },
        "mb15": {
          "on_entry": [
            "/function xyz/write",
            "/effect @s resistance 100000 255 true",
            "/effect @s levitation 100000 1 true",
            "/tp @p 120030 100 120030",
            "/tellraw @s {\"rawtext\":[{\"translate\":\"tell.play.57.name\"}]}"
          ],
          "transitions": [
            {
              "default": "query.get_equipped_item_name != 'map_builder'"
            },
            {
              "mb16": "query.is_using_item"
            }
          ]
        },
        "mb16": {
          "on_entry": [
            "/tellraw @s {\"rawtext\":[{\"translate\":\"tell.play.58.name\"}]}",
            "/function building/city/x",
            "/function building/city/1",
            "/function building/city/2",
            "/function building/city/3",
            "/function building/city/4"
          ],
          "transitions": [
            {
              "default": "query.get_equipped_item_name != 'map_builder'"
            },
            {
              "mb17": "!query.is_using_item"
            }
          ]
        },
        "mb17": {
          "transitions": [
            {
              "default": "query.get_equipped_item_name != 'map_builder'"
            },
            {
              "mb22": "query.is_using_item"
            }
          ]
        },
        "mb22": {
          "transitions": [
            {
              "default": "query.get_equipped_item_name != 'map_builder'"
            },
            {
              "mb23": "!query.is_using_item"
            }
          ]
        },
        "mb23": {
          "on_entry": [
            "/tellraw @s {\"rawtext\":[{\"translate\":\"tell.play.59.name\"}]}"
          ],
          "transitions": [
            {
              "default": "query.get_equipped_item_name != 'map_builder'"
            },
            {
              "mb24": "query.is_using_item"
            }
          ]
        },
        "mb24": {
          "transitions": [
            {
              "default": "query.get_equipped_item_name != 'map_builder'"
            },
            {
              "mb25": "!query.is_using_item"
            }
          ]
        },
        "mb25": {
          "on_entry": [
            "/tp @s 120600 80 120550",
            "/tellraw @s {\"rawtext\":[{\"translate\":\"tell.play.60.name\"}]}"
          ],
          "transitions": [
            {
              "default": "query.get_equipped_item_name != 'map_builder'"
            },
            {
              "mb26": "query.is_using_item"
            }
          ]
        },
        "mb26": {
          "on_entry": [
            "/tellraw @s {\"rawtext\":[{\"translate\":\"tell.play.61.name\"}]}",
            "/function building/forest/1",
            "/function building/forest/2",
            "/function building/forest/3",
            "/function building/forest/4",
            "/function building/forest/5",
            "/function building/forest/6",
            "/function building/forest/7",
            "/function building/forest/8",
            "/function building/forest/9",
            "/function building/forest/10",
            "/function building/forest/x"
          ],
          "transitions": [
            {
              "default": "query.get_equipped_item_name != 'map_builder'"
            },
            {
              "mb27": "!query.is_using_item"
            }
          ]
        },
        "mb27": {
          "transitions": [
            {
              "default": "query.get_equipped_item_name != 'map_builder'"
            },
            {
              "mb28": "query.is_using_item"
            }
          ]
        },
        "mb28": {
          "on_entry": [
            "/effect @s clear",
            "/function xyz/read"
          ],
          "transitions": [
            {
              "default": "query.get_equipped_item_name != 'map_builder'"
            }
          ]
        }
      }
    }
  }
}