{
  "format_version": "1.10.0",
  "animation_controllers": {
    "controller.animation.nuke": {
      "states": {
        "default": {
          "transitions": [
            {
              "ticking": "(1.0)"
            }
          ]
        },
        "ticking": {
          "transitions": [
            {
              "default": "(1.0)"
            }
          ],
          "on_entry": [
            "/effect @e[r=30] nausea 7 0",
            "/effect @e[r=10] poison 5 1",
            "/effect @e[r=5] wither 3 1",
            "/tag @e[type=creeper,r=100] add radiate",
            "/tag @e[type=enderman,r=100] add radiate",
            "/tag @e[type=spider,r=100] add radiate",
            "/tag @e[type=cave_spider,r=100] add radiate",
            "/tag @e[type=skeleton,r=100] add radiate",
            "/effect @e[r=40,type=dec:radiate_creeper] resistance 5 5",
            "/particle minecraft:knockback_roar_particle ~~~",
            "/execute as @e[type=creeper,tag=radiate] at @s run summon dec:radiate_creeper",
            "/execute as @e[type=enderman,tag=radiate] at @s run summon dec:radiate_enderman",
            "/execute as @e[type=spider,tag=radiate] at @s run summon dec:radiate_spider",
            "/execute as @e[type=cave_spider,tag=radiate] at @s run summon dec:radiate_spider",
            "/execute as @e[type=skeleton,tag=radiate] at @s run summon dec:radiate_skeleton",
            "/execute as @e[type=!player,tag=radiate] at @s run tp ~ -41 ~"
          ]
        }
      }
    }
  }
}