{
	"format_version": "1.13.0",
	"minecraft:tree_feature": {
		"description": {
			"identifier": "ys:herobrine_treeb_feature"
		},
		"trunk": {
            "trunk_height": {
                "range_min": 6,
                "range_max": 10
            },
            "trunk_block": {
                "name": "minecraft:log",
                "states": {
                    "old_log_type": "oak"
                }
            }
        },
        "fancy_canopy": {
            "height": 1,
            "radius": 1,
            "leaf_block": "minecraft:log"
        },
		"base_block": [
			"minecraft:dirt",
			{
				"name": "minecraft:dirt",
				"states": {
					"dirt_type": "coarse"
				}
			},
			"minecraft:grass"
		],
		"may_grow_on": [
			"minecraft:dirt",
			"minecraft:grass"
		],
		"may_replace": [
			"minecraft:air",
			{
				"name": "minecraft:leaves",
				"states": {
					"old_leaf_type": "oak"
				}
			},
			{
				"name": "minecraft:leaves",
				"states": {
					"old_leaf_type": "spruce"
				}
			},
			{
				"name": "minecraft:leaves",
				"states": {
					"old_leaf_type": "birch"
				}
			},
			{
				"name": "minecraft:leaves",
				"states": {
					"old_leaf_type": "jungle"
				}
			},
			{
				"name": "minecraft:leaves2",
				"states": {
					"new_leaf_type": "acacia"
				}
			},
			{
				"name": "minecraft:leaves2",
				"states": {
					"new_leaf_type": "dark_oak"
				}
			},
			"minecraft:dirt",
			"minecraft:grass"
		],
		"may_grow_through": [
			"minecraft:dirt",
			"minecraft:grass",
			{
				"name": "minecraft:dirt",
				"states": {
					"dirt_type": "coarse"
				}
			}
		]
	}
}