{
	"format_version": "1.8.0",
	"animations": {
		"animation.havoc.normal2": {
			"animation_length": 1.92,
			"loop": true,
			"bones": {
				"all": {
					"rotation": {
						"0.0": [0, 0, 0],
						"0.72": [0, 0, 0],
						"1.44": [0, 0, 0],
						"1.92": [0, 0, 0]
					},
					"position": {
						"0.0": [0, 0, 0],
						"0.72": [0, -4, 0],
						"1.44": [0, -1.7, 0],
						"1.92": [0, 0, 0]
					},
					"scale": {
						"0.0": [1, 1, 1],
						"1.44": [1, 1, 1],
						"1.92": [1, 1, 1]
					}
				},
				"tail1": {
					"rotation": {
						"0.0": [0, 0, 0],
						"0.72": [-25, 0, 0],
						"1.92": [0, 0, 0]
					}
				},
				"tail2": {
					"rotation": {
						"0.0": [0, 0, 0],
						"0.72": [-2.5, 0, 0],
						"1.92": [0, 0, 0]
					}
				},
				"tail3": {
					"rotation": {
						"0.0": [0, 0, 0],
						"0.72": [15, 0, 0],
						"1.92": [0, 0, 0]
					}
				},
				"tail4": {
					"rotation": {
						"0.0": [0, 0, 0],
						"0.72": [70, 0, 0],
						"1.92": [0, 0, 0]
					}
				},
				"tail5": {
					"rotation": {
						"0.0": [0, 0, 0],
						"0.72": [42.5, 0, 0],
						"1.44": [0, 0, 0]
					}
				},
				"tail6": {
					"rotation": {
						"0.0": [0, 0, 0],
						"0.72": [72.5, 0, 0],
						"1.44": [0, 0, 0]
					}
				},
				"tail7": {
					"rotation": {
						"0.0": [0, 0, 0],
						"0.72": [62.5, 0, 0],
						"1.44": [0, 0, 0]
					}
				},
				"tail8": {
					"rotation": {
						"0.0": [0, 0, 0],
						"0.72": [85, 0, 0],
						"1.44": [0, 0, 0]
					}
				},
				"tail9": {
					"rotation": {
						"0.0": [0, 0, 0],
						"0.72": [92.5, 0, 0],
						"1.44": [0, 0, 0]
					}
				},
				"neck": {
					"rotation": {
						"0.0": [0, 0, 0],
						"0.72": [-2.5, 0, 0],
						"1.44": [-1, 0, 0],
						"1.92": [0, 0, 0]
					}
				},
				"neckz": {
					"rotation": {
						"0.0": [0, 0, 0],
						"0.72": [5, 0, 0],
						"1.92": [0, 0, 0]
					}
				},
				"necky": {
					"rotation": {
						"0.0": [0, 0, 0],
						"0.72": [2.5, 0, 0],
						"1.92": [0, 0, 0]
					}
				},
				"neckx": {
					"rotation": {
						"0.0": [0, 0, 0],
						"0.72": [2.5, 0, 0],
						"1.92": [0, 0, 0]
					}
				},
				"head": {
					"rotation": {
						"0.0": [0, 0, 0],
						"0.72": [5, 0, 0],
						"1.92": [0, 0, 0]
					}
				},
				"moutha1": {
					"rotation": {
						"0.0": [0, 0, 0],
						"0.72": [20, 0, 0],
						"1.92": [0, 0, 0]
					}
				},
				"moutha2": {
					"rotation": {
						"0.0": [0, 0, 0],
						"0.72": [15, 0, 0],
						"1.44": [20, 0, 0],
						"1.92": [0, 0, 0]
					}
				},
				"hand1": {
					"rotation": {
						"0.0": [0, 0, 0],
						"0.72": [12.5, 0, 0],
						"1.92": [0, 0, 0]
					}
				},
				"hand1a1": {
					"rotation": {
						"0.0": [0, 0, 0],
						"0.72": [0, 0, 0],
						"1.92": [0, 0, 0]
					}
				},
				"hand1a2": {
					"rotation": {
						"0.0": [0, 0, 0],
						"0.72": [0, 0, 0],
						"1.44": [0, 0, 0],
						"1.92": [0, 0, 0]
					}
				},
				"hand1a3": {
					"rotation": {
						"0.0": [0, 0, 0],
						"0.72": [-2, -2.5, -7],
						"1.44": [2, 2.5, 7],
						"1.92": [0, 0, 0]
					}
				},
				"weapon": {
					"rotation": {
						"0.0": [0, 0, 0],
						"0.72": [12.5, 0, 0],
						"1.92": [0, 0, 0]
					}
				},
				"hand2": {
					"rotation": {
						"0.0": [0, 0, 0],
						"0.72": [12.5, 0, 0],
						"1.92": [0, 0, 0]
					}
				},
				"hand1a4": {
					"rotation": {
						"0.0": [0, 0, 0],
						"0.72": [0, 0, 0],
						"1.92": [0, 0, 0]
					}
				},
				"hand1a5": {
					"rotation": {
						"0.0": [0, 0, 0],
						"0.72": [0, 0, 0],
						"1.92": [0, 0, 0]
					}
				},
				"hand1a6": {
					"rotation": {
						"0.0": [0, 0, 0],
						"0.72": [-2, 2.5, 7],
						"1.44": [2, -2.5, -7],
						"1.92": [0, 0, 0]
					}
				},
				"weapon2": {
					"rotation": {
						"0.0": [0, 0, 0],
						"0.72": [12.5, 0, 0],
						"1.92": [0, 0, 0]
					}
				},
				"hand3": {
					"rotation": {
						"0.0": [0, 0, 0],
						"0.72": [10, 0, 0],
						"1.92": [0, 0, 0]
					}
				},
				"weapon3": {
					"rotation": {
						"0.0": [0, 0, 0],
						"0.72": [-12.5, 0, 0],
						"1.92": [0, 0, 0]
					}
				},
				"hand4": {
					"rotation": {
						"0.0": [0, 0, 0],
						"0.72": [10, 0, 0],
						"1.92": [0, 0, 0]
					}
				},
				"weapon4": {
					"rotation": {
						"0.0": [0, 0, 0],
						"0.72": [-12.5, 0, 0],
						"1.92": [0, 0, 0]
					}
				},
				"body": {
					"rotation": {
						"0.0": [0, 0, 0],
						"0.72": [2.5, 0, 0],
						"1.92": [0, 0, 0]
					}
				}
			}
		}
	}
}