{
	"format_version": "1.10.0",
	"particle_effect": {
		"description": {
			"identifier": "takile:havoc_reinforce_par",
			"basic_render_parameters": {
				"material": "particles_blend",
				"texture": "textures/par/reinforce_par"
			}
		},
		"components": {
			"minecraft:emitter_initialization": {
				"creation_expression": "variable.offset=2.3;variable.length=3;variable.point=4;"
			},
			"minecraft:emitter_local_space": {
				"position": true,
				"rotation": true
			},
			"minecraft:emitter_rate_steady": {
				"spawn_rate": 80,
				"max_particles": 300
			},
			"minecraft:emitter_lifetime_looping": {
				"active_time": 1
			},
			"minecraft:emitter_shape_point": {
				"offset": ["variable.x=variable.length*Math.sin(Math.floor(variable.particle_random_3*360/variable.point)*variable.point)*Math.sin(Math.floor(variable.particle_random_2*360/variable.point)*variable.point);variable.y=variable.length*Math.cos(Math.floor(variable.particle_random_3*360/variable.point)*variable.point);variable.z=variable.length*Math.sin(Math.floor(variable.particle_random_3*360/variable.point)*variable.point)*Math.cos(Math.floor(variable.particle_random_2*360/variable.point)*variable.point);return variable.x;", "variable.y+variable.offset", "variable.z"],
				"direction": ["variable.x=variable.length*Math.sin(variable.particle_random_3*360)*Math.sin(variable.particle_random_2*360);variable.y=variable.length*Math.cos(variable.particle_random_3*360);variable.z=variable.length*Math.sin(variable.particle_random_3*360)*Math.cos(variable.particle_random_2*360);return variable.x;", "variable.y", "variable.z"]
			},
			"minecraft:particle_lifetime_expression": {
				"max_lifetime": 1.5
			},
			"minecraft:particle_initial_speed": 0.001,
			"minecraft:particle_motion_dynamic": {},
			"minecraft:particle_appearance_billboard": {
				"size": [0.45, 0.45],
				"facing_camera_mode": "lookat_xyz",
				"uv": {
					"texture_width": 1,
					"texture_height": 17,
					"flipbook": {
						"base_UV": [0, 0],
						"size_UV": [1, 1],
						"step_UV": [0, 1],
						"frames_per_second": 17,
						"max_frame": 17,
						"stretch_to_lifetime": true
					}
				}
			},
			"minecraft:particle_appearance_tinting": {
				"color": [1, 1, 1, 1]
			}
		}
	}
}