{
  "format_version": "1.11.0",
  "minecraft:entity": {
    "description": {
      "identifier": "wb:magic_spider_a",
      "is_spawnable": false,
      "is_summonable": true,
      "is_experimental": false,
      "runtime_identifier": "wb:magic_spider_a",
      "animations": {
        "base": "controller.animation.wb_magic_spider_a"
      },
      "scripts": {
        "animate": [
          "base"
        ]
      }
    },
    "component_groups": {},
    "components": {
        
    
      "minecraft:damage_sensor": [
        {
          "cause": "all",
          "deals_damage": false
        }
      ],
      "minecraft:fire_immune": true,
      "minecraft:type_family": {
        "family": [
          "npc"
        ]
      },
      "minecraft:scale": {
        "value": 2
      },
      "minecraft:collision_box": {
        "width": 0.9,
        "height": 1.8
      },
      "minecraft:health": {
        "value": 200,
        "max": 200
      },
      "minecraft:movement": {
        "value": 0
      },
      "minecraft:navigation.walk": {},
      "minecraft:movement.basic": {},
      "minecraft:jump.static": {},
      "minecraft:can_climb": {},
      "minecraft:behavior.random_stroll": {
        "priority": 6,
        "speed_multiplier": 1,
        "xz_dist": 16
      },
      "minecraft:behavior.look_at_player": {
        "priority": 7,
        "look_distance": 6,
        "probability": 0.02
      },
      "minecraft:behavior.random_look_around": {
        "priority": 8
      },
      "minecraft:behavior.hurt_by_target": {
        "priority": 2
      },
      "minecraft:physics": {},
      "minecraft:loot": {
        "table": "loot_tables/wb/1_x/magic_spider.json"
      },
      "minecraft:follow_range": {
        "value": 64
      }
    },
    "events": {}
  }
}