{
  "format_version": "1.10.0",
  "minecraft:client_entity": {
    "description": {
      "identifier": "takile:havoc_monster",
      "materials": {
        "default": "skeleton",
        "charged":"charged_creeper"
      },
      "textures": {
        "default": "textures/entity/havoc",
        "charged":"textures/entity/havoc_fx"
      },
      "geometry": {
        "default": "geometry.havoc_v2",
        "charged":"geometry.havoc_fx"
      },
      "render_controllers": [
        "controller.render.base.base",
        "controller.render.creeper_armor"
      ],
      "scripts": {
        "animate": [
          "reinforce",
          "walk",
          "attack"
        ]
      },
      "animations": {
        "meltdown.att":"animation.havoc.meltdown_attack",
        "walk":"animation.havoc.normal2",
        "strike.att":"animation.havoc.strike.attack",
        "attack":"controller.animation.havoc.attack",
        "att_normal":"animation.havoc.attack",
        "reinforce": "controller.animation.havoc.par",
        "fx":"animation.havoc.fx"
      },
      "particle_effects": {
        "reinforce_par": "takile:havoc_reinforce_par",
        "meltdown_par": "takile:havoc_meltdown_par",
        "strike_par": "takile:havoc_strike_par",
        "fx":"takile:havoc_test",
        "coordination_par": "takile:havoc_coordination_par"
      },
      "spawn_egg": {
        "texture": "havoc_egg",
        "texture_index": 0
      }
    }
  }
}