{
  "format_version": "1.14",
  "minecraft:npc_dialogue": {
    "scenes": [
      {
        "scene_tag": "wb_base_help0",
        "npc_name": {
          "rawtext": [
            {
              "text": "???"
            }
          ]
        },
        "text": {
          "rawtext": [
            {
              "text": "欢迎使用《冬之纪行诗》"
            }
          ]
        },
        "buttons": [
          {
            "name": {
              "rawtext": [
                {
                  "text": "Next"
                }
              ]
            },
            "commands": [
              "/dialogue open @e[c=1,type=wb:plot_talk_npc] @initiator wb_base_help1"
            ]
          }
        ],
        "on_close_commands": []
      },
      {
        "scene_tag": "wb_base_help1",
        "npc_name": {
          "rawtext": [
            {
              "text": "???"
            }
          ]
        },
        "text": {
          "rawtext": [
            {
              "text": "冬之纪行诗最终用户许可协议\n您理解并同意，英文版为机器翻译内容，若本协议有中文、英文等多个语言版本，相应内容不一致的，均以中文版的内容为准。\n一、为保护玩家乐趣、利益及维护开发者利益，我们需要这些最终用户许可条款为冬之纪行诗Add-Ons(以下简称本作品)的下载和使用制定一些规则。本许可是您与本作品的开发者(包括但不限于剑侠、LiLeyi及其他未列出或将来加入开发的人员，以下简称我们)之间达成的协议，描述使用游戏的条款和条件，这些条款应在中国法律所允许的范围内最大程度地适用。\n二、由于网络服务的特殊性，您同意本协议以电子协议形式签订。您一旦以任何形式表明同意，即视为您同意并已经接受本协议的全部条款；\n三、本协议的订立、履行、解释及争议的解决均适用中华人民共和国法律并排除其他一切冲突法的适用。如您就本协议内容或其执行有任何疑问，请与我们联系。您因使用我们服务所产生的及与本协议相关的争议，应由我们与您友好协商解决；如协商不成，任何一方均可向合同签订地有管辖权的人民法院提起诉讼。\n\n您知晓并同意：\n一、知识产权\n1.本作品是基于游戏'MineCraft'创作的 免费 内容拓展模组，在未取得我们允许的情况下，您不得将本作品用于商业用途/盈利。\n\n2.阅览本作品的代码以学习交流是允许的，但在未取得我们允许的情况下，您不得以任何方式窃取本作品中的代码、美术、音乐、文档等内容后将其复制、分发、发行、出租、展览、表演、广播、修改、改编、销售、运营、转许可、通过信息网络传播。\n\n3.您可以就本作品向我们提出有关建议，但这并不意味着您的建议会被采纳，我们可以通过所需的任何方式使用或不使用您的建议，且不必向您支付报酬。如果您认为我们应为您的建议支付报酬，请提前说明该要求，在我们以书面形式答复后再提交该建议，否则您提交该建议造成的损失将由您个人承担。\n\n二、我们的权利和义务\n1.下载的提供\n1).您可以直接从MCPEDL及我们所授权的其他网站/平台/渠道获取本作品\n2).如果您从未经我们授权的第三方获取本作品或与本作品名称相同的内容，我们\n3).我们会不断丰富本作品的内容、终端、形式等。当您使用\n2.作品的更新\n1).为了增进玩家体验、完善作品内容，我们  可能  不断努力开发新的服务，并为您不时提供作品更新。\n2).为了改善用户体验或提高服务安全性、保证功能的一致性等目的，我们有权对本作品进行更新，或者对作品的部分功能效果、服务内容进行改变。\n\n三、其他\n1.当暴露在特定光影图案或闪光光亮下时，有极小部分人群会引发癫痫。这种情形可能是由于某些未查出的癫痫症状引起，即使该人员没有患癫痫病史也有可能造成此类病症。如果您的家人或任意家庭成员有过类似症状，请在请在进行游戏前咨询您的医生或医师。如果您在游戏过程中出现任何症状，包括头晕、目眩、眼部或肌肉抽搐、失去意识、失去方向感、抽搐或出现任何自己无法控制的动作，请立刻停止游戏并在继续游戏前咨询您的医生或医师，否则所造成的一切后果由您自己承担。\n2.您在游戏MineCraft中的存档可能会由于装载本作品的更新而损坏，在更新前请自行备份您的存档，否则所造成的一切后果由您自己承担。\n3. 本协议内容同时包括本协议附件中的协议或规则，我们可能不断发布的关于本服务的其他相关协议、规则等内容。上述内容一经正式发布，即为本协议不可分割的组成部分，您同样应当遵守。"
            }
            ]
        },
        "buttons": [
          {
            "name": {
              "rawtext": [
                {
                  "text": "同意并继续"
                }
              ]
            },
            "commands": [
              "/dialogue open @e[c=1,type=wb:plot_talk_npc] @initiator wb_base_help2"
            ]
          }
        ],
        "on_close_commands": []
      },
      {
        "scene_tag": "wb_base_help2",
        "npc_name": {
          "rawtext": [
            {
              "text": "???"
            }
          ]
        },
        "text": {
          "rawtext": [
            {
              "text": "左上角三个条子分别是：法力值、武器冷却、盔甲被动冷却"
            }
          ]
        },
        "buttons": [
          {
            "name": {
              "rawtext": [
                {
                  "text": "Next"
                }
              ]
            },
            "commands": [
              "/dialogue open @e[c=1,type=wb:plot_talk_npc] @initiator wb_base_help3"
            ]
          }
        ],
        "on_close_commands": []
      },
      {
        "scene_tag": "wb_base_help3",
        "npc_name": {
          "rawtext": [
            {
              "text": "???"
            }
          ]
        },
        "text": {
          "rawtext": [
            {
              "text": "打开背包，点击右侧显眼的按钮\n就可以显示boss流程介绍\n以及其他帮助内容"
            }
          ]
        },
        "buttons": [
          {
            "name": {
              "rawtext": [
                {
                  "text": "Next"
                }
              ]
            },
            "commands": [
              "/dialogue open @e[c=1,type=wb:plot_talk_npc] @initiator wb_base_help4"
            ]
          }
        ],
        "on_close_commands": []
      },
      {
        "scene_tag": "wb_base_help4",
        "npc_name": {
          "rawtext": [
            {
              "text": "???"
            }
          ]
        },
        "text": {
          "rawtext": [
            {
              "text": "本Addon添加了很多新的玩法"
            }
          ]
        },
        "buttons": [
          {
            "name": {
              "rawtext": [
                {
                  "text": "Next"
                }
              ]
            },
            "commands": [
              "/dialogue open @e[c=1,type=wb:plot_talk_npc] @initiator wb_base_help5"
            ]
          }
        ],
        "on_close_commands": []
      },
      {
        "scene_tag": "wb_base_help5",
        "npc_name": {
          "rawtext": [
            {
              "text": "???"
            }
          ]
        },
        "text": {
          "rawtext": [
            {
              "text": "长按心打开菜单"
            }
          ]
        },
        "buttons": [
          {
            "name": {
              "rawtext": [
                {
                  "text": "Next"
                }
              ]
            },
            "commands": [
              "/dialogue open @e[c=1,type=wb:plot_talk_npc] @initiator wb_base_help6"
            ]
          }
        ],
        "on_close_commands": []
      },
      {
        "scene_tag": "wb_base_help6",
        "npc_name": {
          "rawtext": [
            {
              "text": "???"
            }
          ]
        },
        "text": {
          "rawtext": [
            {
              "text": "像其他的很多名字旁边标注了技能的物品，技能可能是通过普通攻击、长按、潜行长按、潜行触发"
            }
          ]
        },
        "buttons": [
          {
            "name": {
              "rawtext": [
                {
                  "text": "Next"
                }
              ]
            },
            "commands": [
              "/dialogue open @e[c=1,type=wb:plot_talk_npc] @initiator wb_base_help7"
            ]
          }
        ],
        "on_close_commands": []
      },
      {
        "scene_tag": "wb_base_help7",
        "npc_name": {
          "rawtext": [
            {
              "text": "???"
            }
          ]
        },
        "text": {
          "rawtext": [
            {
              "text": "更详细的信息，在游戏指南里面"
            }
          ]
        },
        "buttons": [
          {
            "name": {
              "rawtext": [
                {
                  "text": "Next"
                }
              ]
            },
            "commands": [
              "/dialogue open @e[c=1,type=wb:plot_talk_npc] @initiator wb_base_help8"
            ]
          }
        ],
        "on_close_commands": []
      },
      {
        "scene_tag": "wb_base_help8",
        "npc_name": {
          "rawtext": [
            {
              "text": "???"
            }
          ]
        },
        "text": {
          "rawtext": [
            {
              "text": "我们建议生存游玩本Addon"
            }
          ]
        },
        "buttons": [
          {
            "name": {
              "rawtext": [
                {
                  "text": "Next"
                }
              ]
            },
            "commands": [
              "/dialogue open @e[c=1,type=wb:plot_talk_npc] @initiator wb_base_help9"
            ]
          }
        ],
        "on_close_commands": []
      },
      {
        "scene_tag": "wb_base_help9",
        "npc_name": {
          "rawtext": [
            {
              "text": "???"
            }
          ]
        },
        "text": {
          "rawtext": [
            {
              "text": "首先，通过翻阅流程，了解详情\n再召唤相应的boss"
            }
          ]
        },
        "buttons": [
          {
            "name": {
              "rawtext": [
                {
                  "text": "Next"
                }
              ]
            },
            "commands": [
              "/dialogue open @e[c=1,type=wb:plot_talk_npc] @initiator wb_base_help10"
            ]
          }
        ],
        "on_close_commands": []
      },
      {
        "scene_tag": "wb_base_help10",
        "npc_name": {
          "rawtext": [
            {
              "text": "???"
            }
          ]
        },
        "text": {
          "rawtext": [
            {
              "text": "祝各位游玩愉快。"
            }
          ]
        },
        "buttons": [
          {
            "name": {
              "rawtext": [
                {
                  "text": "Next"
                }
              ]
            },
            "commands": [
              "/dialogue open @e[c=1,type=wb:plot_talk_npc] @initiator wb_base_help11"
            ]
          }
        ],
        "on_close_commands": []
      },
      {
        "scene_tag": "wb_base_help11",
        "npc_name": {
          "rawtext": [
            {
              "text": "???"
            }
          ]
        },
        "text": {
          "rawtext": [
            {
              "text": "…"
            }
          ]
        },
        "buttons": [
          {
            "name": {
              "rawtext": [
                {
                  "text": "Next"
                }
              ]
            },
            "commands": [
              "/dialogue open @e[c=1,type=wb:plot_talk_npc] @initiator wb_base_help12"
            ]
          }
        ],
        "on_close_commands": []
      },
      {
        "scene_tag": "wb_base_help12",
        "npc_name": {
          "rawtext": [
            {
              "text": "???"
            }
          ]
        },
        "text": {
          "rawtext": [
            {
              "text": "§6这里是 aa剑侠 。"
            }
          ]
        },
        "buttons": [
          {
            "name": {
              "rawtext": [
                {
                  "text": "Next"
                }
              ]
            },
            "commands": [
              "/dialogue open @e[c=1,type=wb:plot_talk_npc] @initiator wb_base_help13"
            ]
          }
        ],
        "on_close_commands": []
      },
      {
        "scene_tag": "wb_base_help13",
        "npc_name": {
          "rawtext": [
            {
              "text": "???"
            }
          ]
        },
        "text": {
          "rawtext": [
            {
              "text": "§6本Addon的主要作者:aa剑侠(Bilibili 传奇夜侠丶aa剑侠、 LiLeyi(Bilibili DEC-LiLeyi)"
            }
          ]
        },
        "buttons": [
          {
            "name": {
              "rawtext": [
                {
                  "text": "Next"
                }
              ]
            },
            "commands": [
              "/dialogue open @e[c=1,type=wb:plot_talk_npc] @initiator wb_base_help14"
            ]
          }
        ],
        "on_close_commands": []
      },
      {
        "scene_tag": "wb_base_help14",
        "npc_name": {
          "rawtext": [
            {
              "text": "???"
            }
          ]
        },
        "text": {
          "rawtext": [
            {
              "text": "§6以及感谢其他参与者。"
            }
          ]
        },
        "buttons": [
          {
            "name": {
              "rawtext": [
                {
                  "text": "Next"
                }
              ]
            },
            "commands": [
              "/dialogue open @e[c=1,type=wb:plot_talk_npc] @initiator wb_base_help15"
            ]
          }
        ],
        "on_close_commands": []
      },
      {
        "scene_tag": "wb_base_help15",
        "npc_name": {
          "rawtext": [
            {
              "text": "???"
            }
          ]
        },
        "text": {
          "rawtext": [
            {
              "text": "§6感谢支持和在一开始帮忙宣传的小伙伴们"
            }
          ]
        },
        "buttons": [
          {
            "name": {
              "rawtext": [
                {
                  "text": "Next"
                }
              ]
            },
            "commands": [
              "/dialogue open @e[c=1,type=wb:plot_talk_npc] @initiator wb_base_help16"
            ]
          }
        ],
        "on_close_commands": []
      },
      {
        "scene_tag": "wb_base_help16",
        "npc_name": {
          "rawtext": [
            {
              "text": "???"
            }
          ]
        },
        "text": {
          "rawtext": [
            {
              "text": "§6这个新手教程的目的，在于防止各位忽略了Addon的正确使用方法。§6以及这一段开头[作者的话]也是这样——总有那么一些人不会通过长按钥匙来开启流程。"
            }
          ]
        },
        "buttons": [
          {
            "name": {
              "rawtext": [
                {
                  "text": "Next"
                }
              ]
            },
            "commands": [
              "/dialogue open @e[c=1,type=wb:plot_talk_npc] @initiator wb_base_help17"
            ]
          }
        ],
        "on_close_commands": []
      },
      {
        "scene_tag": "wb_base_help17",
        "npc_name": {
          "rawtext": [
            {
              "text": "???"
            }
          ]
        },
        "text": {
          "rawtext": [
            {
              "text": "§6(我知道玩家们习惯跳剧情，所以把句子尽量简化)"
            }
          ]
        },
        "buttons": [
          {
            "name": {
              "rawtext": [
                {
                  "text": "Next"
                }
              ]
            },
            "commands": [
              "/dialogue open @e[c=1,type=wb:plot_talk_npc] @initiator wb_base_help18"
            ]
          }
        ],
        "on_close_commands": []
      },
      {
        "scene_tag": "wb_base_help18",
        "npc_name": {
          "rawtext": [
            {
              "text": "???"
            }
          ]
        },
        "text": {
          "rawtext": [
            {
              "text": "§6本Addon分两个阶段:"
            }
          ]
        },
        "buttons": [
          {
            "name": {
              "rawtext": [
                {
                  "text": "Next"
                }
              ]
            },
            "commands": [
              "/dialogue open @e[c=1,type=wb:plot_talk_npc] @initiator wb_base_help19"
            ]
          }
        ],
        "on_close_commands": []
      },
      {
        "scene_tag": "wb_base_help19",
        "npc_name": {
          "rawtext": [
            {
              "text": "???"
            }
          ]
        },
        "text": {
          "rawtext": [
            {
              "text": "§6第一阶段为自由打boss的阶段，你可以根据指南里面的推荐流程，也可以自己跳着打BOSS。(ps.在你打败觉醒末影龙之前，你用不了启程钥匙，也无法获得高级锭)"
            }
          ]
        },
        "buttons": [
          {
            "name": {
              "rawtext": [
                {
                  "text": "Next"
                }
              ]
            },
            "commands": [
              "/dialogue open @e[c=1,type=wb:plot_talk_npc] @initiator wb_base_help20"
            ]
          }
        ],
        "on_close_commands": []
      },
      {
        "scene_tag": "wb_base_help20",
        "npc_name": {
          "rawtext": [
            {
              "text": "???"
            }
          ]
        },
        "text": {
          "rawtext": [
            {
              "text": "§6第二阶段，是使用启程钥匙开启的阶段。只有打败了觉醒末影龙，才可以进入这里。这里的BOSS对技术和装备要求很高。并且，你需要过指定的BOSS顺序。"
            }
          ]
        },
        "buttons": [
          {
            "name": {
              "rawtext": [
                {
                  "text": "Next"
                }
              ]
            },
            "commands": [
              "/dialogue open @e[c=1,type=wb:plot_talk_npc] @initiator wb_base_help21"
            ]
          }
        ],
        "on_close_commands": []
      },
      {
        "scene_tag": "wb_base_help21",
        "npc_name": {
          "rawtext": [
            {
              "text": "???"
            }
          ]
        },
        "text": {
          "rawtext": [
            {
              "text": "§6本Addon的交流群:915129342"
            }
          ]
        },
        "buttons": [
          {
            "name": {
              "rawtext": [
                {
                  "text": "Next"
                }
              ]
            },
            "commands": [
              "/dialogue open @e[c=1,type=wb:plot_talk_npc] @initiator wb_base_help22"
            ]
          }
        ],
        "on_close_commands": []
      },
      {
        "scene_tag": "wb_base_help22",
        "npc_name": {
          "rawtext": [
            {
              "text": "???"
            }
          ]
        },
        "text": {
          "rawtext": [
            {
              "text": "§6如果哪天群没了，那么就随缘更新吧"
            }
          ]
        },
        "buttons": [
          {
            "name": {
              "rawtext": [
                {
                  "text": "Next"
                }
              ]
            },
            "commands": [
              "/dialogue open @e[c=1,type=wb:plot_talk_npc] @initiator wb_base_help23"
            ]
          }
        ],
        "on_close_commands": []
      },
      {
        "scene_tag": "wb_base_help23",
        "npc_name": {
          "rawtext": [
            {
              "text": "???"
            }
          ]
        },
        "text": {
          "rawtext": [
            {
              "text": "[点击关闭]"
            }
          ]
        },
        "buttons": [
          {
            "name": {
              "rawtext": [
                {
                  "text": "Next"
                }
              ]
            },
            "commands": [
             
              "/scoreboard players set @initiator wbnjqbf 0",
              "/kill @s"
            ]
          }
        ],
        "on_close_commands": []
      }
    ]
  }
}