{
    "format_version": "1.15.0",
  "minecraft:biome": {
    "description": {
      "identifier": "desolation_forest_hills"
    },
    "components": {
    "minecraft:climate": {
      "downfall": 0.6,
      "snow_accumulation": [ 0.0, 0.125 ],
      "temperature": 0.63
    },
    "minecraft:overworld_height": {
      "noise_type": "mountains"
    },
    "minecraft:surface_parameters": {
      "sea_floor_depth": 7,
      "sea_floor_material": "minecraft:gravel",
      "foundation_material": "minecraft:stone",
      "mid_material": "minecraft:dirt",
      "top_material": "minecraft:grass",
      "sea_material": "minecraft:water"
    },
    "minecraft:overworld_generation_rules": {
      "mutate_transformation": "desolation_forest_hills_mutated"
    },

    "animal": {},
    "desolation_forest": {},
    "forest": {},
    "hills": {},
    "monster": {},
    "overworld": {}
  }
}
}