{
  "format_version": "1.15.0",
  "minecraft:biome": {
    "description": {
      "identifier": "shallow_cava_natural"
    },
    "components": {
      "minecraft:climate": {
        "downfall": 0.8,
        "snow_accumulation": [0,0.125],
        "temperature": 0.6
      },
      "minecraft:overworld_height": {
        "noise_params": [1.8,1.5]
      },
      "minecraft:surface_parameters": {
        "sea_floor_depth": 7,
        "sea_floor_material": "minecraft:dirt",
        "foundation_material": "minecraft:stone",
        "mid_material": "minecraft:dirt",
        "top_material": "minecraft:grass",
        "sea_material": "minecraft:water"
      },
      "minecraft:overworld_generation_rules": {
        "generate_for_climates": [
          [
            "cold",
            1
          ],
          [
            "medium",
            1
          ]
        ]
      },
      "animal": {},
      "shallow_cava_natural": {},
      "monster": {}
    }
  }
}