{
  "format_version": "1.16.0",
  "minecraft:entity": {
    "description": {
      "identifier": "dec:ender_snake",
      "is_spawnable": true,
      "is_summonable": true,
      "is_experimental": false
    },
    "component_groups": {},
    "components": {
      "minecraft:despawn": {
        "despawn_from_distance": {}
      },
      "minecraft:experience_reward": {
        "on_death": "query.last_hit_by_player ? 5 : 0"
      },
      "minecraft:type_family": {
        "family": [
          "end",
          "monster",
          "mob"
        ]
      },
      "minecraft:breathable": {
        "total_supply": 15,
        "suffocate_time": 0
      },
      "minecraft:nameable": {},
      "minecraft:collision_box": {
        "width": 1,
        "height": 0.6
      },
      "minecraft:jump.static": {},
      "minecraft:can_climb": {},
      "minecraft:loot": {
        "table": "loot_tables/entities/ender_snake.json"
      },
      "minecraft:health": {
        "value": 30,
        "max": 30
      },
      "minecraft:navigation.float": {
        "can_path_over_water": true
      },
      "minecraft:behavior.float_wander": {
        "priority": 2,
        "must_reach": true
      },
      "minecraft:can_fly": {},
      "minecraft:damage_sensor": {
        "triggers": {
          "cause": "fall",
          "deals_damage": false
        }
      },
      "minecraft:interact": {
        "interactions": [
          {
            "on_interact": {
              "filters": {
                "all_of": [
                  {
                    "test": "is_family",
                    "subject": "other",
                    "value": "player"
                  },
                  {
                    "test": "has_equipment",
                    "domain": "hand",
                    "subject": "other",
                    "value": "glass_bottle"
                  }
                ]
              }
            },
            "use_item": true,
            "transform_to_item": "dragon_breath",
            "play_sounds": "milk",
            "interact_text": "action.interact.collect"
          }
        ]
      },
      "minecraft:behavior.float": {
        "priority": 0
      },
      "minecraft:shooter": {
        "def": "dec:ender_snake_ball"
      },
      "minecraft:behavior.ranged_attack": {
        "priority": 1,
        "attack_radius": 64,
        "charge_shoot_trigger": 2,
        "charge_charged_trigger": 1,
        "attack_interval_max": 3,
        "burst_shots": 3,
        "burst_interval": 0.5
      },
      "minecraft:follow_range": {
        "value": 64,
        "max": 64
      },
      "minecraft:behavior.tempt": {
        "priority": 3,
        "speed_multiplier": 1,
        "items": [
          "chorus_fruit",
          "bone",
          "dragon_breath"
        ]
      },
      "minecraft:behavior.random_stroll": {
        "priority": 6,
        "speed_multiplier": 1
      },
      "minecraft:behavior.look_at_player": {
        "priority": 6,
        "look_distance": 8
      },
      "minecraft:behavior.random_look_around": {
        "priority": 6
      },
      "minecraft:behavior.hurt_by_target": {
        "priority": 2
      },
      "minecraft:physics": {},
      "minecraft:pushable": {
        "is_pushable": true,
        "is_pushable_by_piston": true
      },
      "minecraft:conditional_bandwidth_optimization": {},
      "minecraft:fire_immune": {},
      "minecraft:movement": {
        "value": 0.02
      },
      "minecraft:flying_speed": {
        "value": 0.02
      }
    },
    "events": {}
  }
}