﻿<?xml version="1.0" encoding="utf-8" ?>

<!-- common_parts -->

<skin type="include">
  <body>
    <texture id="num" src="img_common\num.png" />
    <texture id="common_bg" src="img_common\common_bg.png" />
    <texture id="load" src="img_common\load.png" />

    <font id="version" src="font\version\version.mafufont" />
    <font id="common" src="font\common\common.mafufont" />
    <font id="title" src="font\title\title.mafufont" />

    <!-- bg -->
    <image texture="common_bg" x="0" y="0" width="321" height="480" dst_timer="load_complete" loop="0">
      <dst time="0" x="479" y="0" width="321" height ="480" alpha="255" />
    </image>
    <image texture="common_bg" x="322" y="0" width="479" height="61" dst_timer="load_complete" loop="0">
      <dst time="0" x="0" y="419" width="479" height ="61" alpha="255" />
    </image>
    
    <!-- bga -->
    <bga dst_timer="load_complete" loop="0">
      <dst time="0" x="512" y="0" width="256" height ="256" alpha="255" />
    </bga>


    <!-- music_time -->
    <!-- label -->
    <image texture="common_bg" x="322" y="76" width="21" height="7" dst_timer="load_complete" loop="0">
      <dst time="0" x="490" y="265" width="21" height ="7" alpha="255" />
    </image>
    
    <!-- value -->
    <number texture="num" x="0" y="0" width="165" height="13" div_x="11" div_y="1" dst_timer="load_complete" loop="0" value="elapsed_music_time_minutes" align="left" digit="2">
      <dst time="0" x="540" y="262" width="15" height ="13" alpha="255" />
    </number>
    <image texture="num" x="28" y="41" width="5" height="13" dst_timer="load_complete" loop="0">
      <dst time="0" x="571" y="262" width="5" height ="13" alpha="255" />
    </image>
    <number texture="num" x="0" y="27" width="165" height="13" div_x="11" div_y="1" dst_timer="load_complete" loop="0" value="elapsed_music_time_seconds" align="left" digit="2">
      <dst time="0" x="577" y="262" width="15" height ="13" alpha="255" />
    </number>

    <image texture="num" x="6" y="41" width="10" height="13" dst_timer="load_complete" loop="0">
      <dst time="0" x="610" y="262" width="10" height ="13" alpha="255" />
    </image>

    <!-- total_time -->
    <number texture="num" x="0" y="0" width="165" height="13" div_x="11" div_y="1" dst_timer="load_complete" loop="0" value="total_music_time_minutes" align="left" digit="2">
      <dst time="0" x="623" y="262" width="15" height ="13" alpha="255" />
    </number>
    <image texture="num" x="28" y="41" width="5" height="13" dst_timer="load_complete" loop="0">
      <dst time="0" x="654" y="262" width="5" height ="13" alpha="255" />
    </image>
    <number texture="num" x="0" y="27" width="165" height="13" div_x="11" div_y="1" dst_timer="load_complete" loop="0" value="total_music_time_seconds" align="left" digit="2">
      <dst time="0" x="660" y="262" width="15" height ="13" alpha="255" />
    </number>

    <!-- music_speed -->
    <!-- label -->
    <image texture="common_bg" x="322" y="220" width="31" height="7" dst_timer="load_complete" loop="0">
      <dst time="0" x="710" y="265" width="31" height ="7" alpha="255" />
    </image>

    <!-- value -->
    <number texture="num" x="0" y="55" width="180" height="26" div_x="12" div_y="2" dst_timer="load_complete" loop="0" value="music_speed_level" align="left" digit="2">
      <dst time="0" x="745" y="262" width="15" height ="13" alpha="255" />
    </number>

    <!-- music_position -->
    <image texture="common_bg" x="573" y="80" width="250" height="3" dst_timer="load_complete" loop="0">
      <dst time="0" x="540" y="282" width="250" height ="3" alpha="255" />
    </image>
    <bargraph texture="common_bg" x="573" y="76" width="240" height="3" dst_timer="load_complete" loop="0" value="music_time_position" direction="right" max="100" min="0" img_mode="stretch">
      <dst time="0" x="540" y="282" width="240" height ="3" alpha="255" />
    </bargraph>
    <slider texture="common_bg" x="562" y="76" width="10" height="5" dst_timer="load_complete" loop="0" value="music_time_position" max="100" min="0" start_x="540" start_y="281" end_x="780" end_y="281">
      <dst time="0" x="0" y="0" width="10" height ="5" alpha="255" />
    </slider>
    
    <!-- bar -->
    <!-- label -->
    <image texture="common_bg" x="322" y="84" width="19" height="7" dst_timer="load_complete" loop="0">
      <dst time="0" x="490" y="295" width="19" height ="7" alpha="255" />
    </image>

    <!-- value -->
    <number texture="num" x="0" y="0" width="165" height="13" div_x="11" div_y="1" dst_timer="load_complete" loop="0" value="current_bars" align="left" digit="3">
      <dst time="0" x="540" y="292" width="15" height ="13" alpha="255" />
    </number>
    <image texture="num" x="6" y="41" width="10" height="13" dst_timer="load_complete" loop="0">
      <dst time="0" x="588" y="292" width="10" height ="13" alpha="255" />
    </image>
    <number texture="num" x="0" y="0" width="165" height="13" div_x="11" div_y="1" dst_timer="load_complete" loop="0" value="total_bars" align="left" digit="3">
      <dst time="0" x="601" y="292" width="15" height ="13" alpha="255" />
    </number>
    
    <!-- notes -->
    <!-- label -->
    <image texture="common_bg" x="322" y="92" width="31" height="7" dst_timer="load_complete" loop="0" condition="autoplay">
      <dst time="0" x="490" y="315" width="31" height ="7" alpha="255" />
    </image>
    <image texture="common_bg" x="322" y="268" width="39" height="7" dst_timer="load_complete" loop="0" condition="!autoplay">
      <dst time="0" x="490" y="315" width="39" height ="7" alpha="255" />
    </image>

    <!-- value -->
    <number texture="num" x="0" y="0" width="165" height="13" div_x="11" div_y="1" dst_timer="load_complete" loop="0" value="max_combo" align="left" digit="5">
      <dst time="0" x="540" y="312" width="15" height ="13" alpha="255" />
    </number>
    <image texture="num" x="6" y="41" width="10" height="13" dst_timer="load_complete" loop="0">
      <dst time="0" x="618" y="312" width="10" height ="13" alpha="255" />
    </image>
    <number texture="num" x="0" y="0" width="165" height="13" div_x="11" div_y="1" dst_timer="load_complete" loop="0" value="total_notes" align="left" digit="5">
      <dst time="0" x="631" y="312" width="15" height ="13" alpha="255" />
    </number>

    <!-- longnotes -->
    <image texture="num" x="47" y="41" width="7" height="13" dst_timer="load_complete" loop="0" condition="contains_ln">
      <dst time="0" x="714" y="312" width="7" height ="13" alpha="255" />
    </image>
    <number texture="num" x="0" y="0" width="165" height="13" div_x="11" div_y="1" dst_timer="load_complete" loop="0" value="total_ln" align="left" digit="4" condition="contains_ln">
      <dst time="0" x="722" y="312" width="15" height ="13" alpha="255" />
    </number>
    <image texture="num" x="55" y="41" width="7" height="13" dst_timer="load_complete" loop="0" condition="contains_ln">
      <dst time="0" x="783" y="312" width="7" height ="13" alpha="255" />
    </image>
    

    <!-- playlevel -->
    <!-- label -->
    <image texture="common_bg" x="322" y="100" width="31" height="7" dst_timer="load_complete" loop="0">
      <dst time="0" x="490" y="345" width="31" height ="7" alpha="255" />
    </image>

    <!-- value -->
    <number texture="num" x="0" y="0" width="150" height="13" div_x="10" div_y="1" dst_timer="load_complete" loop="0" value="playlevel" align="left" digit="0">
      <dst time="0" x="540" y="342" width="15" height ="13" alpha="255" />
    </number>

    <!-- judge -->
    <!-- label -->
    <image texture="common_bg" x="322" y="228" width="31" height="7" dst_timer="load_complete" loop="0">
      <dst time="0" x="664" y="345" width="31" height ="7" alpha="255" />
    </image>

    <!-- value -->
    <image texture="common_bg" x="380" y="78" width="83" height="15" dst_timer="load_complete" loop="0" condition="judge_rank_easy">
      <dst time="0" x="705" y="341" width="83" height ="15" alpha="255" />
    </image>
    <image texture="common_bg" x="380" y="96" width="83" height="15" dst_timer="load_complete" loop="0" condition="judge_rank_normal">
      <dst time="0" x="705" y="341" width="83" height ="15" alpha="255" />
    </image>
    <image texture="common_bg" x="380" y="114" width="83" height="15" dst_timer="load_complete" loop="0" condition="judge_rank_hard">
      <dst time="0" x="705" y="341" width="83" height ="15" alpha="255" />
    </image>
    <image texture="common_bg" x="380" y="132" width="83" height="15" dst_timer="load_complete" loop="0" condition="judge_rank_veryhard">
      <dst time="0" x="705" y="341" width="83" height ="15" alpha="255" />
    </image>

    <!-- bpm -->
    <!-- label -->
    <image texture="common_bg" x="322" y="108" width="19" height="7" dst_timer="load_complete" loop="0">
      <dst time="0" x="490" y="365" width="19" height ="7" alpha="255" />
    </image>

    <!-- value -->
    <number texture="num" x="0" y="0" width="180" height="26" div_x="12" div_y="2" dst_timer="load_complete" loop="0" value="bpm" align="left" digit="0">
      <dst time="0" x="540" y="362" width="15" height ="13" alpha="255" />
    </number>

    <!-- minbpm -->
    <!-- label -->
    <image texture="common_bg" x="322" y="204" width="33" height="7" dst_timer="load_complete" loop="0" condition="bpm_variable">
      <dst time="0" x="662" y="365" width="33" height ="7" alpha="255" />
    </image>
    
    <!-- value -->
    <number texture="num" x="0" y="0" width="180" height="26" div_x="12" div_y="2" dst_timer="load_complete" loop="0" value="min_bpm" align="left" digit="0" condition="bpm_variable">
      <dst time="0" x="705" y="362" width="15" height ="13" alpha="255" />
    </number>

    <!-- maxbpm -->
    <!-- label -->
    <image texture="common_bg" x="322" y="212" width="37" height="7" dst_timer="load_complete" loop="0" condition="bpm_variable">
      <dst time="0" x="658" y="385" width="37" height ="7" alpha="255" />
    </image>

    <!-- value -->
    <number texture="num" x="0" y="0" width="180" height="26" div_x="12" div_y="2" dst_timer="load_complete" loop="0" value="max_bpm" align="left" digit="0" condition="bpm_variable">
      <dst time="0" x="705" y="382" width="15" height ="13" alpha="255" />
    </number>

    <!-- gauge_total -->
    <!-- label -->
    <image texture="common_bg" x="322" y="116" width="39" height="7" dst_timer="load_complete" loop="0">
      <dst time="0" x="490" y="385" width="39" height ="7" alpha="255" />
    </image>

    <!-- value -->
    <number texture="num" x="0" y="0" width="150" height="13" div_x="10" div_y="1" dst_timer="load_complete" loop="0" value="gauge_total" align="left" digit="0">
      <dst time="0" x="540" y="382" width="15" height ="13" alpha="255" />
    </number>

    <!-- gauge_num -->
    <!-- label -->
    <image texture="common_bg" x="322" y="124" width="31" height="7" dst_timer="load_complete" loop="0">
      <dst time="0" x="490" y="405" width="31" height ="7" alpha="255" />
    </image>

    <!-- value -->
    <number texture="num" x="0" y="0" width="165" height="13" div_x="11" div_y="1" dst_timer="load_complete" loop="0" value="groove_gauge" align="left" digit="3">
      <dst time="0" x="540" y="402" width="15" height ="13" alpha="255" />
    </number>
    <image texture="num" x="0" y="41" width="5" height="13" dst_timer="load_complete" loop="0">
      <dst time="0" x="586" y="402" width="5" height ="13" alpha="255" />
    </image>
    <number texture="num" x="0" y="27" width="165" height="13" div_x="11" div_y="1" dst_timer="load_complete" loop="0" value="groove_gauge_point" align="left" digit="2">
      <dst time="0" x="592" y="402" width="15" height ="13" alpha="255" />
    </number>
    <image texture="num" x="34" y="42" width="12" height="12" dst_timer="load_complete" loop="0">
      <dst time="0" x="623" y="403" width="12" height ="12" alpha="255" />
    </image>
    
    <!-- gauge_total_increment -->
    <image texture="num" x="47" y="41" width="7" height="13" dst_timer="load_complete" loop="0">
      <dst time="0" x="664" y="402" width="7" height ="13" alpha="255" />
    </image>

    <number texture="num" x="0" y="0" width="165" height="13" div_x="11" div_y="1" dst_timer="load_complete" loop="0" value="gauge_total_increment" align="left" digit="4">
      <dst time="0" x="672" y="402" width="15" height ="13" alpha="255" />
    </number>
    <image texture="num" x="0" y="41" width="5" height="13" dst_timer="load_complete" loop="0">
      <dst time="0" x="733" y="402" width="5" height ="13" alpha="255" />
    </image>
    <number texture="num" x="0" y="27" width="165" height="13" div_x="11" div_y="1" dst_timer="load_complete" loop="0" value="gauge_total_increment_point" align="left" digit="2">
      <dst time="0" x="739" y="402" width="15" height ="13" alpha="255" />
    </number>
    <image texture="num" x="34" y="42" width="12" height="12" dst_timer="load_complete" loop="0">
      <dst time="0" x="770" y="403" width="12" height ="12" alpha="255" />
    </image>
    
    <image texture="num" x="55" y="41" width="7" height="13" dst_timer="load_complete" loop="0">
      <dst time="0" x="783" y="402" width="7" height ="13" alpha="255" />
    </image>

    <!-- gauge -->
    <image texture="common_bg" x="573" y="62" width="250" height="13" dst_timer="load_complete" loop="0">
      <dst time="0" x="540" y="420" width="250" height ="13" alpha="255" />
    </image>
    <bargraph texture="common_bg" x="322" y="62" width="200" height="13" dst_timer="load_complete" loop="0" value="groove_gauge" direction="right" max="80" min="0" img_mode="stretch">
      <dst time="0" x="540" y="420" width="200" height ="13" alpha="255" />
    </bargraph>
    <bargraph texture="common_bg" x="522" y="62" width="50" height="13" dst_timer="load_complete" loop="0" value="groove_gauge" direction="right" max="100" min="80" img_mode="stretch">
      <dst time="0" x="740" y="420" width="50" height ="13" alpha="255" />
    </bargraph>

    <!-- notes_per_sec -->
    <!-- label -->
    <image texture="common_bg" x="322" y="236" width="57" height="7" dst_timer="load_complete" loop="0" condition="autoplay">
      <dst time="0" x="490" y="443" width="57" height ="7" alpha="255" />
    </image>

    <!-- value -->
    <number texture="num" x="0" y="0" width="165" height="13" div_x="11" div_y="1" dst_timer="load_complete" loop="0" value="notes_per_second" align="left" digit="4" condition="autoplay">
      <dst time="0" x="555" y="440" width="15" height ="13" alpha="255" />
    </number>

    <!-- max_notes_per_sec -->
    <!-- label -->
    <image texture="common_bg" x="322" y="244" width="19" height="7" dst_timer="load_complete" loop="0" condition="autoplay">
      <dst time="0" x="664" y="443" width="19" height ="7" alpha="255" />
    </image>

    <!-- value -->
    <number texture="num" x="0" y="0" width="165" height="13" div_x="11" div_y="1" dst_timer="load_complete" loop="0" value="max_notes_per_second" align="left" digit="4" condition="autoplay">
      <dst time="0" x="693" y="440" width="15" height ="13" alpha="255" />
    </number>

    <!-- average_notes_per_sec -->
    <!-- label -->
    <image texture="common_bg" x="322" y="252" width="21" height="7" dst_timer="load_complete" loop="0" condition="autoplay">
      <dst time="0" x="664" y="463" width="21" height ="7" alpha="255" />
    </image>

    <!-- value -->
    <number texture="num" x="0" y="0" width="165" height="13" div_x="11" div_y="1" dst_timer="load_complete" loop="0" value="average_notes_per_second" align="left" digit="4" condition="autoplay">
      <dst time="0" x="693" y="460" width="15" height ="13" alpha="255" />
    </number>
    <image texture="num" x="0" y="41" width="5" height="13" dst_timer="load_complete" loop="0" condition="autoplay">
      <dst time="0" x="754" y="460" width="5" height ="13" alpha="255" />
    </image>
    <number texture="num" x="0" y="27" width="165" height="13" div_x="11" div_y="1" dst_timer="load_complete" loop="0" value="average_notes_per_second_point" align="left" digit="2" condition="autoplay">
      <dst time="0" x="760" y="460" width="15" height ="13" alpha="255" />
    </number>


    <!-- exscore -->
    <!-- label -->
    <image texture="common_bg" x="322" y="276" width="31" height="7" dst_timer="load_complete" loop="0" condition="!autoplay">
      <dst time="0" x="490" y="443" width="31" height ="7" alpha="255" />
    </image>

    <!-- value -->
    <number texture="num" x="0" y="0" width="165" height="13" div_x="11" div_y="1" dst_timer="load_complete" loop="0" value="exscore" align="left" digit="5" condition="!autoplay">
      <dst time="0" x="540" y="440" width="15" height ="13" alpha="255" />
    </number>

    <!-- misscount -->
    <!-- label -->
    <image texture="common_bg" x="322" y="284" width="41" height="7" dst_timer="load_complete" loop="0" condition="!autoplay">
      <dst time="0" x="490" y="463" width="41" height ="7" alpha="255" />
    </image>

    <!-- value -->
    <number texture="num" x="0" y="0" width="165" height="13" div_x="11" div_y="1" dst_timer="load_complete" loop="0" value="misscount" align="left" digit="5" condition="!autoplay">
      <dst time="0" x="540" y="460" width="15" height ="13" alpha="255" />
    </number>

    <!-- judgecount -->
    <!-- pgreat -->
    <image texture="common_bg" x="379" y="150" width="15" height="7" dst_timer="load_complete" loop="0" condition="!autoplay, !playstyle_9">
      <dst time="0" x="626" y="443" width="15" height ="7" alpha="255" />
    </image>
    <image texture="common_bg" x="395" y="150" width="15" height="7" dst_timer="load_complete" loop="0" condition="!autoplay, playstyle_9">
      <dst time="0" x="626" y="443" width="15" height ="7" alpha="255" />
    </image>
    <number texture="common_bg" x="379" y="158" width="77" height="7" div_x="11" div_y="1" dst_timer="load_complete" loop="0" value="pgreat" align="left" digit="5" condition="!autoplay">
      <dst time="0" x="643" y="443" width="7" height ="7" alpha="255" />
    </number>

    <!-- great -->
    <image texture="common_bg" x="411" y="150" width="15" height="7" dst_timer="load_complete" loop="0" condition="!autoplay">
      <dst time="0" x="682" y="443" width="15" height ="7" alpha="255" />
    </image>
    <number texture="common_bg" x="379" y="158" width="77" height="7" div_x="11" div_y="1" dst_timer="load_complete" loop="0" value="great" align="left" digit="5" condition="!autoplay">
      <dst time="0" x="699" y="443" width="7" height ="7" alpha="255" />
    </number>

    <!-- good -->
    <image texture="common_bg" x="427" y="150" width="15" height="7" dst_timer="load_complete" loop="0" condition="!autoplay">
      <dst time="0" x="738" y="443" width="15" height ="7" alpha="255" />
    </image>
    <number texture="common_bg" x="379" y="158" width="77" height="7" div_x="11" div_y="1" dst_timer="load_complete" loop="0" value="good" align="left" digit="5" condition="!autoplay">
      <dst time="0" x="755" y="443" width="7" height ="7" alpha="255" />
    </number>

    <!-- bad -->
    <image texture="common_bg" x="443" y="150" width="15" height="7" dst_timer="load_complete" loop="0" condition="!autoplay">
      <dst time="0" x="626" y="463" width="15" height ="7" alpha="255" />
    </image>
    <number texture="common_bg" x="379" y="158" width="77" height="7" div_x="11" div_y="1" dst_timer="load_complete" loop="0" value="bad" align="left" digit="5" condition="!autoplay">
      <dst time="0" x="643" y="463" width="7" height ="7" alpha="255" />
    </number>

    <!-- poor -->
    <image texture="common_bg" x="459" y="150" width="15" height="7" dst_timer="load_complete" loop="0" condition="!autoplay">
      <dst time="0" x="682" y="463" width="15" height ="7" alpha="255" />
    </image>
    <number texture="common_bg" x="379" y="158" width="77" height="7" div_x="11" div_y="1" dst_timer="load_complete" loop="0" value="poor" align="left" digit="5" condition="!autoplay">
      <dst time="0" x="699" y="463" width="7" height ="7" alpha="255" />
    </number>

    <!-- combo_break -->
    <image texture="common_bg" x="475" y="150" width="15" height="7" dst_timer="load_complete" loop="0" condition="!autoplay">
      <dst time="0" x="738" y="463" width="15" height ="7" alpha="255" />
    </image>
    <number texture="common_bg" x="379" y="158" width="77" height="7" div_x="11" div_y="1" dst_timer="load_complete" loop="0" value="combo_break" align="left" digit="5" condition="!autoplay">
      <dst time="0" x="755" y="463" width="7" height ="7" alpha="255" />
    </number>


    <!-- hs -->
    <!-- label -->
    <image texture="common_bg" x="322" y="132" width="55" height="7" dst_timer="load_complete" loop="0" condition="hs_fix_off">
      <dst time="0" x="335" y="425" width="55" height ="7" alpha="255" />
    </image>
    <image texture="common_bg" x="322" y="172" width="55" height="7" dst_timer="load_complete" loop="0" condition="hs_fix_max">
      <dst time="0" x="335" y="425" width="55" height ="7" alpha="255" />
    </image>
    <image texture="common_bg" x="322" y="180" width="55" height="7" dst_timer="load_complete" loop="0" condition="hs_fix_min">
      <dst time="0" x="335" y="425" width="55" height ="7" alpha="255" />
    </image>
    <image texture="common_bg" x="322" y="188" width="55" height="7" dst_timer="load_complete" loop="0" condition="hs_fix_main_notes">
      <dst time="0" x="335" y="425" width="55" height ="7" alpha="255" />
    </image>
    <image texture="common_bg" x="322" y="196" width="55" height="7" dst_timer="load_complete" loop="0" condition="hs_fix_main_time">
      <dst time="0" x="335" y="425" width="55" height ="7" alpha="255" />
    </image>
    <image texture="common_bg" x="322" y="260" width="55" height="7" dst_timer="load_complete" loop="0" condition="hs_fix_regular_speed">
      <dst time="0" x="335" y="425" width="55" height ="7" alpha="255" />
    </image>

    <!-- value -->
    <image texture="num" x="16" y="45" width="11" height="9" dst_timer="load_complete" loop="0">
      <dst time="0" x="395" y="426" width="11" height ="9" alpha="255" />
    </image>
    <number texture="num" x="0" y="0" width="150" height="13" div_x="10" div_y="1" dst_timer="load_complete" loop="0" value="1p_hs" align="right" digit="2">
      <dst time="0" x="407" y="422" width="15" height ="13" alpha="255" />
    </number>
    <image texture="num" x="0" y="41" width="5" height="13" dst_timer="load_complete" loop="0">
      <dst time="0" x="438" y="422" width="5" height ="13" alpha="255" />
    </image>
    <number texture="num" x="0" y="27" width="165" height="13" div_x="11" div_y="1" dst_timer="load_complete" loop="0" value="1p_hs_point" align="left" digit="2">
      <dst time="0" x="444" y="422" width="15" height ="13" alpha="255" />
    </number>
    
    <!-- volume -->
    <image texture="common_bg" x="322" y="140" width="37" height="7" dst_timer="load_complete" loop="0">
      <dst time="0" x="335" y="440" width="37" height ="7" alpha="255" />
    </image>
    
    <!-- master -->
    <!-- label -->
    <image texture="common_bg" x="322" y="148" width="37" height="7" dst_timer="load_complete" loop="0">
      <dst time="0" x="377" y="440" width="37" height ="7" alpha="255" />
    </image>

    <!-- value -->
    <number texture="num" x="0" y="0" width="165" height="13" div_x="11" div_y="1" dst_timer="load_complete" loop="0" value="volume_master" align="right" digit="3">
      <dst time="0" x="429" y="437" width="15" height ="13" alpha="255" />
    </number>

    <!-- key -->
    <!-- label -->
    <image texture="common_bg" x="322" y="156" width="19" height="7" dst_timer="load_complete" loop="0">
      <dst time="0" x="377" y="454" width="19" height ="7" alpha="255" />
    </image>

    <!-- value -->
    <number texture="num" x="0" y="0" width="165" height="13" div_x="11" div_y="1" dst_timer="load_complete" loop="0" value="volume_key" align="right" digit="3">
      <dst time="0" x="429" y="451" width="15" height ="13" alpha="255" />
    </number>

    <!-- bgm -->
    <!-- label -->
    <image texture="common_bg" x="322" y="164" width="19" height="7" dst_timer="load_complete" loop="0">
      <dst time="0" x="377" y="468" width="19" height ="7" alpha="255" />
    </image>

    <!-- value -->
    <number texture="num" x="0" y="0" width="165" height="13" div_x="11" div_y="1" dst_timer="load_complete" loop="0" value="volume_bgm" align="right" digit="3">
      <dst time="0" x="429" y="465" width="15" height ="13" alpha="255" />
    </number>
    
    <!-- title -->
    <text font="common" value="genre" align="left" overflow="stretch" dst_timer="load_complete" loop="0" filter="linear">
      <dst time="0" x="4" y="419" width="320" height ="22" alpha="255" />
    </text>
    <text font="title" value="title_with_subtitle" align="left" overflow="stretch" dst_timer="load_complete" loop="0" filter="linear">
      <dst time="0" x="4" y="435" width="320" height ="28" alpha="255" />
    </text>
    <text font="common" value="artist_with_subartist" align="left" overflow="stretch" dst_timer="load_complete" loop="0" filter="linear">
      <dst time="0" x="4" y="458" width="320" height ="22" alpha="255" />
    </text>


    <!-- loading -->
    <!-- bg -->
    <image texture="load" x="0" y="0" width="800" height="480" dst_timer="scene_start" loop="0" condition="loading">
      <dst time="0" x="0" y="0" width="800" height ="480" alpha="255" />
    </image>
    <!-- version -->
    <text font="version" value="version" align="center" overflow="visible" dst_timer="scene_start" loop="0" filter="linear" condition="loading">
      <dst time="0" x="400" y="210" width="200" height ="17" alpha="255" />
    </text>
    <!-- num -->
    <image texture="load" x="0" y="481" width="150" height="20" dst_timer="scene_start" loop="0" condition="loading">
      <dst time="0" x="325" y="325" width="150" height ="20" alpha="255" />
    </image>
    <number texture="load" x="151" y="481" width="120" height="16" div_x="10" div_y="1" dst_timer="scene_start" loop="0" value="load_percentage" align="right" digit="3" condition="loading">
      <dst time="0" x="422" y="325" width="12" height ="16" alpha="255" />
    </number>
    <!-- bar -->
    <image texture="#white" x="0" y="0" width="1" height="1" dst_timer="scene_start" loop="0" condition="loading">
      <dst time="0" x="275" y="350" width="250" height ="2" alpha="128" r="192" g="192" b="192" />
    </image>
    <bargraph texture="#white" x="0" y="0" width="1" height="1" dst_timer="scene_start" loop="0" value="load_percentage" direction="right" max="100" min="0" img_mode="stretch" condition="loading">
      <dst time="0" x="275" y="350" width="250" height ="2" alpha="255" />
    </bargraph>

    <!-- fps -->
    <image texture="common_bg" x="491" y="150" width="21" height="7" dst_timer="scene_start" loop="0" condition="display_fps">
      <dst time="0" x="1" y="1" width="21" height ="7" alpha="255" />
    </image>
    <number texture="common_bg" x="379" y="158" width="77" height="7" div_x="11" div_y="1" dst_timer="scene_start" loop="0" value="fps" align="left" digit="5" condition="display_fps">
      <dst time="0" x="23" y="1" width="7" height ="7" alpha="255" />
    </number>
    <!-- ups -->
    <image texture="common_bg" x="513" y="150" width="27" height="7" dst_timer="scene_start" loop="0" condition="display_fps">
      <dst time="0" x="59" y="1" width="27" height ="7" alpha="255" />
    </image>
    <number texture="common_bg" x="379" y="158" width="77" height="7" div_x="11" div_y="1" dst_timer="scene_start" loop="0" value="ups" align="left" digit="5" condition="display_fps">
      <dst time="0" x="87" y="1" width="7" height ="7" alpha="255" />
    </number>
    <!-- average_judge_timing -->
    <image texture="common_bg" x="491" y="158" width="59" height="7" dst_timer="load_complete" loop="0" condition="display_fps, !autoplay">
      <dst time="0" x="1" y="9" width="59" height ="7" alpha="255" />
    </image>
    <number texture="common_bg" x="379" y="174" width="84" height="14" div_x="12" div_y="2" dst_timer="load_complete" loop="0" value="average_judge_timing" align="left" digit="3" condition="display_fps, !autoplay">
      <dst time="0" x="61" y="9" width="7" height ="7" alpha="255" />
    </number>
    <number texture="common_bg" x="381" y="191" width="156" height="14" div_x="12" div_y="2" dst_timer="load_complete" loop="0" value="average_judge_timing" align="left" digit="1" condition="display_fps, !autoplay">
      <dst time="0" x="90" y="9" width="13" height ="7" alpha="255" />
    </number>
    
  </body>
</skin>
