﻿<?xml version="1.0" encoding="utf-8" ?>
<skin type="play" keys="14">
  <head>
    <title>mBMplay Default 14</title>
    <version>2.00</version>
    <author>misty.ls04</author>    
  </head>
  <options>
    <customfile id="notes" name="Notes" path="img_7_14\notes" filter="*.png" type="file" random="true" default="Default.png" />
    <customfile id="lanecover" name="Lane cover" path="img_7_14\lanecover" filter="*.png" type="file" random="true" default="Default.png" />
    <customoption id="lane_brightness" name="Lane brightness">
      <option id="brightness_100" default="true">100%</option>
      <option id="brightness_90">90%</option>
      <option id="brightness_80">80%</option>
      <option id="brightness_70">70%</option>
      <option id="brightness_60">60%</option>
      <option id="brightness_50">50%</option>
      <option id="brightness_40">40%</option>
      <option id="brightness_30">30%</option>
      <option id="brightness_20">20%</option>
      <option id="brightness_10">10%</option>
      <option id="brightness_0">0%</option>
    </customoption>
    <customfile id="bomb" name="Bomb" path="img_7_14\bomb" filter="*.png" type="file" random="true" default="Default.png" />
    <customfile id="laser" name="Laser" path="img_7_14\laser" filter="*.png" type="file" random="true" default="Default.png" />
    <customfile id="judge" name="Judge" path="img_7_14\judge" filter="*.png" type="file" random="true" default="Default.png" />
  </options>
  <body>
    <texture id="judge" src="%judge%" />
    <texture id="laser" src="%laser%" />
    <texture id="bomb" src="%bomb%" />
    <texture id="obj" src="%notes%" />
    <texture id="lanecover" src="%lanecover%" />
    <texture id="frame" src="img_7_14\frame_14.png" />
    <texture id="parts" src="img_7_14\frame_parts.png" />

    <!-- background -->
    <image texture="frame" x="0" y="0" width="1" height="419" dst_timer="load_complete" loop="0" filter="point">
      <dst time="0" x="0" y="0" width="480" height ="419" alpha="255" />
    </image>

    <!-- frame -->
    <image texture="frame" x="2" y="0" width="22" height="321" dst_timer="load_complete" loop="0">
      <dst time="0" x="1" y="0" width="22" height ="321" alpha="255" />
    </image>
    <image texture="frame" x="218" y="0" width="46" height="321" dst_timer="load_complete" loop="0">
      <dst time="0" x="217" y="0" width="46" height ="321" alpha="255" />
    </image>
    <image texture="frame" x="458" y="0" width="22" height="321" dst_timer="load_complete" loop="0">
      <dst time="0" x="457" y="0" width="22" height ="321" alpha="255" />
    </image>
    <image texture="frame" x="2" y="321" width="478" height="98" dst_timer="load_complete" loop="0">
      <dst time="0" x="1" y="321" width="478" height ="98" alpha="255" />
    </image>

    <!-- lane_bg -->
    <var id="lane_brightness" type="int" value="255" />
    <if condition="$_option[lane_brightness][brightness_100]">
      <set id="lane_brightness" value="255" />
    </if>
    <elseif condition="$_option[lane_brightness][brightness_90]">
      <set id="lane_brightness" value="230" />
    </elseif>
    <elseif condition="$_option[lane_brightness][brightness_80]">
      <set id="lane_brightness" value="205" />
    </elseif>
    <elseif condition="$_option[lane_brightness][brightness_70]">
      <set id="lane_brightness" value="179" />
    </elseif>
    <elseif condition="$_option[lane_brightness][brightness_60]">
      <set id="lane_brightness" value="154" />
    </elseif>
    <elseif condition="$_option[lane_brightness][brightness_50]">
      <set id="lane_brightness" value="128" />
    </elseif>
    <elseif condition="$_option[lane_brightness][brightness_40]">
      <set id="lane_brightness" value="102" />
    </elseif>
    <elseif condition="$_option[lane_brightness][brightness_30]">
      <set id="lane_brightness" value="79" />
    </elseif>
    <elseif condition="$_option[lane_brightness][brightness_20]">
      <set id="lane_brightness" value="51" />
    </elseif>
    <elseif condition="$_option[lane_brightness][brightness_10]">
      <set id="lane_brightness" value="26" />
    </elseif>
    <elseif condition="$_option[lane_brightness][brightness_0]">
      <set id="lane_brightness" value="0" />
    </elseif>

    <image texture="frame" x="24" y="0" width="194" height="321" dst_timer="load_complete" loop="0">
      <dst time="0" x="23" y="0" width="194" height ="321" alpha="255" r="$lane_brightness" g="$lane_brightness" b="$lane_brightness" />
    </image>
    <image texture="frame" x="264" y="0" width="194" height="321" dst_timer="load_complete" loop="0">
      <dst time="0" x="263" y="0" width="194" height ="321" alpha="255" r="$lane_brightness" g="$lane_brightness" b="$lane_brightness" />
    </image>

    <!-- judgeline -->
    <image texture="parts" x="248" y="25" width="194" height="4" dst_timer="load_complete" loop="0">
      <dst time="0" x="23" y="317" width="194" height ="4" alpha="255" />
    </image>

    <image texture="parts" x="248" y="25" width="194" height="4" dst_timer="load_complete" loop="0">
      <dst time="0" x="263" y="317" width="194" height ="4" alpha="255" />
    </image>

    <!-- judgeline glow -->
    <image texture="parts" x="248" y="2" width="194" height="20" blend="additive" dst_timer="bpm" loop="0">
      <dst time="0" x="23" y="297" width="194" height ="20" alpha="255" />
      <dst time="700" x="23" y="297" width="194" height ="20" alpha="0" />
      <dst time="1000" x="23" y="297" width="194" height ="20" alpha="0" />
    </image>
    <image texture="parts" x="248" y="2" width="194" height="20" blend="additive" dst_timer="load_complete" loop="0">
      <dst time="0" x="23" y="297" width="194" height ="20" alpha="75" />
    </image>

    <image texture="parts" x="248" y="2" width="194" height="20" blend="additive" dst_timer="bpm" loop="0">
      <dst time="0" x="263" y="297" width="194" height ="20" alpha="255" />
      <dst time="700" x="263" y="297" width="194" height ="20" alpha="0" />
      <dst time="1000" x="263" y="297" width="194" height ="20" alpha="0" />
    </image>
    <image texture="parts" x="248" y="2" width="194" height="20" blend="additive" dst_timer="load_complete" loop="0">
      <dst time="0" x="263" y="297" width="194" height ="20" alpha="75" />
    </image>


    <!-- scratch -->
    <!-- 1p -->
    <image texture="parts" x="1" y="34" width="18" height="18" dst_timer="load_complete" loop="0">
      <dst time="0" x="28" y="341" width="18" height ="18" alpha="255" />
    </image>
    <image texture="parts" x="22" y="34" width="18" height="18" dst_timer="1p_scratch_rotate" loop="0" condition="load_complete">
      <dst time="0" x="28" y="341" width="18" height ="18" alpha="255" rotate="0" pivot_x="center" pivot_y="center" />
      <dst time="1000" x="28" y="341" width="18" height ="18" alpha="255" rotate="360" pivot_x="center" pivot_y="center" />
    </image>
    
    <!-- 2p -->
    <image texture="parts" x="1" y="34" width="18" height="18" dst_timer="load_complete" loop="0">
      <dst time="0" x="434" y="341" width="18" height ="18" alpha="255" />
    </image>
    <image texture="parts" x="22" y="34" width="18" height="18" dst_timer="2p_scratch_rotate" loop="0" condition="load_complete">
      <dst time="0" x="434" y="341" width="18" height ="18" alpha="255" rotate="0" pivot_x="center" pivot_y="center" />
      <dst time="1000" x="434" y="341" width="18" height ="18" alpha="255" rotate="360" pivot_x="center" pivot_y="center" />
    </image>

    
    <!-- gauge_bg -->
    <!-- 1p -->
    <image texture="parts" x="0" y="206" width="200" height="15" dst_timer="load_complete" loop="0" condition="playside_left">
      <dst time="0" x="140" y="386" width="200" height ="15" alpha="255" />
    </image>
    
    <!-- 2p -->
    <image texture="parts" x="0" y="238" width="200" height="15" dst_timer="load_complete" loop="0" condition="!playside_left">
      <dst time="0" x="140" y="386" width="200" height ="15" alpha="255" />
    </image>

    <!-- gauge_body -->
    <!-- 1p -->
    <gauge texture="parts" x="0" y="190" width="200" height="15" div_gauge="50" border="40" direction="right">
      <gauge_dst index ="0" dst_timer="load_complete" loop="0" condition="playside_left">
        <dst time="0" x="140" y="386" width="4" height ="15" alpha="255" />
      </gauge_dst>
      <gauge_dst index ="2" dst_timer="load_complete" loop="0" condition="playside_left">
        <dst time="0" x="140" y="386" width="4" height ="15" alpha="255" />
        <dst time="30" x="140" y="386" width="4" height ="15" alpha="255" />
        <dst time="31" x="140" y="386" width="4" height ="15" alpha="0" />
        <dst time="80" x="140" y="386" width="4" height ="15" alpha="0" />
      </gauge_dst>
      <gauge_dst index ="3" dst_timer="load_complete" loop="0" condition="playside_left">
        <dst time="0" x="140" y="386" width="4" height ="15" alpha="255" />
        <dst time="30" x="140" y="386" width="4" height ="15" alpha="255" />
        <dst time="31" x="140" y="386" width="4" height ="15" alpha="0" />
        <dst time="60" x="140" y="386" width="4" height ="15" alpha="0" />
      </gauge_dst>
    </gauge>

    <!-- 2p -->
    <gauge texture="parts" x="0" y="222" width="200" height="15" div_gauge="50" border="40" direction="left">
      <gauge_dst index ="0" dst_timer="load_complete" loop="0" condition="!playside_left">
        <dst time="0" x="140" y="386" width="4" height ="15" alpha="255" />
      </gauge_dst>
      <gauge_dst index ="2" dst_timer="load_complete" loop="0" condition="!playside_left">
        <dst time="0" x="140" y="386" width="4" height ="15" alpha="255" />
        <dst time="30" x="140" y="386" width="4" height ="15" alpha="255" />
        <dst time="31" x="140" y="386" width="4" height ="15" alpha="0" />
        <dst time="80" x="140" y="386" width="4" height ="15" alpha="0" />
      </gauge_dst>
      <gauge_dst index ="3" dst_timer="load_complete" loop="0" condition="!playside_left">
        <dst time="0" x="140" y="386" width="4" height ="15" alpha="255" />
        <dst time="30" x="140" y="386" width="4" height ="15" alpha="255" />
        <dst time="31" x="140" y="386" width="4" height ="15" alpha="0" />
        <dst time="60" x="140" y="386" width="4" height ="15" alpha="0" />
      </gauge_dst>
    </gauge>

    <!-- gauge_percentage -->
    <number texture="parts" x="0" y="15" width="165" height="14" div_x="11" div_y="1" dst_timer="load_complete" loop="0" value="groove_gauge_2per" align="left" digit="3">
      <dst time="0" x="213" y="333" width="15" height ="14" alpha="255" />
    </number>
    
    <!-- gauge_lamp -->
    <image texture="parts" x="0" y="30" width="200" height="1" dst_timer="load_complete" loop="0">
      <dst time="0" x="140" y="384" width="200" height ="1" alpha="192" />
    </image>
    <image texture="parts" x="0" y="76" width="416" height="110" div_x="2" div_y="10" cycle="1000" div_timer="groove_gauge_increase" dst_timer="groove_gauge_increase" condition="!gauge_100" loop="0" blend="additive">
      <dst time="0" x="136" y="379" width="208" height ="11" alpha="255" />
    </image>
    <image texture="parts" x="0" y="76" width="416" height="110" div_x="2" div_y="10" cycle="1000" div_timer="groove_gauge_max" dst_timer="groove_gauge_max" condition="gauge_100" loop="0" blend="additive">
      <dst time="0" x="136" y="379" width="208" height ="11" alpha="255" />
    </image>


    <!-- music_position -->
    <!-- 1p -->
    <slider texture="parts" x="43" y="33" width="12" height="17" dst_timer="load_complete" loop="0" value="music_time_position" max="100" min="0" start_x="10" start_y="21" end_x="10" end_y="293" blend="additive">
      <dst time="0" x="0" y="0" width="12" height ="17" alpha="128" />
    </slider>
    <slider texture="parts" x="43" y="33" width="12" height="17" dst_timer="bpm" loop="0" value="music_time_position" max="100" min="0" start_x="10" start_y="21" end_x="10" end_y="293" blend="additive">
      <dst time="0" x="0" y="0" width="12" height ="17" alpha="128" />
      <dst time="750" x="0" y="0" width="12" height ="17" alpha="0" />
      <dst time="1000" x="0" y="0" width="12" height ="17" alpha="0" />
    </slider>
    <!-- 2p -->
    <slider texture="parts" x="43" y="33" width="12" height="17" dst_timer="load_complete" loop="0" value="music_time_position" max="100" min="0" start_x="458" start_y="21" end_x="458" end_y="293" blend="additive">
      <dst time="0" x="0" y="0" width="12" height ="17" alpha="128" />
    </slider>
    <slider texture="parts" x="43" y="33" width="12" height="17" dst_timer="bpm" loop="0" value="music_time_position" max="100" min="0" start_x="458" start_y="21" end_x="458" end_y="293" blend="additive">
      <dst time="0" x="0" y="0" width="12" height ="17" alpha="128" />
      <dst time="750" x="0" y="0" width="12" height ="17" alpha="0" />
      <dst time="1000" x="0" y="0" width="12" height ="17" alpha="0" />
    </slider>


    <!-- key flash -->
    <!-- 1p -->
    <image texture="parts" x="56" y="33" width="28" height="42" dst_timer="1p_key1_on" loop="0" blend="additive">
      <dst time="0" x="63" y="324" width="28" height ="42" alpha="255" />
    </image>

    <image texture="parts" x="85" y="33" width="23" height="37" dst_timer="1p_key2_on" loop="0" blend="additive">
      <dst time="0" x="87" y="321" width="23" height ="37" alpha="255" />
    </image>

    <image texture="parts" x="56" y="33" width="28" height="42" dst_timer="1p_key3_on" loop="0" blend="additive">
      <dst time="0" x="106" y="324" width="28" height ="42" alpha="255" />
    </image>

    <image texture="parts" x="85" y="33" width="23" height="37" dst_timer="1p_key4_on" loop="0" blend="additive">
      <dst time="0" x="130" y="321" width="23" height ="37" alpha="255" />
    </image>

    <image texture="parts" x="56" y="33" width="28" height="42" dst_timer="1p_key5_on" loop="0" blend="additive">
      <dst time="0" x="149" y="324" width="28" height ="42" alpha="255" />
    </image>

    <image texture="parts" x="85" y="33" width="23" height="37" dst_timer="1p_key6_on" loop="0" blend="additive">
      <dst time="0" x="173" y="321" width="23" height ="37" alpha="255" />
    </image>

    <image texture="parts" x="56" y="33" width="28" height="42" dst_timer="1p_key7_on" loop="0" blend="additive">
      <dst time="0" x="192" y="324" width="28" height ="42" alpha="255" />
    </image>

    <!-- 2p -->
    <image texture="parts" x="56" y="33" width="28" height="42" dst_timer="2p_key1_on" loop="0" blend="additive">
      <dst time="0" x="260" y="324" width="28" height ="42" alpha="255" />
    </image>

    <image texture="parts" x="85" y="33" width="23" height="37" dst_timer="2p_key2_on" loop="0" blend="additive">
      <dst time="0" x="284" y="321" width="23" height ="37" alpha="255" />
    </image>

    <image texture="parts" x="56" y="33" width="28" height="42" dst_timer="2p_key3_on" loop="0" blend="additive">
      <dst time="0" x="303" y="324" width="28" height ="42" alpha="255" />
    </image>

    <image texture="parts" x="85" y="33" width="23" height="37" dst_timer="2p_key4_on" loop="0" blend="additive">
      <dst time="0" x="327" y="321" width="23" height ="37" alpha="255" />
    </image>

    <image texture="parts" x="56" y="33" width="28" height="42" dst_timer="2p_key5_on" loop="0" blend="additive">
      <dst time="0" x="346" y="324" width="28" height ="42" alpha="255" />
    </image>

    <image texture="parts" x="85" y="33" width="23" height="37" dst_timer="2p_key6_on" loop="0" blend="additive">
      <dst time="0" x="370" y="321" width="23" height ="37" alpha="255" />
    </image>

    <image texture="parts" x="56" y="33" width="28" height="42" dst_timer="2p_key7_on" loop="0" blend="additive">
      <dst time="0" x="389" y="324" width="28" height ="42" alpha="255" />
    </image>
    
    
    <!-- laser on -->
    <!-- 1p -->
    <image texture="laser" x="50" y="0" width="41" height="321" dst_timer="1p_scratch_on" loop="50">
      <dst time="0" x="23" y="321" width="41" height ="0" alpha="255" />
      <dst time="50" x="23" y="0" width="41" height ="321" alpha="255" />
    </image>

    <image texture="laser" x="0" y="0" width="22" height="321" dst_timer="1p_key1_on" loop="50">
      <dst time="0" x="66" y="321" width="22" height ="0" alpha="255" />
      <dst time="50" x="66" y="0" width="22" height ="321" alpha="255" />
    </image>

    <image texture="laser" x="27" y="0" width="17" height="321" dst_timer="1p_key2_on" loop="50">
      <dst time="0" x="90" y="321" width="17" height ="0" alpha="255" />
      <dst time="50" x="90" y="0" width="17" height ="321" alpha="255" />
    </image>

    <image texture="laser" x="0" y="0" width="22" height="321" dst_timer="1p_key3_on" loop="50">
      <dst time="0" x="109" y="321" width="22" height ="0" alpha="255" />
      <dst time="50" x="109" y="0" width="22" height ="321" alpha="255" />
    </image>

    <image texture="laser" x="27" y="0" width="17" height="321" dst_timer="1p_key4_on" loop="50">
      <dst time="0" x="133" y="321" width="17" height ="0" alpha="255" />
      <dst time="50" x="133" y="0" width="17" height ="321" alpha="255" />
    </image>

    <image texture="laser" x="0" y="0" width="22" height="321" dst_timer="1p_key5_on" loop="50">
      <dst time="0" x="152" y="321" width="22" height ="0" alpha="255" />
      <dst time="50" x="152" y="0" width="22" height ="321" alpha="255" />
    </image>

    <image texture="laser" x="27" y="0" width="17" height="321" dst_timer="1p_key6_on" loop="50">
      <dst time="0" x="176" y="321" width="17" height ="0" alpha="255" />
      <dst time="50" x="176" y="0" width="17" height ="321" alpha="255" />
    </image>

    <image texture="laser" x="0" y="0" width="22" height="321" dst_timer="1p_key7_on" loop="50">
      <dst time="0" x="195" y="321" width="22" height ="0" alpha="255" />
      <dst time="50" x="195" y="0" width="22" height ="321" alpha="255" />
    </image>

    <!-- 2p -->
    <image texture="laser" x="50" y="0" width="41" height="321" dst_timer="2p_scratch_on" loop="50">
      <dst time="0" x="416" y="321" width="41" height ="0" alpha="255" />
      <dst time="50" x="416" y="0" width="41" height ="321" alpha="255" />
    </image>

    <image texture="laser" x="0" y="0" width="22" height="321" dst_timer="2p_key1_on" loop="50">
      <dst time="0" x="263" y="321" width="22" height ="0" alpha="255" />
      <dst time="50" x="263" y="0" width="22" height ="321" alpha="255" />
    </image>

    <image texture="laser" x="27" y="0" width="17" height="321" dst_timer="2p_key2_on" loop="50">
      <dst time="0" x="287" y="321" width="17" height ="0" alpha="255" />
      <dst time="50" x="287" y="0" width="17" height ="321" alpha="255" />
    </image>

    <image texture="laser" x="0" y="0" width="22" height="321" dst_timer="2p_key3_on" loop="50">
      <dst time="0" x="306" y="321" width="22" height ="0" alpha="255" />
      <dst time="50" x="306" y="0" width="22" height ="321" alpha="255" />
    </image>

    <image texture="laser" x="27" y="0" width="17" height="321" dst_timer="2p_key4_on" loop="50">
      <dst time="0" x="330" y="321" width="17" height ="0" alpha="255" />
      <dst time="50" x="330" y="0" width="17" height ="321" alpha="255" />
    </image>

    <image texture="laser" x="0" y="0" width="22" height="321" dst_timer="2p_key5_on" loop="50">
      <dst time="0" x="349" y="321" width="22" height ="0" alpha="255" />
      <dst time="50" x="349" y="0" width="22" height ="321" alpha="255" />
    </image>

    <image texture="laser" x="27" y="0" width="17" height="321" dst_timer="2p_key6_on" loop="50">
      <dst time="0" x="373" y="321" width="17" height ="0" alpha="255" />
      <dst time="50" x="373" y="0" width="17" height ="321" alpha="255" />
    </image>

    <image texture="laser" x="0" y="0" width="22" height="321" dst_timer="2p_key7_on" loop="50">
      <dst time="0" x="392" y="321" width="22" height ="0" alpha="255" />
      <dst time="50" x="392" y="0" width="22" height ="321" alpha="255" />
    </image>
    
    <!-- laser off -->
    <!-- 1p -->
    <image texture="laser" x="50" y="0" width="41" height="321" dst_timer="1p_scratch_off" loop="100">
      <dst time="0" x="23" y="0" width="41" height ="321" alpha="255" />
      <dst time="100" x="43" y="0" width="0" height ="321" alpha="0" />
    </image>

    <image texture="laser" x="0" y="0" width="22" height="321" dst_timer="1p_key1_off" loop="100">
      <dst time="0" x="66" y="0" width="22" height ="321" alpha="255" />
      <dst time="100" x="77" y="0" width="0" height ="321" alpha="0" />
    </image>

    <image texture="laser" x="27" y="0" width="17" height="321" dst_timer="1p_key2_off" loop="100">
      <dst time="0" x="90" y="0" width="17" height ="321" alpha="255" />
      <dst time="100" x="98" y="0" width="0" height ="321" alpha="0" />
    </image>

    <image texture="laser" x="0" y="0" width="22" height="321" dst_timer="1p_key3_off" loop="100">
      <dst time="0" x="109" y="0" width="22" height ="321" alpha="255" />
      <dst time="100" x="120" y="0" width="0" height ="321" alpha="0" />
    </image>

    <image texture="laser" x="27" y="0" width="17" height="321" dst_timer="1p_key4_off" loop="100">
      <dst time="0" x="133" y="0" width="17" height ="321" alpha="255" />
      <dst time="100" x="141" y="0" width="0" height ="321" alpha="0" />
    </image>

    <image texture="laser" x="0" y="0" width="22" height="321" dst_timer="1p_key5_off" loop="100">
      <dst time="0" x="152" y="0" width="22" height ="321" alpha="255" />
      <dst time="100" x="163" y="0" width="0" height ="321" alpha="0" />
    </image>

    <image texture="laser" x="27" y="0" width="17" height="321" dst_timer="1p_key6_off" loop="100">
      <dst time="0" x="176" y="0" width="17" height ="321" alpha="255" />
      <dst time="100" x="184" y="0" width="0" height ="321" alpha="0" />
    </image>

    <image texture="laser" x="0" y="0" width="22" height="321" dst_timer="1p_key7_off" loop="100">
      <dst time="0" x="195" y="0" width="22" height ="321" alpha="255" />
      <dst time="100" x="206" y="0" width="0" height ="321" alpha="0" />
    </image>

    <!-- 2p -->
    <image texture="laser" x="50" y="0" width="41" height="321" dst_timer="2p_scratch_off" loop="100">
      <dst time="0" x="416" y="0" width="41" height ="321" alpha="255" />
      <dst time="100" x="436" y="0" width="0" height ="321" alpha="0" />
    </image>

    <image texture="laser" x="0" y="0" width="22" height="321" dst_timer="2p_key1_off" loop="100">
      <dst time="0" x="263" y="0" width="22" height ="321" alpha="255" />
      <dst time="100" x="274" y="0" width="0" height ="321" alpha="0" />
    </image>

    <image texture="laser" x="27" y="0" width="17" height="321" dst_timer="2p_key2_off" loop="100">
      <dst time="0" x="287" y="0" width="17" height ="321" alpha="255" />
      <dst time="100" x="295" y="0" width="0" height ="321" alpha="0" />
    </image>

    <image texture="laser" x="0" y="0" width="22" height="321" dst_timer="2p_key3_off" loop="100">
      <dst time="0" x="306" y="0" width="22" height ="321" alpha="255" />
      <dst time="100" x="315" y="0" width="0" height ="321" alpha="0" />
    </image>

    <image texture="laser" x="27" y="0" width="17" height="321" dst_timer="2p_key4_off" loop="100">
      <dst time="0" x="330" y="0" width="17" height ="321" alpha="255" />
      <dst time="100" x="338" y="0" width="0" height ="321" alpha="0" />
    </image>

    <image texture="laser" x="0" y="0" width="22" height="321" dst_timer="2p_key5_off" loop="100">
      <dst time="0" x="349" y="0" width="22" height ="321" alpha="255" />
      <dst time="100" x="360" y="0" width="0" height ="321" alpha="0" />
    </image>

    <image texture="laser" x="27" y="0" width="17" height="321" dst_timer="2p_key6_off" loop="100">
      <dst time="0" x="373" y="0" width="17" height ="321" alpha="255" />
      <dst time="100" x="381" y="0" width="0" height ="321" alpha="0" />
    </image>

    <image texture="laser" x="0" y="0" width="22" height="321" dst_timer="2p_key7_off" loop="100">
      <dst time="0" x="392" y="0" width="22" height ="321" alpha="255" />
      <dst time="100" x="403" y="0" width="0" height ="321" alpha="0" />
    </image>
    
    
    <!-- barline -->
    <barline side="1" texture="parts" x="248" y="0" width="233" height="1" dst_timer="load_complete" loop="0">
      <dst time="0" x="23" y="320" width="194" height ="1" alpha="255" />
    </barline>
    
    <barline side="2" texture="parts" x="248" y="0" width="233" height="1" dst_timer="load_complete" loop="0">
      <dst time="0" x="263" y="320" width="194" height ="1" alpha="255" />
    </barline>
    
    <!-- notes -->
    <!-- 1p -->
    <lane index="0" dst_timer="scene_start" loop="0">
      <note texture="obj" x="136" y="0" width="41" height="18" />
      <ln_start texture="obj" x="136" y="57" width="41" height="18" />
      <ln_end texture="obj" x="136" y="38" width="41" height="18" />
      <ln_body texture="obj" x="136" y="76" width="41" height="1" />
      <ln_body_holding texture="obj" x="136" y="77" width="41" height="17" div_x="1" div_y="17" cycle="250" div_timer="1p_scratch_on" />
      <ln_start_released texture="obj" x="136" y="57" width="41" height="18" alpha="128" />
      <ln_end_released texture="obj" x="136" y="38" width="41" height="18" alpha="128" />
      <ln_body_released texture="obj" x="136" y="76" width="41" height="1" alpha="128" />
      <dst time="0" x="23" y="309" width="41" height ="18" alpha="255" />
    </lane>

    <lane index="1" dst_timer="scene_start" loop="0">
      <note texture="obj" x="178" y="0" width="22" height="18" />
      <ln_start texture="obj" x="178" y="57" width="22" height="18" />
      <ln_end texture="obj" x="178" y="38" width="22" height="18" />
      <ln_body texture="obj" x="178" y="76" width="22" height="1" />
      <ln_body_holding texture="obj" x="178" y="77" width="22" height="17" div_x="1" div_y="17" cycle="250" div_timer="1p_key1_on" />
      <ln_start_released texture="obj" x="178" y="57" width="22" height="18" alpha="128" />
      <ln_end_released texture="obj" x="178" y="38" width="22" height="18" alpha="128" />
      <ln_body_released texture="obj" x="178" y="76" width="22" height="1" alpha="128" />
      <dst time="0" x="66" y="309" width="22" height ="18" alpha="255" />
    </lane>

    <lane index="2" dst_timer="scene_start" loop="0">
      <note texture="obj" x="201" y="0" width="17" height="18" />
      <ln_start texture="obj" x="201" y="57" width="17" height="18" />
      <ln_end texture="obj" x="201" y="38" width="17" height="18" />
      <ln_body texture="obj" x="201" y="76" width="17" height="1" />
      <ln_body_holding texture="obj" x="201" y="77" width="17" height="17" div_x="1" div_y="17" cycle="250" div_timer="1p_key2_on" />
      <ln_start_released texture="obj" x="201" y="57" width="17" height="18" alpha="128" />
      <ln_end_released texture="obj" x="201" y="38" width="17" height="18" alpha="128" />
      <ln_body_released texture="obj" x="201" y="76" width="17" height="1" alpha="128" />
      <dst time="0" x="90" y="309" width="17" height ="18" alpha="255" />
    </lane>

    <lane index="3" dst_timer="scene_start" loop="0">
      <note texture="obj" x="178" y="0" width="22" height="18" />
      <ln_start texture="obj" x="178" y="57" width="22" height="18" />
      <ln_end texture="obj" x="178" y="38" width="22" height="18" />
      <ln_body texture="obj" x="178" y="76" width="22" height="1" />
      <ln_body_holding texture="obj" x="178" y="77" width="22" height="17" div_x="1" div_y="17" cycle="250" div_timer="1p_key3_on" />
      <ln_start_released texture="obj" x="178" y="57" width="22" height="18" alpha="128" />
      <ln_end_released texture="obj" x="178" y="38" width="22" height="18" alpha="128" />
      <ln_body_released texture="obj" x="178" y="76" width="22" height="1" alpha="128" />
      <dst time="0" x="109" y="309" width="22" height ="18" alpha="255" />
    </lane>

    <lane index="4" dst_timer="scene_start" loop="0">
      <note texture="obj" x="201" y="0" width="17" height="18" />
      <ln_start texture="obj" x="201" y="57" width="17" height="18" />
      <ln_end texture="obj" x="201" y="38" width="17" height="18" />
      <ln_body texture="obj" x="201" y="76" width="17" height="1" />
      <ln_body_holding texture="obj" x="201" y="77" width="17" height="17" div_x="1" div_y="17" cycle="250" div_timer="1p_key4_on" />
      <ln_start_released texture="obj" x="201" y="57" width="17" height="18" alpha="128" />
      <ln_end_released texture="obj" x="201" y="38" width="17" height="18" alpha="128" />
      <ln_body_released texture="obj" x="201" y="76" width="17" height="1" alpha="128" />
      <dst time="0" x="133" y="309" width="17" height ="18" alpha="255" />
    </lane>

    <lane index="5" dst_timer="scene_start" loop="0">
      <note texture="obj" x="178" y="0" width="22" height="18" />
      <ln_start texture="obj" x="178" y="57" width="22" height="18" />
      <ln_end texture="obj" x="178" y="38" width="22" height="18" />
      <ln_body texture="obj" x="178" y="76" width="22" height="1" />
      <ln_body_holding texture="obj" x="178" y="77" width="22" height="17" div_x="1" div_y="17" cycle="250" div_timer="1p_key5_on" />
      <ln_start_released texture="obj" x="178" y="57" width="22" height="18" alpha="128" />
      <ln_end_released texture="obj" x="178" y="38" width="22" height="18" alpha="128" />
      <ln_body_released texture="obj" x="178" y="76" width="22" height="1" alpha="128" />
      <dst time="0" x="152" y="309" width="22" height ="18" alpha="255" />
    </lane>

    <lane index="6" dst_timer="scene_start" loop="0">
      <note texture="obj" x="201" y="0" width="17" height="18" />
      <ln_start texture="obj" x="201" y="57" width="17" height="18" />
      <ln_end texture="obj" x="201" y="38" width="17" height="18" />
      <ln_body texture="obj" x="201" y="76" width="17" height="1" />
      <ln_body_holding texture="obj" x="201" y="77" width="17" height="17" div_x="1" div_y="17" cycle="250" div_timer="1p_key6_on" />
      <ln_start_released texture="obj" x="201" y="57" width="17" height="18" alpha="128" />
      <ln_end_released texture="obj" x="201" y="38" width="17" height="18" alpha="128" />
      <ln_body_released texture="obj" x="201" y="76" width="17" height="1" alpha="128" />
      <dst time="0" x="176" y="309" width="17" height ="18" alpha="255" />
    </lane>

    <lane index="7" dst_timer="scene_start" loop="0">
      <note texture="obj" x="178" y="0" width="22" height="18" />
      <ln_start texture="obj" x="178" y="57" width="22" height="18" />
      <ln_end texture="obj" x="178" y="38" width="22" height="18" />
      <ln_body texture="obj" x="178" y="76" width="22" height="1" />
      <ln_body_holding texture="obj" x="178" y="77" width="22" height="17" div_x="1" div_y="17" cycle="250" div_timer="1p_key7_on" />
      <ln_start_released texture="obj" x="178" y="57" width="22" height="18" alpha="128" />
      <ln_end_released texture="obj" x="178" y="38" width="22" height="18" alpha="128" />
      <ln_body_released texture="obj" x="178" y="76" width="22" height="1" alpha="128" />
      <dst time="0" x="195" y="309" width="22" height ="18" alpha="255" />
    </lane>

    <!-- 2p -->
    <lane index="10" dst_timer="scene_start" loop="0">
      <note texture="obj" x="136" y="0" width="41" height="18" />
      <ln_start texture="obj" x="136" y="57" width="41" height="18" />
      <ln_end texture="obj" x="136" y="38" width="41" height="18" />
      <ln_body texture="obj" x="136" y="76" width="41" height="1" />
      <ln_body_holding texture="obj" x="136" y="77" width="41" height="17" div_x="1" div_y="17" cycle="250" div_timer="2p_scratch_on" />
      <ln_start_released texture="obj" x="136" y="57" width="41" height="18" alpha="128" />
      <ln_end_released texture="obj" x="136" y="38" width="41" height="18" alpha="128" />
      <ln_body_released texture="obj" x="136" y="76" width="41" height="1" alpha="128" />
      <dst time="0" x="416" y="309" width="41" height ="18" alpha="255" />
    </lane>

    <lane index="11" dst_timer="scene_start" loop="0">
      <note texture="obj" x="178" y="0" width="22" height="18" />
      <ln_start texture="obj" x="178" y="57" width="22" height="18" />
      <ln_end texture="obj" x="178" y="38" width="22" height="18" />
      <ln_body texture="obj" x="178" y="76" width="22" height="1" />
      <ln_body_holding texture="obj" x="178" y="77" width="22" height="17" div_x="1" div_y="17" cycle="250" div_timer="2p_key1_on" />
      <ln_start_released texture="obj" x="178" y="57" width="22" height="18" alpha="128" />
      <ln_end_released texture="obj" x="178" y="38" width="22" height="18" alpha="128" />
      <ln_body_released texture="obj" x="178" y="76" width="22" height="1" alpha="128" />
      <dst time="0" x="263" y="309" width="22" height ="18" alpha="255" />
    </lane>

    <lane index="12" dst_timer="scene_start" loop="0">
      <note texture="obj" x="201" y="0" width="17" height="18" />
      <ln_start texture="obj" x="201" y="57" width="17" height="18" />
      <ln_end texture="obj" x="201" y="38" width="17" height="18" />
      <ln_body texture="obj" x="201" y="76" width="17" height="1" />
      <ln_body_holding texture="obj" x="201" y="77" width="17" height="17" div_x="1" div_y="17" cycle="250" div_timer="2p_key2_on" />
      <ln_start_released texture="obj" x="201" y="57" width="17" height="18" alpha="128" />
      <ln_end_released texture="obj" x="201" y="38" width="17" height="18" alpha="128" />
      <ln_body_released texture="obj" x="201" y="76" width="17" height="1" alpha="128" />
      <dst time="0" x="287" y="309" width="17" height ="18" alpha="255" />
    </lane>

    <lane index="13" dst_timer="scene_start" loop="0">
      <note texture="obj" x="178" y="0" width="22" height="18" />
      <ln_start texture="obj" x="178" y="57" width="22" height="18" />
      <ln_end texture="obj" x="178" y="38" width="22" height="18" />
      <ln_body texture="obj" x="178" y="76" width="22" height="1" />
      <ln_body_holding texture="obj" x="178" y="77" width="22" height="17" div_x="1" div_y="17" cycle="250" div_timer="2p_key3_on" />
      <ln_start_released texture="obj" x="178" y="57" width="22" height="18" alpha="128" />
      <ln_end_released texture="obj" x="178" y="38" width="22" height="18" alpha="128" />
      <ln_body_released texture="obj" x="178" y="76" width="22" height="1" alpha="128" />
      <dst time="0" x="306" y="309" width="22" height ="18" alpha="255" />
    </lane>

    <lane index="14" dst_timer="scene_start" loop="0">
      <note texture="obj" x="201" y="0" width="17" height="18" />
      <ln_start texture="obj" x="201" y="57" width="17" height="18" />
      <ln_end texture="obj" x="201" y="38" width="17" height="18" />
      <ln_body texture="obj" x="201" y="76" width="17" height="1" />
      <ln_body_holding texture="obj" x="201" y="77" width="17" height="17" div_x="1" div_y="17" cycle="250" div_timer="2p_key4_on" />
      <ln_start_released texture="obj" x="201" y="57" width="17" height="18" alpha="128" />
      <ln_end_released texture="obj" x="201" y="38" width="17" height="18" alpha="128" />
      <ln_body_released texture="obj" x="201" y="76" width="17" height="1" alpha="128" />
      <dst time="0" x="330" y="309" width="17" height ="18" alpha="255" />
    </lane>

    <lane index="15" dst_timer="scene_start" loop="0">
      <note texture="obj" x="178" y="0" width="22" height="18" />
      <ln_start texture="obj" x="178" y="57" width="22" height="18" />
      <ln_end texture="obj" x="178" y="38" width="22" height="18" />
      <ln_body texture="obj" x="178" y="76" width="22" height="1" />
      <ln_body_holding texture="obj" x="178" y="77" width="22" height="17" div_x="1" div_y="17" cycle="250" div_timer="2p_key5_on" />
      <ln_start_released texture="obj" x="178" y="57" width="22" height="18" alpha="128" />
      <ln_end_released texture="obj" x="178" y="38" width="22" height="18" alpha="128" />
      <ln_body_released texture="obj" x="178" y="76" width="22" height="1" alpha="128" />
      <dst time="0" x="349" y="309" width="22" height ="18" alpha="255" />
    </lane>

    <lane index="16" dst_timer="scene_start" loop="0">
      <note texture="obj" x="201" y="0" width="17" height="18" />
      <ln_start texture="obj" x="201" y="57" width="17" height="18" />
      <ln_end texture="obj" x="201" y="38" width="17" height="18" />
      <ln_body texture="obj" x="201" y="76" width="17" height="1" />
      <ln_body_holding texture="obj" x="201" y="77" width="17" height="17" div_x="1" div_y="17" cycle="250" div_timer="2p_key6_on" />
      <ln_start_released texture="obj" x="201" y="57" width="17" height="18" alpha="128" />
      <ln_end_released texture="obj" x="201" y="38" width="17" height="18" alpha="128" />
      <ln_body_released texture="obj" x="201" y="76" width="17" height="1" alpha="128" />
      <dst time="0" x="373" y="309" width="17" height ="18" alpha="255" />
    </lane>

    <lane index="17" dst_timer="scene_start" loop="0">
      <note texture="obj" x="178" y="0" width="22" height="18" />
      <ln_start texture="obj" x="178" y="57" width="22" height="18" />
      <ln_end texture="obj" x="178" y="38" width="22" height="18" />
      <ln_body texture="obj" x="178" y="76" width="22" height="1" />
      <ln_body_holding texture="obj" x="178" y="77" width="22" height="17" div_x="1" div_y="17" cycle="250" div_timer="2p_key7_on" />
      <ln_start_released texture="obj" x="178" y="57" width="22" height="18" alpha="128" />
      <ln_end_released texture="obj" x="178" y="38" width="22" height="18" alpha="128" />
      <ln_body_released texture="obj" x="178" y="76" width="22" height="1" alpha="128" />
      <dst time="0" x="392" y="309" width="22" height ="18" alpha="255" />
    </lane>

    <!-- lanecover -->
    <!-- 1p -->
    <lanecover side="1" texture="lanecover" x="0" y="0" width="194" height="321" dst_timer="load_complete" loop="0" start_x="23" start_y="-321" end_x="23" end_y="0">
      <dst time="0" x="0" y="0" width="194" height ="321" alpha="255" />
    </lanecover>

    <!-- 2p -->
    <lanecover side="2" texture="lanecover" x="195" y="0" width="194" height="321" dst_timer="load_complete" loop="0" start_x="263" start_y="-321" end_x="263" end_y="0">
      <dst time="0" x="0" y="0" width="194" height ="321" alpha="255" />
    </lanecover>

    <!-- lanecover value -->
    <number texture="common_bg" x="379" y="158" width="77" height="7" div_x="11" div_y="1" dst_timer="lanecover_changed" loop="-1" value="1p_lanecover" align="left" digit="3" condition="lanecover_on">
      <dst time="0" x="221" y="5" width="7" height ="7" alpha="255" />
      <dst time="1000" x="221" y="5" width="7" height ="7" alpha="255" />
    </number>
    <image texture="common_bg" x="360" y="288" width="3" height="3" dst_timer="lanecover_changed" loop="-1" condition="lanecover_on">
      <dst time="0" x="242" y="9" width="3" height ="3" alpha="255" />
      <dst time="1000" x="242" y="9" width="3" height ="3" alpha="255" />
    </image>
    <number texture="common_bg" x="379" y="166" width="77" height="7" div_x="11" div_y="1" dst_timer="lanecover_changed" loop="-1" value="1p_lanecover_point" align="left" digit="2" condition="lanecover_on">
      <dst time="0" x="245" y="5" width="7" height ="7" alpha="255" />
      <dst time="1000" x="245" y="5" width="7" height ="7" alpha="255" />
    </number>
    
    <!-- bomb -->
    <!-- 1p -->
    <image texture="bomb" x="0" y="0" width="2896" height="192" div_x="16" div_y="1" cycle="251" div_timer="1p_scratch_bomb_great" dst_timer="1p_scratch_bomb_great" blend="additive" filter="linear" loop="-1">
      <dst time="0" x="-62" y="238" width="240" height ="192" alpha="255" />
      <dst time="250" x="-62" y="238" width="240" height ="192" alpha="255" />
    </image>

    <image texture="bomb" x="0" y="0" width="2896" height="192" div_x="16" div_y="1" cycle="251" div_timer="1p_key1_bomb_great" dst_timer="1p_key1_bomb_great" blend="additive" filter="linear" loop="-1">
      <dst time="0" x="-28" y="238" width="240" height ="192" alpha="255" />
      <dst time="250" x="-28" y="238" width="240" height ="192" alpha="255" />
    </image>

    <image texture="bomb" x="0" y="0" width="2896" height="192" div_x="16" div_y="1" cycle="251" div_timer="1p_key2_bomb_great" dst_timer="1p_key2_bomb_great" blend="additive" filter="linear" loop="-1">
      <dst time="0" x="-7" y="238" width="240" height ="192" alpha="255" />
      <dst time="250" x="-7" y="238" width="240" height ="192" alpha="255" />
    </image>

    <image texture="bomb" x="0" y="0" width="2896" height="192" div_x="16" div_y="1" cycle="251" div_timer="1p_key3_bomb_great" dst_timer="1p_key3_bomb_great" blend="additive" filter="linear" loop="-1">
      <dst time="0" x="15" y="238" width="240" height ="192" alpha="255" />
      <dst time="250" x="15" y="238" width="240" height ="192" alpha="255" />
    </image>

    <image texture="bomb" x="0" y="0" width="2896" height="192" div_x="16" div_y="1" cycle="251" div_timer="1p_key4_bomb_great" dst_timer="1p_key4_bomb_great" blend="additive" filter="linear" loop="-1">
      <dst time="0" x="36" y="238" width="240" height ="192" alpha="255" />
      <dst time="250" x="36" y="238" width="240" height ="192" alpha="255" />
    </image>

    <image texture="bomb" x="0" y="0" width="2896" height="192" div_x="16" div_y="1" cycle="251" div_timer="1p_key5_bomb_great" dst_timer="1p_key5_bomb_great" blend="additive" filter="linear" loop="-1">
      <dst time="0" x="58" y="238" width="240" height ="192" alpha="255" />
      <dst time="250" x="58" y="238" width="240" height ="192" alpha="255" />
    </image>

    <image texture="bomb" x="0" y="0" width="2896" height="192" div_x="16" div_y="1" cycle="251" div_timer="1p_key6_bomb_great" dst_timer="1p_key6_bomb_great" blend="additive" filter="linear" loop="-1">
      <dst time="0" x="79" y="238" width="240" height ="192" alpha="255" />
      <dst time="250" x="79" y="238" width="240" height ="192" alpha="255" />
    </image>

    <image texture="bomb" x="0" y="0" width="2896" height="192" div_x="16" div_y="1" cycle="251" div_timer="1p_key7_bomb_great" dst_timer="1p_key7_bomb_great" blend="additive" filter="linear" loop="-1">
      <dst time="0" x="101" y="238" width="240" height ="192" alpha="255" />
      <dst time="250" x="101" y="238" width="240" height ="192" alpha="255" />
    </image>

    <!-- 2p -->
    <image texture="bomb" x="0" y="0" width="2896" height="192" div_x="16" div_y="1" cycle="251" div_timer="2p_scratch_bomb_great" dst_timer="2p_scratch_bomb_great" blend="additive" filter="linear" loop="-1">
      <dst time="0" x="331" y="238" width="240" height ="192" alpha="255" />
      <dst time="250" x="331" y="238" width="240" height ="192" alpha="255" />
    </image>

    <image texture="bomb" x="0" y="0" width="2896" height="192" div_x="16" div_y="1" cycle="251" div_timer="2p_key1_bomb_great" dst_timer="2p_key1_bomb_great" blend="additive" filter="linear" loop="-1">
      <dst time="0" x="169" y="238" width="240" height ="192" alpha="255" />
      <dst time="250" x="169" y="238" width="240" height ="192" alpha="255" />
    </image>

    <image texture="bomb" x="0" y="0" width="2896" height="192" div_x="16" div_y="1" cycle="251" div_timer="2p_key2_bomb_great" dst_timer="2p_key2_bomb_great" blend="additive" filter="linear" loop="-1">
      <dst time="0" x="190" y="238" width="240" height ="192" alpha="255" />
      <dst time="250" x="190" y="238" width="240" height ="192" alpha="255" />
    </image>

    <image texture="bomb" x="0" y="0" width="2896" height="192" div_x="16" div_y="1" cycle="251" div_timer="2p_key3_bomb_great" dst_timer="2p_key3_bomb_great" blend="additive" filter="linear" loop="-1">
      <dst time="0" x="212" y="238" width="240" height ="192" alpha="255" />
      <dst time="250" x="212" y="238" width="240" height ="192" alpha="255" />
    </image>

    <image texture="bomb" x="0" y="0" width="2896" height="192" div_x="16" div_y="1" cycle="251" div_timer="2p_key4_bomb_great" dst_timer="2p_key4_bomb_great" blend="additive" filter="linear" loop="-1">
      <dst time="0" x="233" y="238" width="240" height ="192" alpha="255" />
      <dst time="250" x="233" y="238" width="240" height ="192" alpha="255" />
    </image>

    <image texture="bomb" x="0" y="0" width="2896" height="192" div_x="16" div_y="1" cycle="251" div_timer="2p_key5_bomb_great" dst_timer="2p_key5_bomb_great" blend="additive" filter="linear" loop="-1">
      <dst time="0" x="255" y="238" width="240" height ="192" alpha="255" />
      <dst time="250" x="255" y="238" width="240" height ="192" alpha="255" />
    </image>

    <image texture="bomb" x="0" y="0" width="2896" height="192" div_x="16" div_y="1" cycle="251" div_timer="2p_key6_bomb_great" dst_timer="2p_key6_bomb_great" blend="additive" filter="linear" loop="-1">
      <dst time="0" x="276" y="238" width="240" height ="192" alpha="255" />
      <dst time="250" x="276" y="238" width="240" height ="192" alpha="255" />
    </image>

    <image texture="bomb" x="0" y="0" width="2896" height="192" div_x="16" div_y="1" cycle="251" div_timer="2p_key7_bomb_great" dst_timer="2p_key7_bomb_great" blend="additive" filter="linear" loop="-1">
      <dst time="0" x="298" y="238" width="240" height ="192" alpha="255" />
      <dst time="250" x="298" y="238" width="240" height ="192" alpha="255" />
    </image>

    <!-- longnote bomb -->
    <!-- 1p -->
    <image texture="bomb" x="0" y="576" width="1448" height="192" div_x="8" div_y="1" cycle="160" div_timer="1p_scratch_ln_holding" dst_timer="1p_scratch_ln_holding" blend="additive" filter="linear" loop="0">
      <dst time="0" x="-62" y="238" width="240" height ="192" alpha="255" />
    </image>

    <image texture="bomb" x="0" y="192" width="1448" height="192" div_x="8" div_y="1" cycle="160" div_timer="1p_key1_ln_holding" dst_timer="1p_key1_ln_holding" blend="additive" filter="linear" loop="0">
      <dst time="0" x="-28" y="238" width="240" height ="192" alpha="255" />
    </image>

    <image texture="bomb" x="0" y="384" width="1448" height="192" div_x="8" div_y="1" cycle="160" div_timer="1p_key2_ln_holding" dst_timer="1p_key2_ln_holding" blend="additive" filter="linear" loop="0">
      <dst time="0" x="-7" y="238" width="240" height ="192" alpha="255" />
    </image>

    <image texture="bomb" x="0" y="192" width="1448" height="192" div_x="8" div_y="1" cycle="160" div_timer="1p_key3_ln_holding" dst_timer="1p_key3_ln_holding" blend="additive" filter="linear" loop="0">
      <dst time="0" x="15" y="238" width="240" height ="192" alpha="255" />
    </image>

    <image texture="bomb" x="0" y="384" width="1448" height="192" div_x="8" div_y="1" cycle="160" div_timer="1p_key4_ln_holding" dst_timer="1p_key4_ln_holding" blend="additive" filter="linear" loop="0">
      <dst time="0" x="36" y="238" width="240" height ="192" alpha="255" />
    </image>

    <image texture="bomb" x="0" y="192" width="1448" height="192" div_x="8" div_y="1" cycle="160" div_timer="1p_key5_ln_holding" dst_timer="1p_key5_ln_holding" blend="additive" filter="linear" loop="0">
      <dst time="0" x="58" y="238" width="240" height ="192" alpha="255" />
    </image>

    <image texture="bomb" x="0" y="384" width="1448" height="192" div_x="8" div_y="1" cycle="160" div_timer="1p_key6_ln_holding" dst_timer="1p_key6_ln_holding" blend="additive" filter="linear" loop="0">
      <dst time="0" x="79" y="238" width="240" height ="192" alpha="255" />
    </image>

    <image texture="bomb" x="0" y="192" width="1448" height="192" div_x="8" div_y="1" cycle="160" div_timer="1p_key7_ln_holding" dst_timer="1p_key7_ln_holding" blend="additive" filter="linear" loop="0">
      <dst time="0" x="101" y="238" width="240" height ="192" alpha="255" />
    </image>

    <!-- 2p -->
    <image texture="bomb" x="0" y="576" width="1448" height="192" div_x="8" div_y="1" cycle="160" div_timer="2p_scratch_ln_holding" dst_timer="2p_scratch_ln_holding" blend="additive" filter="linear" loop="0">
      <dst time="0" x="331" y="238" width="240" height ="192" alpha="255" />
    </image>

    <image texture="bomb" x="0" y="192" width="1448" height="192" div_x="8" div_y="1" cycle="160" div_timer="2p_key1_ln_holding" dst_timer="2p_key1_ln_holding" blend="additive" filter="linear" loop="0">
      <dst time="0" x="169" y="238" width="240" height ="192" alpha="255" />
    </image>

    <image texture="bomb" x="0" y="384" width="1448" height="192" div_x="8" div_y="1" cycle="160" div_timer="2p_key2_ln_holding" dst_timer="2p_key2_ln_holding" blend="additive" filter="linear" loop="0">
      <dst time="0" x="190" y="238" width="240" height ="192" alpha="255" />
    </image>

    <image texture="bomb" x="0" y="192" width="1448" height="192" div_x="8" div_y="1" cycle="160" div_timer="2p_key3_ln_holding" dst_timer="2p_key3_ln_holding" blend="additive" filter="linear" loop="0">
      <dst time="0" x="212" y="238" width="240" height ="192" alpha="255" />
    </image>

    <image texture="bomb" x="0" y="384" width="1448" height="192" div_x="8" div_y="1" cycle="160" div_timer="2p_key4_ln_holding" dst_timer="2p_key4_ln_holding" blend="additive" filter="linear" loop="0">
      <dst time="0" x="233" y="238" width="240" height ="192" alpha="255" />
    </image>

    <image texture="bomb" x="0" y="192" width="1448" height="192" div_x="8" div_y="1" cycle="160" div_timer="2p_key5_ln_holding" dst_timer="2p_key5_ln_holding" blend="additive" filter="linear" loop="0">
      <dst time="0" x="255" y="238" width="240" height ="192" alpha="255" />
    </image>

    <image texture="bomb" x="0" y="384" width="1448" height="192" div_x="8" div_y="1" cycle="160" div_timer="2p_key6_ln_holding" dst_timer="2p_key6_ln_holding" blend="additive" filter="linear" loop="0">
      <dst time="0" x="276" y="238" width="240" height ="192" alpha="255" />
    </image>

    <image texture="bomb" x="0" y="192" width="1448" height="192" div_x="8" div_y="1" cycle="160" div_timer="2p_key7_ln_holding" dst_timer="2p_key7_ln_holding" blend="additive" filter="linear" loop="0">
      <dst time="0" x="298" y="238" width="240" height ="192" alpha="255" />
    </image>


    <!-- judge -->
    <!-- pgreat -->
    <!-- 1p -->
    <judge index="0" texture="judge" x="0" y="0" width="77" height="105" div_x="1" div_y="3" cycle="125" div_timer="1p_judge"  dst_timer="1p_judge" loop="-1" condition="1p_judge_pgreat">
      <dst time="0" x="81" y="235" width="77" height ="35" alpha="255" />
      <dst time="500" x="81" y="235" width="77" height ="35" alpha="255" />
    </judge>

    <!-- 2p -->
    <judge index="20" texture="judge" x="0" y="0" width="77" height="105" div_x="1" div_y="3" cycle="125" div_timer="2p_judge"  dst_timer="2p_judge" loop="-1" condition="2p_judge_pgreat">
      <dst time="0" x="321" y="235" width="77" height ="35" alpha="255" />
      <dst time="500" x="321" y="235" width="77" height ="35" alpha="255" />
    </judge>

    <!-- great -->
    <!-- 1p -->
    <judge index="1" texture="judge" x="0" y="105" width="77" height="70" div_x="1" div_y="2" cycle="125" div_timer="1p_judge"  dst_timer="1p_judge" loop="-1" condition="1p_judge_great">
      <dst time="0" x="81" y="235" width="77" height ="35" alpha="255" />
      <dst time="500" x="81" y="235" width="77" height ="35" alpha="255" />
    </judge>

    <!-- 2p -->
    <judge index="21" texture="judge" x="0" y="105" width="77" height="70" div_x="1" div_y="2" cycle="125" div_timer="2p_judge"  dst_timer="2p_judge" loop="-1" condition="2p_judge_great">
      <dst time="0" x="321" y="235" width="77" height ="35" alpha="255" />
      <dst time="500" x="321" y="235" width="77" height ="35" alpha="255" />
    </judge>

    <!-- good -->
    <!-- 1p -->
    <judge index="2" texture="judge" x="0" y="175" width="77" height="70" div_x="1" div_y="2" cycle="125" div_timer="1p_judge"  dst_timer="1p_judge" loop="-1" condition="1p_judge_good">
      <dst time="0" x="81" y="235" width="77" height ="35" alpha="255" />
      <dst time="500" x="81" y="235" width="77" height ="35" alpha="255" />
    </judge>

    <!-- 2p -->
    <judge index="22" texture="judge" x="0" y="175" width="77" height="70" div_x="1" div_y="2" cycle="125" div_timer="2p_judge"  dst_timer="2p_judge" loop="-1" condition="2p_judge_good">
      <dst time="0" x="321" y="235" width="77" height ="35" alpha="255" />
      <dst time="500" x="321" y="235" width="77" height ="35" alpha="255" />
    </judge>

    <!-- bad -->
    <!-- 1p -->
    <image texture="judge" x="77" y="175" width="77" height="70" div_x="1" div_y="2" cycle="125" div_timer="1p_judge"  dst_timer="1p_judge" loop="-1" condition="1p_judge_bad">
      <dst time="0" x="81" y="235" width="77" height ="35" alpha="255" />
      <dst time="500" x="81" y="235" width="77" height ="35" alpha="255" />
    </image>

    <!-- 2p -->
    <image texture="judge" x="77" y="175" width="77" height="70" div_x="1" div_y="2" cycle="125" div_timer="2p_judge"  dst_timer="2p_judge" loop="-1" condition="2p_judge_bad">
      <dst time="0" x="321" y="235" width="77" height ="35" alpha="255" />
      <dst time="500" x="321" y="235" width="77" height ="35" alpha="255" />
    </image>

    <!-- poor -->
    <!-- 1p -->
    <image texture="judge" x="154" y="175" width="77" height="70" div_x="1" div_y="2" cycle="125" div_timer="1p_judge"  dst_timer="1p_judge" loop="-1" condition="1p_judge_poor">
      <dst time="0" x="81" y="235" width="77" height ="35" alpha="255" />
      <dst time="500" x="81" y="235" width="77" height ="35" alpha="255" />
    </image>

    <!-- 2p -->
    <image texture="judge" x="154" y="175" width="77" height="70" div_x="1" div_y="2" cycle="125" div_timer="2p_judge"  dst_timer="2p_judge" loop="-1" condition="2p_judge_poor">
      <dst time="0" x="321" y="235" width="77" height ="35" alpha="255" />
      <dst time="500" x="321" y="235" width="77" height ="35" alpha="255" />
    </image>

    <!-- judge_ln -->
    <!-- pgreat -->
    <!-- 1p -->
    <judge index="10" texture="judge" x="0" y="0" width="77" height="105" div_x="1" div_y="3" cycle="125" div_timer="1p_ln_judge"  dst_timer="1p_ln_judge" loop="0" condition="1p_judge_pgreat">
      <dst time="0" x="81" y="235" width="77" height ="35" alpha="255" />
    </judge>

    <!-- 2p -->
    <judge index="30" texture="judge" x="0" y="0" width="77" height="105" div_x="1" div_y="3" cycle="125" div_timer="2p_ln_judge"  dst_timer="2p_ln_judge" loop="0" condition="2p_judge_pgreat">
      <dst time="0" x="321" y="235" width="77" height ="35" alpha="255" />
    </judge>

    <!-- great -->
    <!-- 1p -->
    <judge index="11" texture="judge" x="0" y="105" width="77" height="70" div_x="1" div_y="2" cycle="125" div_timer="1p_ln_judge"  dst_timer="1p_ln_judge" loop="0" condition="1p_judge_great">
      <dst time="0" x="81" y="235" width="77" height ="35" alpha="255" />
    </judge>

    <!-- 2p -->
    <judge index="31" texture="judge" x="0" y="105" width="77" height="70" div_x="1" div_y="2" cycle="125" div_timer="2p_ln_judge"  dst_timer="2p_ln_judge" loop="0" condition="2p_judge_great">
      <dst time="0" x="321" y="235" width="77" height ="35" alpha="255" />
    </judge>

    <!-- good -->
    <!-- 1p -->
    <judge index="12" texture="judge" x="0" y="175" width="77" height="70" div_x="1" div_y="2" cycle="125" div_timer="1p_ln_judge"  dst_timer="1p_ln_judge" loop="0" condition="1p_judge_good">
      <dst time="0" x="81" y="235" width="77" height ="35" alpha="255" />
    </judge>

    <!-- 2p -->
    <judge index="32" texture="judge" x="0" y="175" width="77" height="70" div_x="1" div_y="2" cycle="125" div_timer="2p_ln_judge"  dst_timer="2p_ln_judge" loop="0" condition="2p_judge_good">
      <dst time="0" x="321" y="235" width="77" height ="35" alpha="255" />
    </judge>

    <!-- bad -->
    <!-- 1p -->
    <image texture="judge" x="77" y="175" width="77" height="70" div_x="1" div_y="2" cycle="125" div_timer="1p_ln_judge"  dst_timer="1p_ln_judge" loop="0" condition="1p_judge_bad">
      <dst time="0" x="81" y="235" width="77" height ="35" alpha="255" />
    </image>

    <!-- 2p -->
    <image texture="judge" x="77" y="175" width="77" height="70" div_x="1" div_y="2" cycle="125" div_timer="2p_ln_judge"  dst_timer="2p_ln_judge" loop="0" condition="2p_judge_bad">
      <dst time="0" x="321" y="235" width="77" height ="35" alpha="255" />
    </image>

    <!-- poor -->
    <!-- 1p -->
    <image texture="judge" x="154" y="175" width="77" height="70" div_x="1" div_y="2" cycle="125" div_timer="1p_ln_judge"  dst_timer="1p_ln_judge" loop="0" condition="1p_judge_poor">
      <dst time="0" x="81" y="235" width="77" height ="35" alpha="255" />
    </image>

    <!-- 2p -->
    <image texture="judge" x="154" y="175" width="77" height="70" div_x="1" div_y="2" cycle="125" div_timer="2p_ln_judge"  dst_timer="2p_ln_judge" loop="0" condition="2p_judge_poor">
      <dst time="0" x="321" y="235" width="77" height ="35" alpha="255" />
    </image>

    <!-- combo -->
    <!-- pgreat -->
    <!-- 1p -->
    <combo index="0" texture="judge" x="77" y="0" width="170" height="105" div_x="10" div_y="3" cycle="125" div_timer="1p_judge"  dst_timer="1p_judge" loop="-1" value="1p_combo_count" align="left" digit="7" condition="1p_judge_pgreat">
      <dst time="0" x="80" y="0" width="17" height ="35" alpha="255" />
      <dst time="500" x="80" y="0" width="17" height ="35" alpha="255" />
    </combo>

    <!-- 2p -->
    <combo index="20" texture="judge" x="77" y="0" width="170" height="105" div_x="10" div_y="3" cycle="125" div_timer="2p_judge"  dst_timer="2p_judge" loop="-1" value="2p_combo_count" align="left" digit="7" condition="2p_judge_pgreat">
      <dst time="0" x="80" y="0" width="17" height ="35" alpha="255" />
      <dst time="500" x="80" y="0" width="17" height ="35" alpha="255" />
    </combo>

    <!-- great -->
    <!-- 1p -->
    <combo index="1" texture="judge" x="77" y="105" width="170" height="70" div_x="10" div_y="2" cycle="125" div_timer="1p_judge"  dst_timer="1p_judge" loop="-1" value="1p_combo_count" align="left" digit="7" condition="1p_judge_great">
      <dst time="0" x="80" y="0" width="17" height ="35" alpha="255" />
      <dst time="500" x="80" y="0" width="17" height ="35" alpha="255" />
    </combo>

    <!-- 2p -->
    <combo index="21" texture="judge" x="77" y="105" width="170" height="70" div_x="10" div_y="2" cycle="125" div_timer="2p_judge"  dst_timer="2p_judge" loop="-1" value="2p_combo_count" align="left" digit="7" condition="2p_judge_great">
      <dst time="0" x="80" y="0" width="17" height ="35" alpha="255" />
      <dst time="500" x="80" y="0" width="17" height ="35" alpha="255" />
    </combo>

    <!-- good -->
    <!-- 1p -->
    <combo index="2" texture="judge" x="77" y="105" width="170" height="70" div_x="10" div_y="2" cycle="125" div_timer="1p_judge"  dst_timer="1p_judge" loop="-1" value="1p_combo_count" align="left" digit="7" condition="1p_judge_good">
      <dst time="0" x="80" y="0" width="17" height ="35" alpha="255" />
      <dst time="500" x="80" y="0" width="17" height ="35" alpha="255" />
    </combo>

    <!-- 2p -->
    <combo index="22" texture="judge" x="77" y="105" width="170" height="70" div_x="10" div_y="2" cycle="125" div_timer="2p_judge"  dst_timer="2p_judge" loop="-1" value="2p_combo_count" align="left" digit="7" condition="2p_judge_good">
      <dst time="0" x="80" y="0" width="17" height ="35" alpha="255" />
      <dst time="500" x="80" y="0" width="17" height ="35" alpha="255" />
    </combo>

    <!-- combo_ln -->
    <!-- pgreat -->
    <!-- 1p -->
    <combo index="10" texture="judge" x="77" y="0" width="170" height="105" div_x="10" div_y="3" cycle="125" div_timer="1p_ln_judge"  dst_timer="1p_ln_judge" loop="0" value="1p_combo_count" align="left" digit="7" condition="1p_judge_pgreat">
      <dst time="0" x="80" y="0" width="17" height ="35" alpha="255" />
    </combo>

    <!-- 2p -->
    <combo index="30" texture="judge" x="77" y="0" width="170" height="105" div_x="10" div_y="3" cycle="125" div_timer="2p_ln_judge"  dst_timer="2p_ln_judge" loop="0" value="2p_combo_count" align="left" digit="7" condition="2p_judge_pgreat">
      <dst time="0" x="80" y="0" width="17" height ="35" alpha="255" />
    </combo>

    <!-- great -->
    <!-- 1p -->
    <combo index="11" texture="judge" x="77" y="105" width="170" height="70" div_x="10" div_y="2" cycle="125" div_timer="1p_ln_judge"  dst_timer="1p_ln_judge" loop="0" value="1p_combo_count" align="left" digit="7" condition="1p_judge_great">
      <dst time="0" x="80" y="0" width="17" height ="35" alpha="255" />
    </combo>

    <!-- 2p -->
    <combo index="31" texture="judge" x="77" y="105" width="170" height="70" div_x="10" div_y="2" cycle="125" div_timer="2p_ln_judge"  dst_timer="2p_ln_judge" loop="0" value="2p_combo_count" align="left" digit="7" condition="2p_judge_great">
      <dst time="0" x="80" y="0" width="17" height ="35" alpha="255" />
    </combo>

    <!-- good -->
    <!-- 1p -->
    <combo index="12" texture="judge" x="77" y="105" width="170" height="70" div_x="10" div_y="2" cycle="125" div_timer="1p_ln_judge"  dst_timer="1p_ln_judge" loop="0" value="1p_combo_count" align="left" digit="7" condition="1p_judge_good">
      <dst time="0" x="80" y="0" width="17" height ="35" alpha="255" />
    </combo>

    <!-- 2p -->
    <combo index="32" texture="judge" x="77" y="105" width="170" height="70" div_x="10" div_y="2" cycle="125" div_timer="2p_ln_judge"  dst_timer="2p_ln_judge" loop="0" value="2p_combo_count" align="left" digit="7" condition="2p_judge_good">
      <dst time="0" x="80" y="0" width="17" height ="35" alpha="255" />
    </combo>

    <!-- lane_note_count -->
    <!-- 1p -->
    <number texture="common_bg" x="379" y="158" width="70" height="7" div_x="10" div_y="1" dst_timer="load_complete" loop="0" value="1p_scratch_note_count" align="center" digit="5" condition="display_note_count, autoplay">
      <dst time="0" x="19" y="360" width="7" height ="7" alpha="255" />
    </number>
    <number texture="common_bg" x="379" y="158" width="70" height="7" div_x="10" div_y="1" dst_timer="load_complete" loop="0" value="1p_key1_note_count" align="center" digit="5" condition="display_note_count, autoplay">
      <dst time="0" x="59" y="343" width="7" height ="7" alpha="255" />
    </number>
    <number texture="common_bg" x="379" y="158" width="70" height="7" div_x="10" div_y="1" dst_timer="load_complete" loop="0" value="1p_key2_note_count" align="center" digit="5" condition="display_note_count, autoplay">
      <dst time="0" x="81" y="334" width="7" height ="7" alpha="255" />
    </number>
    <number texture="common_bg" x="379" y="158" width="70" height="7" div_x="10" div_y="1" dst_timer="load_complete" loop="0" value="1p_key3_note_count" align="center" digit="5" condition="display_note_count, autoplay">
      <dst time="0" x="102" y="343" width="7" height ="7" alpha="255" />
    </number>
    <number texture="common_bg" x="379" y="158" width="70" height="7" div_x="10" div_y="1" dst_timer="load_complete" loop="0" value="1p_key4_note_count" align="center" digit="5" condition="display_note_count, autoplay">
      <dst time="0" x="124" y="334" width="7" height ="7" alpha="255" />
    </number>
    <number texture="common_bg" x="379" y="158" width="70" height="7" div_x="10" div_y="1" dst_timer="load_complete" loop="0" value="1p_key5_note_count" align="center" digit="5" condition="display_note_count, autoplay">
      <dst time="0" x="145" y="343" width="7" height ="7" alpha="255" />
    </number>
    <number texture="common_bg" x="379" y="158" width="70" height="7" div_x="10" div_y="1" dst_timer="load_complete" loop="0" value="1p_key6_note_count" align="center" digit="5" condition="display_note_count, autoplay">
      <dst time="0" x="167" y="334" width="7" height ="7" alpha="255" />
    </number>
    <number texture="common_bg" x="379" y="158" width="70" height="7" div_x="10" div_y="1" dst_timer="load_complete" loop="0" value="1p_key7_note_count" align="center" digit="5" condition="display_note_count, autoplay">
      <dst time="0" x="188" y="343" width="7" height ="7" alpha="255" />
    </number>

    <image texture="common_bg" x="459" y="158" width="15" height="7" dst_timer="load_complete" loop="0" condition="display_note_count, autoplay">
      <dst time="0" x="48" y="390" width="15" height ="7" alpha="255" />
    </image>
    <number texture="common_bg" x="379" y="158" width="77" height="7" div_x="11" div_y="1" dst_timer="load_complete" loop="0" value="1p_note_count" align="left" digit="5" condition="display_note_count, autoplay">
      <dst time="0" x="65" y="390" width="7" height ="7" alpha="255" />
    </number>

    <!-- 2p -->
    <number texture="common_bg" x="379" y="158" width="70" height="7" div_x="10" div_y="1" dst_timer="load_complete" loop="0" value="2p_scratch_note_count" align="center" digit="5" condition="display_note_count, autoplay">
      <dst time="0" x="426" y="360" width="7" height ="7" alpha="255" />
    </number>
    <number texture="common_bg" x="379" y="158" width="70" height="7" div_x="10" div_y="1" dst_timer="load_complete" loop="0" value="2p_key1_note_count" align="center" digit="5" condition="display_note_count, autoplay">
      <dst time="0" x="257" y="343" width="7" height ="7" alpha="255" />
    </number>
    <number texture="common_bg" x="379" y="158" width="70" height="7" div_x="10" div_y="1" dst_timer="load_complete" loop="0" value="2p_key2_note_count" align="center" digit="5" condition="display_note_count, autoplay">
      <dst time="0" x="278" y="334" width="7" height ="7" alpha="255" />
    </number>
    <number texture="common_bg" x="379" y="158" width="70" height="7" div_x="10" div_y="1" dst_timer="load_complete" loop="0" value="2p_key3_note_count" align="center" digit="5" condition="display_note_count, autoplay">
      <dst time="0" x="300" y="343" width="7" height ="7" alpha="255" />
    </number>
    <number texture="common_bg" x="379" y="158" width="70" height="7" div_x="10" div_y="1" dst_timer="load_complete" loop="0" value="2p_key4_note_count" align="center" digit="5" condition="display_note_count, autoplay">
      <dst time="0" x="321" y="334" width="7" height ="7" alpha="255" />
    </number>
    <number texture="common_bg" x="379" y="158" width="70" height="7" div_x="10" div_y="1" dst_timer="load_complete" loop="0" value="2p_key5_note_count" align="center" digit="5" condition="display_note_count, autoplay">
      <dst time="0" x="343" y="343" width="7" height ="7" alpha="255" />
    </number>
    <number texture="common_bg" x="379" y="158" width="70" height="7" div_x="10" div_y="1" dst_timer="load_complete" loop="0" value="2p_key6_note_count" align="center" digit="5" condition="display_note_count, autoplay">
      <dst time="0" x="364" y="334" width="7" height ="7" alpha="255" />
    </number>
    <number texture="common_bg" x="379" y="158" width="70" height="7" div_x="10" div_y="1" dst_timer="load_complete" loop="0" value="2p_key7_note_count" align="center" digit="5" condition="display_note_count, autoplay">
      <dst time="0" x="386" y="343" width="7" height ="7" alpha="255" />
    </number>

    <image texture="common_bg" x="475" y="158" width="15" height="7" dst_timer="load_complete" loop="0" condition="display_note_count, autoplay">
      <dst time="0" x="380" y="390" width="15" height ="7" alpha="255" />
    </image>
    <number texture="common_bg" x="379" y="158" width="77" height="7" div_x="11" div_y="1" dst_timer="load_complete" loop="0" value="2p_note_count" align="left" digit="5" condition="display_note_count, autoplay">
      <dst time="0" x="397" y="390" width="7" height ="7" alpha="255" />
    </number>


    <!-- common_parts -->
    <include src="common.xml" />
    
  </body>
</skin>
