﻿<?xml version="1.0" encoding="utf-8" ?>
<skin type="play" keys="9">
  <head>
    <title>mBMplay Default 9</title>
    <version>2.00</version>
    <author>misty.ls04</author>    
  </head>
  <options>
    <customfile id="notes" name="Notes" path="img_9\notes" filter="*" type="directory" random="true" default="Default" />
    <customfile id="lanecover" name="Lane cover" path="img_9\lanecover" filter="*.png" type="file" random="true" default="Default.png" />
    <customfile id="bomb" name="Bomb" path="img_9\bomb" filter="*.png" type="file" random="true" default="Default.png" />
    <customfile id="laser" name="Laser" path="img_9\laser" filter="*.png" type="file" random="true" default="Default.png" />
    <customfile id="judge" name="Judge" path="img_9\judge" filter="*.png" type="file" random="true" default="Default.png" />
  </options>
  <body>
    <texture id="lane" src="img_9\lane.png" />    
    <texture id="laser" src="%laser%" />
    <texture id="bomb" src="%bomb%" />
    <texture id="judge" src="%judge%" />
    <texture id="lanecover" src="%lanecover%" />

    <!-- background -->
    <image texture="lane" x="0" y="0" width="1" height="419" dst_timer="load_complete" loop="0" filter="point">
      <dst time="0" x="0" y="0" width="480" height ="419" alpha="255" />
    </image>
    
    <!-- frame -->
    <image texture="lane" x="2" y="0" width="340" height="419" dst_timer="load_complete" loop="0">
      <dst time="0" x="70" y="0" width="340" height ="419" alpha="255" />
    </image>

    <!-- judgeline -->
    <image texture="lane" x="369" y="121" width="92" height="9" dst_timer="load_complete" loop="0" div_x="92" div_y="1" cycle="1500" div_timer="load_complete">
      <dst time="0" x="86" y="318" width="308" height ="9" alpha="255" />
    </image>

    
    <!-- gauge_frame -->
    <image texture="lane" x="344" y="0" width="346" height="55" dst_timer="load_complete" loop="0" condition="!gauge_over_border">
      <dst time="0" x="67" y="364" width="346" height ="55" alpha="255" />
    </image>
    <image texture="lane" x="344" y="56" width="346" height="55" dst_timer="load_complete" loop="0" condition="gauge_over_border">
      <dst time="0" x="67" y="364" width="346" height ="55" alpha="255" />
    </image>
    
    <!-- gauge_bg -->
    <image texture="lane" x="345" y="177" width="313" height="28" dst_timer="load_complete" loop="0">
      <dst time="0" x="83" y="389" width="313" height ="28" alpha="255" />
    </image>

    <!-- gauge_body -->
    <gauge texture="lane" x="345" y="148" width="312" height="28" div_gauge="24" border="19" direction="right">
      <gauge_dst index ="0" dst_timer="load_complete" loop="0">
        <dst time="0" x="83" y="389" width="13" height ="28" alpha="255" />
      </gauge_dst>
    </gauge>

    <!-- gauge_highlight -->
    <gauge texture="lane" x="345" y="206" width="312" height="28" div_gauge="24" border="19" direction="right">
      <gauge_dst index ="1" dst_timer="load_complete" loop="0" blend="additive">
        <dst time="0" x="83" y="389" width="13" height ="28" alpha="0" />
        <dst time="500" x="83" y="389" width="13" height ="28" alpha="96" />
        <dst time="750" x="83" y="389" width="13" height ="28" alpha="96" />
        <dst time="1250" x="83" y="389" width="13" height ="28" alpha="0" />
      </gauge_dst>
    </gauge>

    <!-- music_position -->
    <bargraph texture="lane" x="344" y="112" width="290" height="8" dst_timer="load_complete" loop="0" value="music_time_position" direction="right" max="100" min="0" img_mode="cut">
      <dst time="0" x="97" y="377" width="290" height ="8" alpha="255" />
    </bargraph>
    <slider texture="lane" x="344" y="122" width="23" height="20" dst_timer="load_complete" loop="0" value="music_time_position" max="100" min="0" start_x="87" start_y="368" end_x="377" end_y="368">
      <dst time="0" x="0" y="0" width="23" height ="20" alpha="255" />
    </slider>


    <!-- laser on -->
    <!-- pgreat -->
    <image texture="laser" x="0" y="0" width="38" height="358" dst_timer="1p_key1_on" loop="0" condition="!1p_key1_ln_hold_once, 1p_key1_laser_judge_pgreat">
      <dst time="0" x="85" y="-40" width="38" height ="358" alpha="255" />
    </image>

    <image texture="laser" x="38" y="0" width="30" height="358" dst_timer="1p_key2_on" loop="0" condition="!1p_key2_ln_hold_once, 1p_key2_laser_judge_pgreat">
      <dst time="0" x="123" y="-40" width="30" height ="358" alpha="255" />
    </image>

    <image texture="laser" x="0" y="0" width="38" height="358" dst_timer="1p_key3_on" loop="0" condition="!1p_key3_ln_hold_once, 1p_key3_laser_judge_pgreat">
      <dst time="0" x="153" y="-40" width="38" height ="358" alpha="255" />
    </image>

    <image texture="laser" x="38" y="0" width="30" height="358" dst_timer="1p_key4_on" loop="0" condition="!1p_key4_ln_hold_once, 1p_key4_laser_judge_pgreat">
      <dst time="0" x="191" y="-40" width="30" height ="358" alpha="255" />
    </image>

    <image texture="laser" x="0" y="0" width="38" height="358" dst_timer="1p_key5_on" loop="0" condition="!1p_key5_ln_hold_once, 1p_key5_laser_judge_pgreat">
      <dst time="0" x="221" y="-40" width="38" height ="358" alpha="255" />
    </image>

    <image texture="laser" x="38" y="0" width="30" height="358" dst_timer="1p_key6_on" loop="0" condition="!1p_key6_ln_hold_once, 1p_key6_laser_judge_pgreat">
      <dst time="0" x="259" y="-40" width="30" height ="358" alpha="255" />
    </image>

    <image texture="laser" x="0" y="0" width="38" height="358" dst_timer="1p_key7_on" loop="0" condition="!1p_key7_ln_hold_once, 1p_key7_laser_judge_pgreat">
      <dst time="0" x="289" y="-40" width="38" height ="358" alpha="255" />
    </image>

    <image texture="laser" x="38" y="0" width="30" height="358" dst_timer="1p_key8_on" loop="0" condition="!1p_key8_ln_hold_once, 1p_key8_laser_judge_pgreat">
      <dst time="0" x="327" y="-40" width="30" height ="358" alpha="255" />
    </image>

    <image texture="laser" x="0" y="0" width="38" height="358" dst_timer="1p_key9_on" loop="0" condition="!1p_key9_ln_hold_once, 1p_key9_laser_judge_pgreat">
      <dst time="0" x="357" y="-40" width="38" height ="358" alpha="255" />
    </image>

    <!-- great -->
    <image texture="laser" x="69" y="0" width="38" height="358" dst_timer="1p_key1_on" loop="0" condition="!1p_key1_ln_hold_once, 1p_key1_laser_judge_great">
      <dst time="0" x="85" y="-40" width="38" height ="358" alpha="255" />
    </image>

    <image texture="laser" x="107" y="0" width="30" height="358" dst_timer="1p_key2_on" loop="0" condition="!1p_key2_ln_hold_once, 1p_key2_laser_judge_great">
      <dst time="0" x="123" y="-40" width="30" height ="358" alpha="255" />
    </image>

    <image texture="laser" x="69" y="0" width="38" height="358" dst_timer="1p_key3_on" loop="0" condition="!1p_key3_ln_hold_once, 1p_key3_laser_judge_great">
      <dst time="0" x="153" y="-40" width="38" height ="358" alpha="255" />
    </image>

    <image texture="laser" x="107" y="0" width="30" height="358" dst_timer="1p_key4_on" loop="0" condition="!1p_key4_ln_hold_once, 1p_key4_laser_judge_great">
      <dst time="0" x="191" y="-40" width="30" height ="358" alpha="255" />
    </image>

    <image texture="laser" x="69" y="0" width="38" height="358" dst_timer="1p_key5_on" loop="0" condition="!1p_key5_ln_hold_once, 1p_key5_laser_judge_great">
      <dst time="0" x="221" y="-40" width="38" height ="358" alpha="255" />
    </image>

    <image texture="laser" x="107" y="0" width="30" height="358" dst_timer="1p_key6_on" loop="0" condition="!1p_key6_ln_hold_once, 1p_key6_laser_judge_great">
      <dst time="0" x="259" y="-40" width="30" height ="358" alpha="255" />
    </image>

    <image texture="laser" x="69" y="0" width="38" height="358" dst_timer="1p_key7_on" loop="0" condition="!1p_key7_ln_hold_once, 1p_key7_laser_judge_great">
      <dst time="0" x="289" y="-40" width="38" height ="358" alpha="255" />
    </image>

    <image texture="laser" x="107" y="0" width="30" height="358" dst_timer="1p_key8_on" loop="0" condition="!1p_key8_ln_hold_once, 1p_key8_laser_judge_great">
      <dst time="0" x="327" y="-40" width="30" height ="358" alpha="255" />
    </image>

    <image texture="laser" x="69" y="0" width="38" height="358" dst_timer="1p_key9_on" loop="0" condition="!1p_key9_ln_hold_once, 1p_key9_laser_judge_great">
      <dst time="0" x="357" y="-40" width="38" height ="358" alpha="255" />
    </image>

    <!-- good -->
    <image texture="laser" x="138" y="0" width="38" height="358" dst_timer="1p_key1_on" loop="0" condition="!1p_key1_ln_hold_once, 1p_key1_laser_judge_good">
      <dst time="0" x="85" y="-40" width="38" height ="358" alpha="255" />
    </image>

    <image texture="laser" x="176" y="0" width="30" height="358" dst_timer="1p_key2_on" loop="0" condition="!1p_key2_ln_hold_once, 1p_key2_laser_judge_good">
      <dst time="0" x="123" y="-40" width="30" height ="358" alpha="255" />
    </image>

    <image texture="laser" x="138" y="0" width="38" height="358" dst_timer="1p_key3_on" loop="0" condition="!1p_key3_ln_hold_once, 1p_key3_laser_judge_good">
      <dst time="0" x="153" y="-40" width="38" height ="358" alpha="255" />
    </image>

    <image texture="laser" x="176" y="0" width="30" height="358" dst_timer="1p_key4_on" loop="0" condition="!1p_key4_ln_hold_once, 1p_key4_laser_judge_good">
      <dst time="0" x="191" y="-40" width="30" height ="358" alpha="255" />
    </image>

    <image texture="laser" x="138" y="0" width="38" height="358" dst_timer="1p_key5_on" loop="0" condition="!1p_key5_ln_hold_once, 1p_key5_laser_judge_good">
      <dst time="0" x="221" y="-40" width="38" height ="358" alpha="255" />
    </image>

    <image texture="laser" x="176" y="0" width="30" height="358" dst_timer="1p_key6_on" loop="0" condition="!1p_key6_ln_hold_once, 1p_key6_laser_judge_good">
      <dst time="0" x="259" y="-40" width="30" height ="358" alpha="255" />
    </image>

    <image texture="laser" x="138" y="0" width="38" height="358" dst_timer="1p_key7_on" loop="0" condition="!1p_key7_ln_hold_once, 1p_key7_laser_judge_good">
      <dst time="0" x="289" y="-40" width="38" height ="358" alpha="255" />
    </image>

    <image texture="laser" x="176" y="0" width="30" height="358" dst_timer="1p_key8_on" loop="0" condition="!1p_key8_ln_hold_once, 1p_key8_laser_judge_good">
      <dst time="0" x="327" y="-40" width="30" height ="358" alpha="255" />
    </image>

    <image texture="laser" x="138" y="0" width="38" height="358" dst_timer="1p_key9_on" loop="0" condition="!1p_key9_ln_hold_once, 1p_key9_laser_judge_good">
      <dst time="0" x="357" y="-40" width="38" height ="358" alpha="255" />
    </image>

    <!-- bad -->
    <image texture="laser" x="207" y="0" width="38" height="358" dst_timer="1p_key1_on" loop="0" condition="!1p_key1_ln_hold_once, 1p_key1_laser_judge_bad_or_worse">
      <dst time="0" x="85" y="-40" width="38" height ="358" alpha="255" />
    </image>

    <image texture="laser" x="245" y="0" width="30" height="358" dst_timer="1p_key2_on" loop="0" condition="!1p_key2_ln_hold_once, 1p_key2_laser_judge_bad_or_worse">
      <dst time="0" x="123" y="-40" width="30" height ="358" alpha="255" />
    </image>

    <image texture="laser" x="207" y="0" width="38" height="358" dst_timer="1p_key3_on" loop="0" condition="!1p_key3_ln_hold_once, 1p_key3_laser_judge_bad_or_worse">
      <dst time="0" x="153" y="-40" width="38" height ="358" alpha="255" />
    </image>

    <image texture="laser" x="245" y="0" width="30" height="358" dst_timer="1p_key4_on" loop="0" condition="!1p_key4_ln_hold_once, 1p_key4_laser_judge_bad_or_worse">
      <dst time="0" x="191" y="-40" width="30" height ="358" alpha="255" />
    </image>

    <image texture="laser" x="207" y="0" width="38" height="358" dst_timer="1p_key5_on" loop="0" condition="!1p_key5_ln_hold_once, 1p_key5_laser_judge_bad_or_worse">
      <dst time="0" x="221" y="-40" width="38" height ="358" alpha="255" />
    </image>

    <image texture="laser" x="245" y="0" width="30" height="358" dst_timer="1p_key6_on" loop="0" condition="!1p_key6_ln_hold_once, 1p_key6_laser_judge_bad_or_worse">
      <dst time="0" x="259" y="-40" width="30" height ="358" alpha="255" />
    </image>

    <image texture="laser" x="207" y="0" width="38" height="358" dst_timer="1p_key7_on" loop="0" condition="!1p_key7_ln_hold_once, 1p_key7_laser_judge_bad_or_worse">
      <dst time="0" x="289" y="-40" width="38" height ="358" alpha="255" />
    </image>

    <image texture="laser" x="245" y="0" width="30" height="358" dst_timer="1p_key8_on" loop="0" condition="!1p_key8_ln_hold_once, 1p_key8_laser_judge_bad_or_worse">
      <dst time="0" x="327" y="-40" width="30" height ="358" alpha="255" />
    </image>

    <image texture="laser" x="207" y="0" width="38" height="358" dst_timer="1p_key9_on" loop="0" condition="!1p_key9_ln_hold_once, 1p_key9_laser_judge_bad_or_worse">
      <dst time="0" x="357" y="-40" width="38" height ="358" alpha="255" />
    </image>
    
    <!-- laser off -->
    <!-- pgreat -->
    <image texture="laser" x="0" y="0" width="38" height="358" dst_timer="1p_key1_off" loop="-1" condition="!1p_key1_ln_hold_once, 1p_key1_laser_judge_pgreat">
      <dst time="0" x="85" y="-40" width="38" height ="358" alpha="255" />
      <dst time="50" x="104" y="-40" width="0" height ="358" alpha="255" />
    </image>

    <image texture="laser" x="38" y="0" width="30" height="358" dst_timer="1p_key2_off" loop="-1" condition="!1p_key2_ln_hold_once, 1p_key2_laser_judge_pgreat">
      <dst time="0" x="123" y="-40" width="30" height ="358" alpha="255" />
      <dst time="50" x="138" y="-40" width="0" height ="358" alpha="255" />
    </image>

    <image texture="laser" x="0" y="0" width="38" height="358" dst_timer="1p_key3_off" loop="-1" condition="!1p_key3_ln_hold_once, 1p_key3_laser_judge_pgreat">
      <dst time="0" x="153" y="-40" width="38" height ="358" alpha="255" />
      <dst time="50" x="172" y="-40" width="0" height ="358" alpha="255" />
    </image>

    <image texture="laser" x="38" y="0" width="30" height="358" dst_timer="1p_key4_off" loop="-1" condition="!1p_key4_ln_hold_once, 1p_key4_laser_judge_pgreat">
      <dst time="0" x="191" y="-40" width="30" height ="358" alpha="255" />
      <dst time="50" x="206" y="-40" width="0" height ="358" alpha="255" />
    </image>

    <image texture="laser" x="0" y="0" width="38" height="358" dst_timer="1p_key5_off" loop="-1" condition="!1p_key5_ln_hold_once, 1p_key5_laser_judge_pgreat">
      <dst time="0" x="221" y="-40" width="38" height ="358" alpha="255" />
      <dst time="50" x="240" y="-40" width="0" height ="358" alpha="255" />
    </image>

    <image texture="laser" x="38" y="0" width="30" height="358" dst_timer="1p_key6_off" loop="-1" condition="!1p_key6_ln_hold_once, 1p_key6_laser_judge_pgreat">
      <dst time="0" x="259" y="-40" width="30" height ="358" alpha="255" />
      <dst time="50" x="274" y="-40" width="0" height ="358" alpha="255" />
    </image>

    <image texture="laser" x="0" y="0" width="38" height="358" dst_timer="1p_key7_off" loop="-1" condition="!1p_key7_ln_hold_once, 1p_key7_laser_judge_pgreat">
      <dst time="0" x="289" y="-40" width="38" height ="358" alpha="255" />
      <dst time="50" x="308" y="-40" width="0" height ="358" alpha="255" />
    </image>

    <image texture="laser" x="38" y="0" width="30" height="358" dst_timer="1p_key8_off" loop="-1" condition="!1p_key8_ln_hold_once, 1p_key8_laser_judge_pgreat">
      <dst time="0" x="327" y="-40" width="30" height ="358" alpha="255" />
      <dst time="50" x="342" y="-40" width="0" height ="358" alpha="255" />
    </image>

    <image texture="laser" x="0" y="0" width="38" height="358" dst_timer="1p_key9_off" loop="-1" condition="!1p_key9_ln_hold_once, 1p_key9_laser_judge_pgreat">
      <dst time="0" x="357" y="-40" width="38" height ="358" alpha="255" />
      <dst time="50" x="376" y="-40" width="0" height ="358" alpha="255" />
    </image>

    <!-- great -->
    <image texture="laser" x="69" y="0" width="38" height="358" dst_timer="1p_key1_off" loop="-1" condition="!1p_key1_ln_hold_once, 1p_key1_laser_judge_great">
      <dst time="0" x="85" y="-40" width="38" height ="358" alpha="255" />
      <dst time="50" x="104" y="-40" width="0" height ="358" alpha="255" />
    </image>

    <image texture="laser" x="107" y="0" width="30" height="358" dst_timer="1p_key2_off" loop="-1" condition="!1p_key2_ln_hold_once, 1p_key2_laser_judge_great">
      <dst time="0" x="123" y="-40" width="30" height ="358" alpha="255" />
      <dst time="50" x="138" y="-40" width="0" height ="358" alpha="255" />
    </image>

    <image texture="laser" x="69" y="0" width="38" height="358" dst_timer="1p_key3_off" loop="-1" condition="!1p_key3_ln_hold_once, 1p_key3_laser_judge_great">
      <dst time="0" x="153" y="-40" width="38" height ="358" alpha="255" />
      <dst time="50" x="172" y="-40" width="0" height ="358" alpha="255" />
    </image>

    <image texture="laser" x="107" y="0" width="30" height="358" dst_timer="1p_key4_off" loop="-1" condition="!1p_key4_ln_hold_once, 1p_key4_laser_judge_great">
      <dst time="0" x="191" y="-40" width="30" height ="358" alpha="255" />
      <dst time="50" x="206" y="-40" width="0" height ="358" alpha="255" />
    </image>

    <image texture="laser" x="69" y="0" width="38" height="358" dst_timer="1p_key5_off" loop="-1" condition="!1p_key5_ln_hold_once, 1p_key5_laser_judge_great">
      <dst time="0" x="221" y="-40" width="38" height ="358" alpha="255" />
      <dst time="50" x="240" y="-40" width="0" height ="358" alpha="255" />
    </image>

    <image texture="laser" x="107" y="0" width="30" height="358" dst_timer="1p_key6_off" loop="-1" condition="!1p_key6_ln_hold_once, 1p_key6_laser_judge_great">
      <dst time="0" x="259" y="-40" width="30" height ="358" alpha="255" />
      <dst time="50" x="274" y="-40" width="0" height ="358" alpha="255" />
    </image>

    <image texture="laser" x="69" y="0" width="38" height="358" dst_timer="1p_key7_off" loop="-1" condition="!1p_key7_ln_hold_once, 1p_key7_laser_judge_great">
      <dst time="0" x="289" y="-40" width="38" height ="358" alpha="255" />
      <dst time="50" x="308" y="-40" width="0" height ="358" alpha="255" />
    </image>

    <image texture="laser" x="107" y="0" width="30" height="358" dst_timer="1p_key8_off" loop="-1" condition="!1p_key8_ln_hold_once, 1p_key8_laser_judge_great">
      <dst time="0" x="327" y="-40" width="30" height ="358" alpha="255" />
      <dst time="50" x="342" y="-40" width="0" height ="358" alpha="255" />
    </image>

    <image texture="laser" x="69" y="0" width="38" height="358" dst_timer="1p_key9_off" loop="-1" condition="!1p_key9_ln_hold_once, 1p_key9_laser_judge_great">
      <dst time="0" x="357" y="-40" width="38" height ="358" alpha="255" />
      <dst time="50" x="376" y="-40" width="0" height ="358" alpha="255" />
    </image>

    <!-- good -->
    <image texture="laser" x="138" y="0" width="38" height="358" dst_timer="1p_key1_off" loop="-1" condition="!1p_key1_ln_hold_once, 1p_key1_laser_judge_good">
      <dst time="0" x="85" y="-40" width="38" height ="358" alpha="255" />
      <dst time="50" x="104" y="-40" width="0" height ="358" alpha="255" />
    </image>

    <image texture="laser" x="176" y="0" width="30" height="358" dst_timer="1p_key2_off" loop="-1" condition="!1p_key2_ln_hold_once, 1p_key2_laser_judge_good">
      <dst time="0" x="123" y="-40" width="30" height ="358" alpha="255" />
      <dst time="50" x="138" y="-40" width="0" height ="358" alpha="255" />
    </image>

    <image texture="laser" x="138" y="0" width="38" height="358" dst_timer="1p_key3_off" loop="-1" condition="!1p_key3_ln_hold_once, 1p_key3_laser_judge_good">
      <dst time="0" x="153" y="-40" width="38" height ="358" alpha="255" />
      <dst time="50" x="172" y="-40" width="0" height ="358" alpha="255" />
    </image>

    <image texture="laser" x="176" y="0" width="30" height="358" dst_timer="1p_key4_off" loop="-1" condition="!1p_key4_ln_hold_once, 1p_key4_laser_judge_good">
      <dst time="0" x="191" y="-40" width="30" height ="358" alpha="255" />
      <dst time="50" x="206" y="-40" width="0" height ="358" alpha="255" />
    </image>

    <image texture="laser" x="138" y="0" width="38" height="358" dst_timer="1p_key5_off" loop="-1" condition="!1p_key5_ln_hold_once, 1p_key5_laser_judge_good">
      <dst time="0" x="221" y="-40" width="38" height ="358" alpha="255" />
      <dst time="50" x="240" y="-40" width="0" height ="358" alpha="255" />
    </image>

    <image texture="laser" x="176" y="0" width="30" height="358" dst_timer="1p_key6_off" loop="-1" condition="!1p_key6_ln_hold_once, 1p_key6_laser_judge_good">
      <dst time="0" x="259" y="-40" width="30" height ="358" alpha="255" />
      <dst time="50" x="274" y="-40" width="0" height ="358" alpha="255" />
    </image>

    <image texture="laser" x="138" y="0" width="38" height="358" dst_timer="1p_key7_off" loop="-1" condition="!1p_key7_ln_hold_once, 1p_key7_laser_judge_good">
      <dst time="0" x="289" y="-40" width="38" height ="358" alpha="255" />
      <dst time="50" x="308" y="-40" width="0" height ="358" alpha="255" />
    </image>

    <image texture="laser" x="176" y="0" width="30" height="358" dst_timer="1p_key8_off" loop="-1" condition="!1p_key8_ln_hold_once, 1p_key8_laser_judge_good">
      <dst time="0" x="327" y="-40" width="30" height ="358" alpha="255" />
      <dst time="50" x="342" y="-40" width="0" height ="358" alpha="255" />
    </image>

    <image texture="laser" x="138" y="0" width="38" height="358" dst_timer="1p_key9_off" loop="-1" condition="!1p_key9_ln_hold_once, 1p_key9_laser_judge_good">
      <dst time="0" x="357" y="-40" width="38" height ="358" alpha="255" />
      <dst time="50" x="376" y="-40" width="0" height ="358" alpha="255" />
    </image>

    <!-- bad -->
    <image texture="laser" x="207" y="0" width="38" height="358" dst_timer="1p_key1_off" loop="-1" condition="!1p_key1_ln_hold_once, 1p_key1_laser_judge_bad_or_worse">
      <dst time="0" x="85" y="-40" width="38" height ="358" alpha="255" />
      <dst time="50" x="104" y="-40" width="0" height ="358" alpha="255" />
    </image>

    <image texture="laser" x="245" y="0" width="30" height="358" dst_timer="1p_key2_off" loop="-1" condition="!1p_key2_ln_hold_once, 1p_key2_laser_judge_bad_or_worse">
      <dst time="0" x="123" y="-40" width="30" height ="358" alpha="255" />
      <dst time="50" x="138" y="-40" width="0" height ="358" alpha="255" />
    </image>

    <image texture="laser" x="207" y="0" width="38" height="358" dst_timer="1p_key3_off" loop="-1" condition="!1p_key3_ln_hold_once, 1p_key3_laser_judge_bad_or_worse">
      <dst time="0" x="153" y="-40" width="38" height ="358" alpha="255" />
      <dst time="50" x="172" y="-40" width="0" height ="358" alpha="255" />
    </image>

    <image texture="laser" x="245" y="0" width="30" height="358" dst_timer="1p_key4_off" loop="-1" condition="!1p_key4_ln_hold_once, 1p_key4_laser_judge_bad_or_worse">
      <dst time="0" x="191" y="-40" width="30" height ="358" alpha="255" />
      <dst time="50" x="206" y="-40" width="0" height ="358" alpha="255" />
    </image>

    <image texture="laser" x="207" y="0" width="38" height="358" dst_timer="1p_key5_off" loop="-1" condition="!1p_key5_ln_hold_once, 1p_key5_laser_judge_bad_or_worse">
      <dst time="0" x="221" y="-40" width="38" height ="358" alpha="255" />
      <dst time="50" x="240" y="-40" width="0" height ="358" alpha="255" />
    </image>

    <image texture="laser" x="245" y="0" width="30" height="358" dst_timer="1p_key6_off" loop="-1" condition="!1p_key6_ln_hold_once, 1p_key6_laser_judge_bad_or_worse">
      <dst time="0" x="259" y="-40" width="30" height ="358" alpha="255" />
      <dst time="50" x="274" y="-40" width="0" height ="358" alpha="255" />
    </image>

    <image texture="laser" x="207" y="0" width="38" height="358" dst_timer="1p_key7_off" loop="-1" condition="!1p_key7_ln_hold_once, 1p_key7_laser_judge_bad_or_worse">
      <dst time="0" x="289" y="-40" width="38" height ="358" alpha="255" />
      <dst time="50" x="308" y="-40" width="0" height ="358" alpha="255" />
    </image>

    <image texture="laser" x="245" y="0" width="30" height="358" dst_timer="1p_key8_off" loop="-1" condition="!1p_key8_ln_hold_once, 1p_key8_laser_judge_bad_or_worse">
      <dst time="0" x="327" y="-40" width="30" height ="358" alpha="255" />
      <dst time="50" x="342" y="-40" width="0" height ="358" alpha="255" />
    </image>

    <image texture="laser" x="207" y="0" width="38" height="358" dst_timer="1p_key9_off" loop="-1" condition="!1p_key9_ln_hold_once, 1p_key9_laser_judge_bad_or_worse">
      <dst time="0" x="357" y="-40" width="38" height ="358" alpha="255" />
      <dst time="50" x="376" y="-40" width="0" height ="358" alpha="255" />
    </image>
    
    <!-- barline -->
    <barline side="1" texture="lane" x="344" y="144" width="308" height="1" dst_timer="load_complete" loop="0">
      <dst time="0" x="86" y="323" width="308" height ="1" alpha="255" />
    </barline>

    <!-- notes -->
    <include src="%notes%\obj.xml" />    

    <!-- lanecover -->
    <!-- 1p -->
    <bargraph texture="lane" x="12" y="0" width="320" height="327" dst_timer="load_complete" loop="0" value="1p_lanecover" direction="down" max="100" min="0" img_mode="cut" condition="1p_lanecover_on">
      <dst time="0" x="80" y="0" width="320" height ="327" alpha="255" />
    </bargraph>
    <lanecover side="1" texture="lanecover" x="0" y="0" width="310" height="327" dst_timer="load_complete" loop="0" start_x="85" start_y="-327" end_x="85" end_y="0">
      <dst time="0" x="0" y="0" width="310" height ="327" alpha="255" />
    </lanecover>
    
    <!-- lanecover value -->
    <number texture="common_bg" x="379" y="158" width="77" height="7" div_x="11" div_y="1" dst_timer="lanecover_changed" loop="-1" value="1p_lanecover" align="left" digit="3" condition="lanecover_on">
      <dst time="0" x="413" y="5" width="7" height ="7" alpha="255" />
      <dst time="1000" x="413" y="5" width="7" height ="7" alpha="255" />
    </number>
    <image texture="common_bg" x="360" y="288" width="3" height="3" dst_timer="lanecover_changed" loop="-1" condition="lanecover_on">
      <dst time="0" x="434" y="9" width="3" height ="3" alpha="255" />
      <dst time="1000" x="434" y="9" width="3" height ="3" alpha="255" />
    </image>
    <number texture="common_bg" x="379" y="166" width="77" height="7" div_x="11" div_y="1" dst_timer="lanecover_changed" loop="-1" value="1p_lanecover_point" align="left" digit="2" condition="lanecover_on">
      <dst time="0" x="437" y="5" width="7" height ="7" alpha="255" />
      <dst time="1000" x="437" y="5" width="7" height ="7" alpha="255" />
    </number>
    
    <!-- bomb -->
    <!-- cool -->
    <image texture="bomb" x="0" y="0" width="2896" height="192" div_x="16" div_y="1" cycle="251" div_timer="1p_key1_bomb_pgreat_exclusive" dst_timer="1p_key1_bomb_pgreat_exclusive" blend="additive" filter="linear" loop="-1">
      <dst time="0" x="-1" y="240" width="240" height ="192" alpha="255" />
      <dst time="250" x="-1" y="240" width="240" height ="192" alpha="255" />
    </image>

    <image texture="bomb" x="0" y="0" width="2896" height="192" div_x="16" div_y="1" cycle="251" div_timer="1p_key2_bomb_pgreat_exclusive" dst_timer="1p_key2_bomb_pgreat_exclusive" blend="additive" filter="linear" loop="-1">
      <dst time="0" x="33" y="240" width="240" height ="192" alpha="255" />
      <dst time="250" x="33" y="240" width="240" height ="192" alpha="255" />
    </image>

    <image texture="bomb" x="0" y="0" width="2896" height="192" div_x="16" div_y="1" cycle="251" div_timer="1p_key3_bomb_pgreat_exclusive" dst_timer="1p_key3_bomb_pgreat_exclusive" blend="additive" filter="linear" loop="-1">
      <dst time="0" x="67" y="240" width="240" height ="192" alpha="255" />
      <dst time="250" x="67" y="240" width="240" height ="192" alpha="255" />
    </image>

    <image texture="bomb" x="0" y="0" width="2896" height="192" div_x="16" div_y="1" cycle="251" div_timer="1p_key4_bomb_pgreat_exclusive" dst_timer="1p_key4_bomb_pgreat_exclusive" blend="additive" filter="linear" loop="-1">
      <dst time="0" x="101" y="240" width="240" height ="192" alpha="255" />
      <dst time="250" x="101" y="240" width="240" height ="192" alpha="255" />
    </image>

    <image texture="bomb" x="0" y="0" width="2896" height="192" div_x="16" div_y="1" cycle="251" div_timer="1p_key5_bomb_pgreat_exclusive" dst_timer="1p_key5_bomb_pgreat_exclusive" blend="additive" filter="linear" loop="-1">
      <dst time="0" x="135" y="240" width="240" height ="192" alpha="255" />
      <dst time="250" x="135" y="240" width="240" height ="192" alpha="255" />
    </image>

    <image texture="bomb" x="0" y="0" width="2896" height="192" div_x="16" div_y="1" cycle="251" div_timer="1p_key6_bomb_pgreat_exclusive" dst_timer="1p_key6_bomb_pgreat_exclusive" blend="additive" filter="linear" loop="-1">
      <dst time="0" x="169" y="240" width="240" height ="192" alpha="255" />
      <dst time="250" x="169" y="240" width="240" height ="192" alpha="255" />
    </image>

    <image texture="bomb" x="0" y="0" width="2896" height="192" div_x="16" div_y="1" cycle="251" div_timer="1p_key7_bomb_pgreat_exclusive" dst_timer="1p_key7_bomb_pgreat_exclusive" blend="additive" filter="linear" loop="-1">
      <dst time="0" x="203" y="240" width="240" height ="192" alpha="255" />
      <dst time="250" x="203" y="240" width="240" height ="192" alpha="255" />
    </image>

    <image texture="bomb" x="0" y="0" width="2896" height="192" div_x="16" div_y="1" cycle="251" div_timer="1p_key8_bomb_pgreat_exclusive" dst_timer="1p_key8_bomb_pgreat_exclusive" blend="additive" filter="linear" loop="-1">
      <dst time="0" x="237" y="240" width="240" height ="192" alpha="255" />
      <dst time="250" x="237" y="240" width="240" height ="192" alpha="255" />
    </image>

    <image texture="bomb" x="0" y="0" width="2896" height="192" div_x="16" div_y="1" cycle="251" div_timer="1p_key9_bomb_pgreat_exclusive" dst_timer="1p_key9_bomb_pgreat_exclusive" blend="additive" filter="linear" loop="-1">
      <dst time="0" x="271" y="240" width="240" height ="192" alpha="255" />
      <dst time="250" x="271" y="240" width="240" height ="192" alpha="255" />
    </image>

    <!-- great -->
    <image texture="bomb" x="0" y="0" width="2896" height="192" div_x="16" div_y="1" cycle="251" div_timer="1p_key1_bomb_great_exclusive" dst_timer="1p_key1_bomb_great_exclusive" blend="additive" filter="linear" loop="-1">
      <dst time="0" x="-1" y="240" width="240" height ="192" alpha="255" />
      <dst time="250" x="-1" y="240" width="240" height ="192" alpha="255" />
    </image>

    <image texture="bomb" x="0" y="0" width="2896" height="192" div_x="16" div_y="1" cycle="251" div_timer="1p_key2_bomb_great_exclusive" dst_timer="1p_key2_bomb_great_exclusive" blend="additive" filter="linear" loop="-1">
      <dst time="0" x="33" y="240" width="240" height ="192" alpha="255" />
      <dst time="250" x="33" y="240" width="240" height ="192" alpha="255" />
    </image>

    <image texture="bomb" x="0" y="0" width="2896" height="192" div_x="16" div_y="1" cycle="251" div_timer="1p_key3_bomb_great_exclusive" dst_timer="1p_key3_bomb_great_exclusive" blend="additive" filter="linear" loop="-1">
      <dst time="0" x="67" y="240" width="240" height ="192" alpha="255" />
      <dst time="250" x="67" y="240" width="240" height ="192" alpha="255" />
    </image>

    <image texture="bomb" x="0" y="0" width="2896" height="192" div_x="16" div_y="1" cycle="251" div_timer="1p_key4_bomb_great_exclusive" dst_timer="1p_key4_bomb_great_exclusive" blend="additive" filter="linear" loop="-1">
      <dst time="0" x="101" y="240" width="240" height ="192" alpha="255" />
      <dst time="250" x="101" y="240" width="240" height ="192" alpha="255" />
    </image>

    <image texture="bomb" x="0" y="0" width="2896" height="192" div_x="16" div_y="1" cycle="251" div_timer="1p_key5_bomb_great_exclusive" dst_timer="1p_key5_bomb_great_exclusive" blend="additive" filter="linear" loop="-1">
      <dst time="0" x="135" y="240" width="240" height ="192" alpha="255" />
      <dst time="250" x="135" y="240" width="240" height ="192" alpha="255" />
    </image>

    <image texture="bomb" x="0" y="0" width="2896" height="192" div_x="16" div_y="1" cycle="251" div_timer="1p_key6_bomb_great_exclusive" dst_timer="1p_key6_bomb_great_exclusive" blend="additive" filter="linear" loop="-1">
      <dst time="0" x="169" y="240" width="240" height ="192" alpha="255" />
      <dst time="250" x="169" y="240" width="240" height ="192" alpha="255" />
    </image>

    <image texture="bomb" x="0" y="0" width="2896" height="192" div_x="16" div_y="1" cycle="251" div_timer="1p_key7_bomb_great_exclusive" dst_timer="1p_key7_bomb_great_exclusive" blend="additive" filter="linear" loop="-1">
      <dst time="0" x="203" y="240" width="240" height ="192" alpha="255" />
      <dst time="250" x="203" y="240" width="240" height ="192" alpha="255" />
    </image>

    <image texture="bomb" x="0" y="0" width="2896" height="192" div_x="16" div_y="1" cycle="251" div_timer="1p_key8_bomb_great_exclusive" dst_timer="1p_key8_bomb_great_exclusive" blend="additive" filter="linear" loop="-1">
      <dst time="0" x="237" y="240" width="240" height ="192" alpha="255" />
      <dst time="250" x="237" y="240" width="240" height ="192" alpha="255" />
    </image>

    <image texture="bomb" x="0" y="0" width="2896" height="192" div_x="16" div_y="1" cycle="251" div_timer="1p_key9_bomb_great_exclusive" dst_timer="1p_key9_bomb_great_exclusive" blend="additive" filter="linear" loop="-1">
      <dst time="0" x="271" y="240" width="240" height ="192" alpha="255" />
      <dst time="250" x="271" y="240" width="240" height ="192" alpha="255" />
    </image>

    <!-- good -->
    <image texture="bomb" x="0" y="576" width="2896" height="192" div_x="16" div_y="1" cycle="251" div_timer="1p_key1_bomb_good_exclusive" dst_timer="1p_key1_bomb_good_exclusive" blend="additive" filter="linear" loop="-1">
      <dst time="0" x="-1" y="240" width="240" height ="192" alpha="255" />
      <dst time="250" x="-1" y="240" width="240" height ="192" alpha="255" />
    </image>

    <image texture="bomb" x="0" y="576" width="2896" height="192" div_x="16" div_y="1" cycle="251" div_timer="1p_key2_bomb_good_exclusive" dst_timer="1p_key2_bomb_good_exclusive" blend="additive" filter="linear" loop="-1">
      <dst time="0" x="33" y="240" width="240" height ="192" alpha="255" />
      <dst time="250" x="33" y="240" width="240" height ="192" alpha="255" />
    </image>

    <image texture="bomb" x="0" y="576" width="2896" height="192" div_x="16" div_y="1" cycle="251" div_timer="1p_key3_bomb_good_exclusive" dst_timer="1p_key3_bomb_good_exclusive" blend="additive" filter="linear" loop="-1">
      <dst time="0" x="67" y="240" width="240" height ="192" alpha="255" />
      <dst time="250" x="67" y="240" width="240" height ="192" alpha="255" />
    </image>

    <image texture="bomb" x="0" y="576" width="2896" height="192" div_x="16" div_y="1" cycle="251" div_timer="1p_key4_bomb_good_exclusive" dst_timer="1p_key4_bomb_good_exclusive" blend="additive" filter="linear" loop="-1">
      <dst time="0" x="101" y="240" width="240" height ="192" alpha="255" />
      <dst time="250" x="101" y="240" width="240" height ="192" alpha="255" />
    </image>

    <image texture="bomb" x="0" y="576" width="2896" height="192" div_x="16" div_y="1" cycle="251" div_timer="1p_key5_bomb_good_exclusive" dst_timer="1p_key5_bomb_good_exclusive" blend="additive" filter="linear" loop="-1">
      <dst time="0" x="135" y="240" width="240" height ="192" alpha="255" />
      <dst time="250" x="135" y="240" width="240" height ="192" alpha="255" />
    </image>

    <image texture="bomb" x="0" y="576" width="2896" height="192" div_x="16" div_y="1" cycle="251" div_timer="1p_key6_bomb_good_exclusive" dst_timer="1p_key6_bomb_good_exclusive" blend="additive" filter="linear" loop="-1">
      <dst time="0" x="169" y="240" width="240" height ="192" alpha="255" />
      <dst time="250" x="169" y="240" width="240" height ="192" alpha="255" />
    </image>

    <image texture="bomb" x="0" y="576" width="2896" height="192" div_x="16" div_y="1" cycle="251" div_timer="1p_key7_bomb_good_exclusive" dst_timer="1p_key7_bomb_good_exclusive" blend="additive" filter="linear" loop="-1">
      <dst time="0" x="203" y="240" width="240" height ="192" alpha="255" />
      <dst time="250" x="203" y="240" width="240" height ="192" alpha="255" />
    </image>

    <image texture="bomb" x="0" y="576" width="2896" height="192" div_x="16" div_y="1" cycle="251" div_timer="1p_key8_bomb_good_exclusive" dst_timer="1p_key8_bomb_good_exclusive" blend="additive" filter="linear" loop="-1">
      <dst time="0" x="237" y="240" width="240" height ="192" alpha="255" />
      <dst time="250" x="237" y="240" width="240" height ="192" alpha="255" />
    </image>

    <image texture="bomb" x="0" y="576" width="2896" height="192" div_x="16" div_y="1" cycle="251" div_timer="1p_key9_bomb_good_exclusive" dst_timer="1p_key9_bomb_good_exclusive" blend="additive" filter="linear" loop="-1">
      <dst time="0" x="271" y="240" width="240" height ="192" alpha="255" />
      <dst time="250" x="271" y="240" width="240" height ="192" alpha="255" />
    </image>

    <!-- longnote bomb -->
    <image texture="bomb" x="0" y="192" width="1448" height="192" div_x="8" div_y="1" cycle="160" div_timer="1p_key1_ln_holding" dst_timer="1p_key1_ln_holding" blend="additive" filter="linear" loop="0">
      <dst time="0" x="-1" y="240" width="240" height ="192" alpha="255" />
    </image>

    <image texture="bomb" x="0" y="192" width="1448" height="192" div_x="8" div_y="1" cycle="160" div_timer="1p_key2_ln_holding" dst_timer="1p_key2_ln_holding" blend="additive" filter="linear" loop="0">
      <dst time="0" x="33" y="240" width="240" height ="192" alpha="255" />
    </image>

    <image texture="bomb" x="0" y="192" width="1448" height="192" div_x="8" div_y="1" cycle="160" div_timer="1p_key3_ln_holding" dst_timer="1p_key3_ln_holding" blend="additive" filter="linear" loop="0">
      <dst time="0" x="67" y="240" width="240" height ="192" alpha="255" />
    </image>

    <image texture="bomb" x="0" y="192" width="1448" height="192" div_x="8" div_y="1" cycle="160" div_timer="1p_key4_ln_holding" dst_timer="1p_key4_ln_holding" blend="additive" filter="linear" loop="0">
      <dst time="0" x="101" y="240" width="240" height ="192" alpha="255" />
    </image>

    <image texture="bomb" x="0" y="192" width="1448" height="192" div_x="8" div_y="1" cycle="160" div_timer="1p_key5_ln_holding" dst_timer="1p_key5_ln_holding" blend="additive" filter="linear" loop="0">
      <dst time="0" x="135" y="240" width="240" height ="192" alpha="255" />
    </image>

    <image texture="bomb" x="0" y="192" width="1448" height="192" div_x="8" div_y="1" cycle="160" div_timer="1p_key6_ln_holding" dst_timer="1p_key6_ln_holding" blend="additive" filter="linear" loop="0">
      <dst time="0" x="169" y="240" width="240" height ="192" alpha="255" />
    </image>

    <image texture="bomb" x="0" y="192" width="1448" height="192" div_x="8" div_y="1" cycle="160" div_timer="1p_key7_ln_holding" dst_timer="1p_key7_ln_holding" blend="additive" filter="linear" loop="0">
      <dst time="0" x="203" y="240" width="240" height ="192" alpha="255" />
    </image>

    <image texture="bomb" x="0" y="192" width="1448" height="192" div_x="8" div_y="1" cycle="160" div_timer="1p_key8_ln_holding" dst_timer="1p_key8_ln_holding" blend="additive" filter="linear" loop="0">
      <dst time="0" x="237" y="240" width="240" height ="192" alpha="255" />
    </image>

    <image texture="bomb" x="0" y="192" width="1448" height="192" div_x="8" div_y="1" cycle="160" div_timer="1p_key9_ln_holding" dst_timer="1p_key9_ln_holding" blend="additive" filter="linear" loop="0">
      <dst time="0" x="271" y="240" width="240" height ="192" alpha="255" />
    </image>

    
    <!-- judge -->
    <!-- cool -->
    <image texture="judge" x="1" y="20" width="98" height="19" dst_timer="1p_judge_left" loop="-1" condition="1p_judge_left_pgreat, !gauge_100">
      <dst time="0" x="89" y="253" width="98" height ="19" alpha="255" />
      <dst time="500" x="89" y="253" width="98" height ="19" alpha="0" />
    </image>

    <image texture="judge" x="1" y="20" width="98" height="19" dst_timer="1p_judge_center" loop="-1" condition="1p_judge_center_pgreat, !gauge_100">
      <dst time="0" x="191" y="253" width="98" height ="19" alpha="255" />
      <dst time="500" x="191" y="253" width="98" height ="19" alpha="0" />
    </image>

    <image texture="judge" x="1" y="20" width="98" height="19" dst_timer="1p_judge_right" loop="-1" condition="1p_judge_right_pgreat, !gauge_100">
      <dst time="0" x="293" y="253" width="98" height ="19" alpha="255" />
      <dst time="500" x="293" y="253" width="98" height ="19" alpha="0" />
    </image>

    <!-- gaugemax cool -->
    <image texture="judge" x="1" y="1" width="98" height="19" dst_timer="1p_judge_left" loop="-1" condition="1p_judge_left_pgreat, gauge_100">
      <dst time="0" x="89" y="253" width="98" height ="19" alpha="255" />
      <dst time="500" x="89" y="253" width="98" height ="19" alpha="0" />
    </image>

    <image texture="judge" x="1" y="1" width="98" height="19" dst_timer="1p_judge_center" loop="-1" condition="1p_judge_center_pgreat, gauge_100">
      <dst time="0" x="191" y="253" width="98" height ="19" alpha="255" />
      <dst time="500" x="191" y="253" width="98" height ="19" alpha="0" />
    </image>

    <image texture="judge" x="1" y="1" width="98" height="19" dst_timer="1p_judge_right" loop="-1" condition="1p_judge_right_pgreat, gauge_100">
      <dst time="0" x="293" y="253" width="98" height ="19" alpha="255" />
      <dst time="500" x="293" y="253" width="98" height ="19" alpha="0" />
    </image>

    <!-- great -->
    <image texture="judge" x="1" y="39" width="98" height="19" dst_timer="1p_judge_left" loop="-1" condition="1p_judge_left_great">
      <dst time="0" x="89" y="253" width="98" height ="19" alpha="255" />
      <dst time="500" x="89" y="253" width="98" height ="19" alpha="0" />
    </image>

    <image texture="judge" x="1" y="39" width="98" height="19" dst_timer="1p_judge_center" loop="-1" condition="1p_judge_center_great">
      <dst time="0" x="191" y="253" width="98" height ="19" alpha="255" />
      <dst time="500" x="191" y="253" width="98" height ="19" alpha="0" />
    </image>

    <image texture="judge" x="1" y="39" width="98" height="19" dst_timer="1p_judge_right" loop="-1" condition="1p_judge_right_great">
      <dst time="0" x="293" y="253" width="98" height ="19" alpha="255" />
      <dst time="500" x="293" y="253" width="98" height ="19" alpha="0" />
    </image>

    <!-- good -->
    <image texture="judge" x="1" y="58" width="98" height="19" dst_timer="1p_judge_left" loop="-1" condition="1p_judge_left_good">
      <dst time="0" x="89" y="253" width="98" height ="19" alpha="255" />
      <dst time="500" x="89" y="253" width="98" height ="19" alpha="0" />
    </image>

    <image texture="judge" x="1" y="58" width="98" height="19" dst_timer="1p_judge_center" loop="-1" condition="1p_judge_center_good">
      <dst time="0" x="191" y="253" width="98" height ="19" alpha="255" />
      <dst time="500" x="191" y="253" width="98" height ="19" alpha="0" />
    </image>

    <image texture="judge" x="1" y="58" width="98" height="19" dst_timer="1p_judge_right" loop="-1" condition="1p_judge_right_good">
      <dst time="0" x="293" y="253" width="98" height ="19" alpha="255" />
      <dst time="500" x="293" y="253" width="98" height ="19" alpha="0" />
    </image>

    <!-- bad -->
    <image texture="judge" x="1" y="77" width="98" height="19" dst_timer="1p_judge_left" loop="-1" condition="1p_judge_left_bad">
      <dst time="0" x="89" y="253" width="98" height ="19" alpha="255" />
      <dst time="500" x="89" y="253" width="98" height ="19" alpha="0" />
    </image>

    <image texture="judge" x="1" y="77" width="98" height="19" dst_timer="1p_judge_center" loop="-1" condition="1p_judge_center_bad">
      <dst time="0" x="191" y="253" width="98" height ="19" alpha="255" />
      <dst time="500" x="191" y="253" width="98" height ="19" alpha="0" />
    </image>

    <image texture="judge" x="1" y="77" width="98" height="19" dst_timer="1p_judge_right" loop="-1" condition="1p_judge_right_bad">
      <dst time="0" x="293" y="253" width="98" height ="19" alpha="255" />
      <dst time="500" x="293" y="253" width="98" height ="19" alpha="0" />
    </image>

    <!-- poor -->
    <image texture="judge" x="1" y="96" width="98" height="19" dst_timer="1p_judge_left" loop="-1" condition="1p_judge_left_poor">
      <dst time="0" x="89" y="253" width="98" height ="19" alpha="255" />
      <dst time="500" x="89" y="253" width="98" height ="19" alpha="0" />
    </image>

    <image texture="judge" x="1" y="96" width="98" height="19" dst_timer="1p_judge_center" loop="-1" condition="1p_judge_center_poor">
      <dst time="0" x="191" y="253" width="98" height ="19" alpha="255" />
      <dst time="500" x="191" y="253" width="98" height ="19" alpha="0" />
    </image>

    <image texture="judge" x="1" y="96" width="98" height="19" dst_timer="1p_judge_right" loop="-1" condition="1p_judge_right_poor">
      <dst time="0" x="293" y="253" width="98" height ="19" alpha="255" />
      <dst time="500" x="293" y="253" width="98" height ="19" alpha="0" />
    </image>
    
    <!-- judge_ln -->
    <!-- cool -->
    <image texture="judge" x="1" y="20" width="98" height="19" dst_timer="1p_ln_judge_left" loop="-1" condition="1p_judge_left_pgreat, !gauge_100">
      <dst time="0" x="89" y="253" width="98" height ="19" alpha="255" />
      <dst time="500" x="89" y="253" width="98" height ="19" alpha="0" />
    </image>

    <image texture="judge" x="1" y="20" width="98" height="19" dst_timer="1p_ln_judge_center" loop="-1" condition="1p_judge_center_pgreat, !gauge_100">
      <dst time="0" x="191" y="253" width="98" height ="19" alpha="255" />
      <dst time="500" x="191" y="253" width="98" height ="19" alpha="0" />
    </image>

    <image texture="judge" x="1" y="20" width="98" height="19" dst_timer="1p_ln_judge_right" loop="-1" condition="1p_judge_right_pgreat, !gauge_100">
      <dst time="0" x="293" y="253" width="98" height ="19" alpha="255" />
      <dst time="500" x="293" y="253" width="98" height ="19" alpha="0" />
    </image>

    <!-- gaugemax cool -->
    <image texture="judge" x="1" y="1" width="98" height="19" dst_timer="1p_ln_judge_left" loop="-1" condition="1p_judge_left_pgreat, gauge_100">
      <dst time="0" x="89" y="253" width="98" height ="19" alpha="255" />
      <dst time="500" x="89" y="253" width="98" height ="19" alpha="0" />
    </image>

    <image texture="judge" x="1" y="1" width="98" height="19" dst_timer="1p_ln_judge_center" loop="-1" condition="1p_judge_center_pgreat, gauge_100">
      <dst time="0" x="191" y="253" width="98" height ="19" alpha="255" />
      <dst time="500" x="191" y="253" width="98" height ="19" alpha="0" />
    </image>

    <image texture="judge" x="1" y="1" width="98" height="19" dst_timer="1p_ln_judge_right" loop="-1" condition="1p_judge_right_pgreat, gauge_100">
      <dst time="0" x="293" y="253" width="98" height ="19" alpha="255" />
      <dst time="500" x="293" y="253" width="98" height ="19" alpha="0" />
    </image>

    <!-- great -->
    <image texture="judge" x="1" y="39" width="98" height="19" dst_timer="1p_ln_judge_left" loop="-1" condition="1p_judge_left_great">
      <dst time="0" x="89" y="253" width="98" height ="19" alpha="255" />
      <dst time="500" x="89" y="253" width="98" height ="19" alpha="0" />
    </image>

    <image texture="judge" x="1" y="39" width="98" height="19" dst_timer="1p_ln_judge_center" loop="-1" condition="1p_judge_center_great">
      <dst time="0" x="191" y="253" width="98" height ="19" alpha="255" />
      <dst time="500" x="191" y="253" width="98" height ="19" alpha="0" />
    </image>

    <image texture="judge" x="1" y="39" width="98" height="19" dst_timer="1p_ln_judge_right" loop="-1" condition="1p_judge_right_great">
      <dst time="0" x="293" y="253" width="98" height ="19" alpha="255" />
      <dst time="500" x="293" y="253" width="98" height ="19" alpha="0" />
    </image>

    <!-- good -->
    <image texture="judge" x="1" y="58" width="98" height="19" dst_timer="1p_ln_judge_left" loop="-1" condition="1p_judge_left_good">
      <dst time="0" x="89" y="253" width="98" height ="19" alpha="255" />
      <dst time="500" x="89" y="253" width="98" height ="19" alpha="0" />
    </image>

    <image texture="judge" x="1" y="58" width="98" height="19" dst_timer="1p_ln_judge_center" loop="-1" condition="1p_judge_center_good">
      <dst time="0" x="191" y="253" width="98" height ="19" alpha="255" />
      <dst time="500" x="191" y="253" width="98" height ="19" alpha="0" />
    </image>

    <image texture="judge" x="1" y="58" width="98" height="19" dst_timer="1p_ln_judge_right" loop="-1" condition="1p_judge_right_good">
      <dst time="0" x="293" y="253" width="98" height ="19" alpha="255" />
      <dst time="500" x="293" y="253" width="98" height ="19" alpha="0" />
    </image>

    <!-- bad -->
    <image texture="judge" x="1" y="77" width="98" height="19" dst_timer="1p_ln_judge_left" loop="-1" condition="1p_judge_left_bad">
      <dst time="0" x="89" y="253" width="98" height ="19" alpha="255" />
      <dst time="500" x="89" y="253" width="98" height ="19" alpha="0" />
    </image>

    <image texture="judge" x="1" y="77" width="98" height="19" dst_timer="1p_ln_judge_center" loop="-1" condition="1p_judge_center_bad">
      <dst time="0" x="191" y="253" width="98" height ="19" alpha="255" />
      <dst time="500" x="191" y="253" width="98" height ="19" alpha="0" />
    </image>

    <image texture="judge" x="1" y="77" width="98" height="19" dst_timer="1p_ln_judge_right" loop="-1" condition="1p_judge_right_bad">
      <dst time="0" x="293" y="253" width="98" height ="19" alpha="255" />
      <dst time="500" x="293" y="253" width="98" height ="19" alpha="0" />
    </image>

    <!-- poor -->
    <image texture="judge" x="1" y="96" width="98" height="19" dst_timer="1p_ln_judge_left" loop="-1" condition="1p_judge_left_poor">
      <dst time="0" x="89" y="253" width="98" height ="19" alpha="255" />
      <dst time="500" x="89" y="253" width="98" height ="19" alpha="0" />
    </image>

    <image texture="judge" x="1" y="96" width="98" height="19" dst_timer="1p_ln_judge_center" loop="-1" condition="1p_judge_center_poor">
      <dst time="0" x="191" y="253" width="98" height ="19" alpha="255" />
      <dst time="500" x="191" y="253" width="98" height ="19" alpha="0" />
    </image>

    <image texture="judge" x="1" y="96" width="98" height="19" dst_timer="1p_ln_judge_right" loop="-1" condition="1p_judge_right_poor">
      <dst time="0" x="293" y="253" width="98" height ="19" alpha="255" />
      <dst time="500" x="293" y="253" width="98" height ="19" alpha="0" />
    </image>
    
    <!-- combo -->
    <number texture="judge" x="100" y="45" width="160" height="19" div_x="10" div_y="1" dst_timer="1p_judge_left" loop="-1" value="1p_combo_count" align="center" digit="7" condition="1p_last_judged_left, 1p_judge_left_good_or_better">
      <dst time="0" x="82" y="273" width="16" height ="19" alpha="255" />
      <dst time="500" x="82" y="273" width="16" height ="19" alpha="0" />
    </number>

    <number texture="judge" x="100" y="45" width="160" height="19" div_x="10" div_y="1" dst_timer="1p_judge_center" loop="-1" value="1p_combo_count" align="center" digit="7" condition="1p_last_judged_center, 1p_judge_center_good_or_better">
      <dst time="0" x="184" y="273" width="16" height ="19" alpha="255" />
      <dst time="500" x="184" y="273" width="16" height ="19" alpha="0" />
    </number>

    <number texture="judge" x="100" y="45" width="160" height="19" div_x="10" div_y="1" dst_timer="1p_judge_right" loop="-1" value="1p_combo_count" align="center" digit="7" condition="1p_last_judged_right, 1p_judge_right_good_or_better">
      <dst time="0" x="286" y="273" width="16" height ="19" alpha="255" />
      <dst time="500" x="286" y="273" width="16" height ="19" alpha="0" />
    </number>

    <!-- combo_ln -->
    <number texture="judge" x="100" y="45" width="160" height="19" div_x="10" div_y="1" dst_timer="1p_ln_judge_left" loop="-1" value="1p_combo_count" align="center" digit="7" condition="1p_last_judged_left, 1p_judge_left_good_or_better">
      <dst time="0" x="82" y="273" width="16" height ="19" alpha="255" />
      <dst time="500" x="82" y="273" width="16" height ="19" alpha="0" />
    </number>

    <number texture="judge" x="100" y="45" width="160" height="19" div_x="10" div_y="1" dst_timer="1p_ln_judge_center" loop="-1" value="1p_combo_count" align="center" digit="7" condition="1p_last_judged_center, 1p_judge_center_good_or_better">
      <dst time="0" x="184" y="273" width="16" height ="19" alpha="255" />
      <dst time="500" x="184" y="273" width="16" height ="19" alpha="0" />
    </number>

    <number texture="judge" x="100" y="45" width="160" height="19" div_x="10" div_y="1" dst_timer="1p_ln_judge_right" loop="-1" value="1p_combo_count" align="center" digit="7" condition="1p_last_judged_right, 1p_judge_right_good_or_better">
      <dst time="0" x="286" y="273" width="16" height ="19" alpha="255" />
      <dst time="500" x="286" y="273" width="16" height ="19" alpha="0" />
    </number>

    <!-- lane_note_count -->
    <number texture="common_bg" x="379" y="158" width="70" height="7" div_x="10" div_y="1" dst_timer="load_complete" loop="0" value="1p_key1_note_count" align="center" digit="5" condition="display_note_count, autoplay">
      <dst time="0" x="86" y="348" width="7" height ="7" alpha="255" />
    </number>
    <number texture="common_bg" x="379" y="158" width="70" height="7" div_x="10" div_y="1" dst_timer="load_complete" loop="0" value="1p_key2_note_count" align="center" digit="5" condition="display_note_count, autoplay">
      <dst time="0" x="120" y="339" width="7" height ="7" alpha="255" />
    </number>
    <number texture="common_bg" x="379" y="158" width="70" height="7" div_x="10" div_y="1" dst_timer="load_complete" loop="0" value="1p_key3_note_count" align="center" digit="5" condition="display_note_count, autoplay">
      <dst time="0" x="154" y="348" width="7" height ="7" alpha="255" />
    </number>
    <number texture="common_bg" x="379" y="158" width="70" height="7" div_x="10" div_y="1" dst_timer="load_complete" loop="0" value="1p_key4_note_count" align="center" digit="5" condition="display_note_count, autoplay">
      <dst time="0" x="188" y="339" width="7" height ="7" alpha="255" />
    </number>
    <number texture="common_bg" x="379" y="158" width="70" height="7" div_x="10" div_y="1" dst_timer="load_complete" loop="0" value="1p_key5_note_count" align="center" digit="5" condition="display_note_count, autoplay">
      <dst time="0" x="222" y="348" width="7" height ="7" alpha="255" />
    </number>
    <number texture="common_bg" x="379" y="158" width="70" height="7" div_x="10" div_y="1" dst_timer="load_complete" loop="0" value="1p_key6_note_count" align="center" digit="5" condition="display_note_count, autoplay">
      <dst time="0" x="256" y="339" width="7" height ="7" alpha="255" />
    </number>
    <number texture="common_bg" x="379" y="158" width="70" height="7" div_x="10" div_y="1" dst_timer="load_complete" loop="0" value="1p_key7_note_count" align="center" digit="5" condition="display_note_count, autoplay">
      <dst time="0" x="290" y="348" width="7" height ="7" alpha="255" />
    </number>
    <number texture="common_bg" x="379" y="158" width="70" height="7" div_x="10" div_y="1" dst_timer="load_complete" loop="0" value="1p_key8_note_count" align="center" digit="5" condition="display_note_count, autoplay">
      <dst time="0" x="324" y="339" width="7" height ="7" alpha="255" />
    </number>
    <number texture="common_bg" x="379" y="158" width="70" height="7" div_x="10" div_y="1" dst_timer="load_complete" loop="0" value="1p_key9_note_count" align="center" digit="5" condition="display_note_count, autoplay">
      <dst time="0" x="358" y="348" width="7" height ="7" alpha="255" />
    </number>

    
    <!-- common_parts -->
    <include src="common.xml" />
  </body>
</skin>
