﻿<?xml version="1.0" encoding="utf-8" ?>
<skin type="preload">
  <head>
    <title>mBMplay Default Preload</title>
    <version>2.00</version>
    <author>misty.ls04</author>
    
  </head>
  <body>
    <texture id="load" src="img_common\load.png" />
    <texture id="num" src="img_common\num.png" />
    <texture id="common_bg" src="img_common\common_bg.png" />
    
    <font id="version" src="font\version\version.mafufont" />
    
    <!-- bg -->
    <image texture="load" x="0" y="0" width="800" height="480" dst_timer="scene_start" loop="0">
      <dst time="0" x="0" y="0" width="800" height ="480" alpha="255" />
    </image>
    <!-- version -->
    <text font="version" value="version" align="center" overflow="visible" dst_timer="scene_start" loop="0" filter="linear">
      <dst time="0" x="400" y="210" width="200" height ="17" alpha="255" />
    </text>
    <!-- message -->
    <image texture="load" x="0" y="504" width="456" height="78" dst_timer="scene_start" loop="0" condition="enable_open_file_dialog">
      <dst time="0" x="171" y="301" width="456" height ="78" alpha="255" />
    </image>
    <image texture="load" x="0" y="504" width="456" height="25" dst_timer="scene_start" loop="0" condition="!enable_open_file_dialog">
      <dst time="0" x="171" y="328" width="456" height ="25" alpha="255" />
    </image>
    <!-- fps -->
    <image texture="common_bg" x="491" y="150" width="21" height="7" dst_timer="scene_start" loop="0" condition="display_fps">
      <dst time="0" x="1" y="1" width="21" height ="7" alpha="255" />
    </image>
    <number texture="common_bg" x="379" y="158" width="77" height="7" div_x="11" div_y="1" dst_timer="scene_start" loop="0" value="fps" align="left" digit="5" condition="display_fps">
      <dst time="0" x="23" y="1" width="7" height ="7" alpha="255" />
    </number>
    <!-- ups -->
    <image texture="common_bg" x="513" y="150" width="27" height="7" dst_timer="scene_start" loop="0" condition="display_fps">
      <dst time="0" x="59" y="1" width="27" height ="7" alpha="255" />
    </image>
    <number texture="common_bg" x="379" y="158" width="77" height="7" div_x="11" div_y="1" dst_timer="scene_start" loop="0" value="ups" align="left" digit="5" condition="display_fps">
      <dst time="0" x="87" y="1" width="7" height ="7" alpha="255" />
    </number>
  </body>
</skin>
