{
  "format_version": "1.8.0",
  "minecraft:entity": {
    "description": {
      "identifier": "wb:ball_headless_guard_a",
      "is_spawnable": false,
      "is_summonable": true,
      "is_experimental": false,
      "runtime_identifier": "wb:ball_headless_guard_a"
    },
    "component_groups": {
      "boom": {
        "minecraft:explode": {
          "fuseLength": 0,
          "fuseLit": true,
          "breaks_blocks": false,
          "power": 0,
          "causesFire": true,
          "fireAffectedByGriefing": true,
          "destroyAffectedByGriefing": true
        }
      }
    },
    "components": {
      "minecraft:behavior.knockback_roar": {
        "priority": 0,
        "duration": 1.5,
        "attack_time": 0.5,
        "knockback_damage": 40,
        "knockback_strength": 2,
        "knockback_range": 10,
        "knockback_filters": {
          "test": "is_family",
          "subject": "other",
          "operator": "!=",
          "value": "magic"
        },
        "damage_filters": {
          "test": "is_family",
          "subject": "other",
          "operator": "!=",
          "value": "magic"
        },
        "on_roar_end": {
          "event": "boom"
        },
        "cooldown_time": 1.2
      },
      "minecraft:knockback_resistance": {
        "value": 1
      },
      "minecraft:breathable": {
        "totalSupply": 15,
        "suffocateTime": 0
      },
      "minecraft:navigation.walk": {
        "can_path_over_water": true,
        "avoid_water": true,
        "avoid_damage_blocks": true
      },
      "minecraft:movement.basic": {},
      "minecraft:jump.static": {},
      "minecraft:can_climb": {},
      "minecraft:collision_box": {
        "width": 0.1,
        "height": 0.1
      },
      "minecraft:nameable": {},
      "minecraft:health": {
        "value": 10000,
        "max": 10000
      },
      "minecraft:movement": {
        "value": 0
      },
      "minecraft:behavior.float": {
        "priority": 0
      },
      "minecraft:behavior.random_stroll": {
        "priority": 6,
        "speed_multiplier": 0.8
      },
      "minecraft:behavior.look_at_player": {
        "priority": 7,
        "look_distance": 6,
        "probability": 0.02
      },
      "minecraft:behavior.random_look_around": {
        "priority": 9
      },
      "minecraft:balloonable": {}
    },
    "events": {
      "boom": {
        "add": {
          "component_groups": [
            "boom"
          ]
        }
      }
    }
  }
}