{
  "format_version": "1.11.0",
  "minecraft:entity": {
    "description": {
      "identifier": "wb:shadow_intentions_second",
      "is_spawnable": false,
      "is_summonable": true,
      "is_experimental": false,
      "runtime_identifier": "wb:shadow_intentions_second"
    },
    "component_groups": {},
    "components": {
      "minecraft:explode": {
        "fuseLength": 8,
        "fuseLit": true,
        "breaks_blocks": false,
        "power": 0,
        "causesFire": true,
        "fireAffectedByGriefing": true,
        "destroyAffectedByGriefing": true
      },
      "minecraft:shooter": {
        "def": "wb:ball_intentions_first_gas"
      },
      "minecraft:behavior.ranged_attack": {
        "priority": 4,
        "attack_interval_min": 2,
        "attack_interval_max": 2.5,
        "attack_radius": 64
      },
      "minecraft:damage_sensor": [
        {
          "cause": "all",
          "deals_damage": false
        }
      ],
      "minecraft:fire_immune": true,
      "minecraft:type_family": {
        "family": [
          "moster",
          "play_intentions"
        ]
      },
      "minecraft:scale": {
        "value": 1
      },
      "minecraft:collision_box": {
        "width": 0.9,
        "height": 1.8
      },
      "minecraft:health": {
        "value": 50,
        "max": 50
      },
      "minecraft:movement": {
        "value": 0.23
      },
      "minecraft:navigation.walk": {},
      "minecraft:movement.basic": {},
      "minecraft:jump.static": {},
      "minecraft:can_climb": {},
      "minecraft:attack": {
        "damage": 25
      },
      "minecraft:behavior.random_stroll": {
        "priority": 6,
        "speed_multiplier": 1,
        "xz_dist": 16
      },
      "minecraft:behavior.look_at_player": {
        "priority": 7,
        "look_distance": 6,
        "probability": 0.02
      },
      "minecraft:behavior.random_look_around": {
        "priority": 8
      },
      "minecraft:behavior.nearest_attackable_target": {
        "priority": 3,
        "reselect_targets": true,
        "entity_types": [
          {
            "filters": {
              "all_of": [
                {
                  "test": "is_family",
                  "operator": "!=",
                  "subject": "other",
                  "value": "play_intentions"
                }
              ]
            },
            "within_default": 64
          }
        ],
        "must_see": true,
        "must_reach": true
      },
      "minecraft:behavior.hurt_by_target": {
        "priority": 2
      },
      "minecraft:physics": {},
      "minecraft:follow_range": {
        "value": 64
      }
    },
    "events": {}
  }
}