{
	"format_version" : "1.8.0",
	"animations" : {
	    "animation.originking.ex.ly":{
	        "loop":true,
	        "animation_length":999,
	        "bones":{
	            "xb":{
	                "scale":{
	                    "0.0":[0,0,0],
	                    "1.5":[80,80,80],
	                    "999":[80,80,80]
	                }
	            }
	        }
	    },
	    "animation.originking.end.reset": {
			"animation_length": 1.12,
			"loop":false,
			"bones": {
				"bodyx": {
					"rotation": {
						"0.0": [0, 0, 0],
						"0.5667": [-50, 0, 0],
						"1.0333": [20, 0, 0],
						"1.0833": [20, 0, 0]
					}
				},
				"leftArmx": {
					"rotation": {
						"0.0": [0, 0, 0],
						"0.5667": [-90, 25, 0],
						"1.0333": [-45, 20, 0]
					}
				},
				"leftArm2x": {
					"rotation": {
						"0.0": [0, 0, 0],
						"0.5667": [-30, 0, 35],
						"1.0333": [-15, 0, 15],
						"1.0833": [-15, 0, 10]
					}
				},
				"rightArmx": {
					"rotation": {
						"0.0": [0, 0, 0],
						"0.5667": [-90, 0, 0],
						"1.0333": [-50, 0, 0]
					}
				},
				"rightArm2x": {
					"rotation": {
						"0.0": [0, 0, 0],
						"0.5667": [-30, 0, 0],
						"1.0333": [-5, 0, 0]
					}
				},
				"leftLegx": {
					"rotation": {
						"0.0": [0, 0, 0],
						"0.5667": [20, 0, 0],
						"1.1167": [23.97, 7.43, -0.82]
					},
					"position": [0, 0, 0]
				},
				"leftLeg2x": {
					"rotation": {
						"0.0": [0, 0, 0],
						"0.5667": [10, 0, 0],
						"1.1167": [7.14, -6.41, 3.57]
					}
				},
				"rightLegx": {
					"rotation": {
						"0.0": [0, 0, 0],
						"0.5667": [-30, 0, 0],
						"1.0833": [-55, 0, 0]
					},
					"position": {
						"0.0": [-1, 0, 0],
						"1.0833": [0, -2, 0]
					}
				},
				"rightLeg2x": {
					"rotation": {
						"0.0": [0, 0, 0],
						"0.5667": [25, 0, 0],
						"1.0833": [55, 0, 0]
					}
				},
				"front": {
					"rotation": {
						"0.0": [0, 0, 0],
						"0.5667": [0, 0, 0]
					},
					"scale": [0, 8.3, 1]
				}
			}
		},
		"animation.originking.ex.attack": {
			"animation_length": 1.8,
			"loop":true,
			"bones": {
				"bodyx": {
					"rotation": {
						"0.0": [0, 0, 0],
						"0.6": [-10, 0, 0],
						"1.0": [15, 0, 40],
						"1.4": [15, 0, 40],
						"1.8": [0, 0, 0]
					},
					"position": {
						"0.0": [0, 0, 0],
						"1.8": [0, 0, 0]
					},
					"scale": {
						"0.0": [1, 1, 1],
						"1.8": [1, 1, 1]
					}
				},
				"leftArmx": {
					"rotation": {
						"0.0": [0, 0, 0],
						"0.6": [-40, 20, 50],
						"1.0": [-57.43, -119.5, -1.03],
						"1.4": [-57.43, -119.5, -1.03],
						"1.8": [0, 0, 0]
					},
					"position": {
						"0.0": [0, 0, 0],
						"0.6": [0, 0, 0],
						"1.0": [0, 0, 0],
						"1.8": [0, 0, 0]
					},
					"scale": {
						"0.0": [1, 1, 1],
						"0.6": [1, 1, 1],
						"1.0": [1, 1, 1],
						"1.8": [1, 1, 1]
					}
				},
				"leftArm2x": {
					"rotation": {
						"0.0": [0, 0, 0],
						"0.6": [-5, -20, 35],
						"1.0": [5, -10, 20],
						"1.4": [5, -10, 20],
						"1.8": [0, 0, 0]
					},
					"position": {
						"0.0": [0, 0, 0],
						"1.8": [0, 0, 0]
					},
					"scale": {
						"0.0": [1, 1, 1],
						"1.8": [1, 1, 1]
					}
				},
				"rightArmx": {
					"rotation": {
						"0.0": [0, 0, 0],
						"0.6": [-20, 35, 35],
						"1.0": [-10, 25, -10],
						"1.4": [-10, 25, -10],
						"1.8": [0, 0, 0]
					},
					"position": {
						"0.0": [0, 0, 0],
						"0.6": [0, 0, 0],
						"1.0": [0, 0, 0],
						"1.8": [0, 0, 0]
					},
					"scale": {
						"0.0": [1, 1, 1],
						"0.6": [1, 1, 1],
						"1.0": [1, 1, 1],
						"1.8": [1, 1, 1]
					}
				},
				"rightArm2x": {
					"rotation": {
						"0.0": [0, 0, 0],
						"0.6": [-35, -30, -70],
						"1.0": [-65, -80, 60],
						"1.4": [-65, -80, 60],
						"1.8": [0, 0, 0]
					},
					"position": {
						"0.0": [0, 0, 0],
						"1.8": [0, 0, 0]
					},
					"scale": {
						"0.0": [1, 1, 1],
						"1.8": [1, 1, 1]
					}
				},
				"sword1x": {
					"rotation": {
						"0.0": [0, 0, 0],
						"0.6": [0, 5, -45],
						"1.0333": [0, 5, -45],
						"1.4": [0, 5, -45],
						"1.8": [0, 0, 0]
					},
					"position": {
						"0.0": [0, 0, 0],
						"0.6": [0, 0, 0],
						"1.8": [0, 0, 0]
					},
					"scale": {
						"0.0": [1, 1, 1],
						"0.6": [1, 1, 1],
						"1.8": [1, 1, 1]
					}
				},
				"headx": {
					"rotation": {
						"0.0": [0, 0, 0],
						"0.6": [0, -70, 0],
						"1.0": [15, -50, -20],
						"1.4": [15, -50, -20],
						"1.8": [0, 0, 0]
					},
					"position": {
						"0.0": [0, 0, 0],
						"1.8": [0, 0, 0]
					},
					"scale": {
						"0.0": [1, 1, 1],
						"1.8": [1, 1, 1]
					}
				},
				"front": {
					"rotation": {
						"0.0": [0, 0, 0],
						"1.8": [0, 0, 0]
					},
					"position": {
						"0.0": [0, 0, 0],
						"1.8": [0, 0, 0]
					},
					"scale": {
						"0.0": [1, 1, 1],
						"1.8": [1, 1, 1]
					}
				},
				"leftLegx": {
					"rotation": {
						"0.0": [0, 0, 0],
						"0.6": [5, -75, -30],
						"1.0": [15, -60, -45],
						"1.4": [15, -60, -45],
						"1.8": [0, 0, 0]
					},
					"position": {
						"0.0": [0, 0, 0],
						"0.6": [0, 0, 0],
						"1.0": [0, 0, 0],
						"1.8": [0, 0, 0]
					},
					"scale": {
						"0.0": [1, 1, 1],
						"0.6": [1, 1, 1],
						"1.0": [1, 1, 1],
						"1.8": [1, 1, 1]
					}
				},
				"leftLeg2x": {
					"rotation": {
						"0.0": [0, 0, 0],
						"0.6": [20, 0, 10],
						"1.0333": [20, 0, 10],
						"1.4": [20, 0, 10],
						"1.8": [0, 0, 0]
					},
					"position": {
						"0.0": [0, 0, 0],
						"0.6": [0, 0, 0],
						"1.8": [0, 0, 0]
					},
					"scale": {
						"0.0": [1, 1, 1],
						"0.6": [1, 1, 1],
						"1.8": [1, 1, 1]
					}
				},
				"rightLegx": {
					"rotation": {
						"0.0": [0, 0, 0],
						"0.6": [-15, 10, 10],
						"1.0": [-10, 35, 15],
						"1.4": [-10, 35, 15],
						"1.8": [0, 0, 0]
					},
					"position": {
						"0.0": [0, 0, 0],
						"0.6": [0, 0, 0],
						"1.0": [0, 0, 0],
						"1.8": [0, 0, 0]
					},
					"scale": {
						"0.0": [1, 1, 1],
						"0.6": [1, 1, 1],
						"1.0": [1, 1, 1],
						"1.8": [1, 1, 1]
					}
				},
				"rightLeg2x": {
					"rotation": {
						"0.0": [0, 0, 0],
						"0.6": [20, 0, 0],
						"1.0333": [20, 0, 0],
						"1.4": [20, 0, 0],
						"1.8": [0, 0, 0]
					},
					"position": {
						"0.0": [0, 0, 0],
						"0.6": [0, 0, 0],
						"1.8": [0, 0, 0]
					},
					"scale": {
						"0.0": [1, 1, 1],
						"0.6": [1, 1, 1],
						"1.8": [1, 1, 1]
					}
				},
				"all": {
					"rotation": {
						"0.0": [0, 0, 0],
						"0.6": [0, 70, 0],
						"1.0": [5, 50, 10],
						"1.4": [5, 50, 10],
						"1.8": [0, 0, 0]
					},
					"position": {
						"0.0": [0, 0, 0],
						"0.6": [0, 0, 0],
						"1.0": [0, 0, 0],
						"1.8": [0, 0, 0]
					},
					"scale": {
						"0.0": [1, 1, 1],
						"0.6": [1, 1, 1],
						"1.0": [1, 1, 1],
						"1.8": [1, 1, 1]
					}
				}
			}
		},
	    "animation.originking.ex.broke": {
		    "loop":false,
			"animation_length": 1500,
			"bones": {
				"leftArmx": {
					"rotation": {
						"0.0": [0, 0, 0],
						"0.8": [-55, 0, -28]
					}
				},
				"leftArm2x": {
					"rotation": {
						"0.0": [0, 0, 0],
						"0.8": [-40, 10, 20]
					}
				},
				"rightArmx": {
					"rotation": {
						"0.0": [0, 0, 0],
						"0.8": [-55, 0, 28]
					},
					"position": {
						"0.0": [0, 0, 0],
						"0.8": [0, 0, 0]
					}
				},
				"rightArm2x": {
					"rotation": {
						"0.0": [0, 0, 0],
						"0.8": [-40, -10, -20]
					}
				},
				"sword1x": {
					"scale": [0, 0, 0]
				},
				"leftLeg2x": {
					"rotation": {
						"0.0": [0, 0, 0],
						"0.8": [0, 0, 0]
					}
				},
				"front": {
					"rotation": {
						"0.0": [0, 0, 0],
						"0.8": [0, 0, 360],
						"1500": [0,0,90000]
					},
					"scale": {
						"0.0": [0, 0, 0],
						"0.8": [1, 1, 1]
					}
				}
			}
		},
	  	"animation.originking.ex": {
			"loop": true,
			"bones": {
				"bodyx": {
					"position": [0, 192, 44],
					"scale": [16, 16, 16]
				},
				"leftLegx": {
					"position": [24, 192, 44],
					"rotation" : [ "!query.has_target ? variable.tcos0 * 0.4 : 0.0", 0.0, 0.0 ],
					"scale": [16, 16, 16]
				},
				"rightLegx": {
					"position": [-24, 192, 44],
					"rotation" : [ "!query.has_target ? variable.tcos1 * 0.4 : 0.0", 0.0, 0.0 ],
					"scale": [16, 16, 16]
				},
				"leftArmx" : {
					"rotation" : [ "!query.has_target ? variable.tcos0 * 0.4 : 0.0", 0.0, 0.0 ]
				},
				"rightArmx" : {
					"rotation" : [ "!query.has_target ? variable.tcos1 * 0.4 : 0.0", 0.0, 0.0 ]
				},
				"front":{
				    "scale":"(query.variant == 8 || query.variant == 10) &&query.has_target ? 1.0:0.0"
				}
			}
		},
      "animation.originking_black.roaring":{
	        "loop":true,
	        "bones":{
	            "xb":{"scale":"Math.max(0,100-60*query.anim_time)"}
	        }
	    },
      "animation.end_blackhole.roaring":{
	        "loop":true,
	        "bones":{
	            "xb":{
	                "scale":{
	                    "0.0":[40,40,40],
	                    "0.8":[0,0,0]
	                }
	            }
	        }
	    },
	    "animation.originking.base":{
            "loop":true,
            "bones":{
            	"summon1":{
            		"rotation":["query.life_time*180","query.life_time*180","query.life_time*180"],
            		"scale":["15*Math.abs(Math.sin(query.life_time*40))","15*Math.abs(Math.sin(query.life_time*40))","15*Math.abs(Math.sin(query.life_time*40))"]
            	},
            	"sword1":{
            		"rotation":[0,"query.life_time*180+0",0],
            		"scale":["query.variant == 5 ? 1.0 : 0.0","query.variant == 5 ? 1.0 : 0.0","query.variant == 5 ? 1.0 : 0.0"],
            		"position":["Math.sin(query.life_time*180+0)*64",2,"Math.cos(query.life_time*180+0)*64"]
            	},
            	"sword2":{
            		"rotation":[0,"query.life_time*180+120",0],
            		"scale":["query.variant == 5 ? 1.0 : 0.0","query.variant == 5 ? 1.0 : 0.0","query.variant == 5 ? 1.0 : 0.0"],
            		"position":["Math.sin(query.life_time*180+120)*64",2,"Math.cos(query.life_time*180+120)*64"]
            	},
            	"sword3":{
            		"rotation":[0,"query.life_time*180+240",0],
            		"scale":["query.variant == 5 ? 1.0 : 0.0","query.variant == 5 ? 1.0 : 0.0","query.variant == 5 ? 1.0 : 0.0"],
            		"position":["Math.sin(query.life_time*180+240)*64",2,"Math.cos(query.life_time*180+240)*64"]
            	},
            	"summon2":{
            		"rotation":["-query.life_time*180","-query.life_time*180","-query.life_time*180"],
            		"scale":["15*Math.abs(Math.sin(90+query.life_time*40))","15*Math.abs(Math.sin(90+query.life_time*40))","15*Math.abs(Math.sin(90+query.life_time*40))"]
            	},
            	"summon3":{
            		"rotation":[0,"query.life_time*70",0],
            		"scale":{
            			"0.1":[0,0,0],
            			"1.0":[8,8,8],
            			"10.0":[8,8,8],
            			"11.0":[1,1,1],
            			"999999.0":[1,1,1]
            		}
            	}
            }
        }
	}
}
