{
  "format_version":"1.8.0",
  "minecraft:entity":{
    "description":{
      "identifier":"wb:originking",
      "is_spawnable":true,
      "is_summonable":true,
      "is_experimental":false,
      "runtime_identifier":"wb:originking",
      "animations":{
        "text":"controller.animation.originking.att",
        "tex":"controller.animation.originking.at",
        "summon":"animation.originking.summon",
        "passive":"animation.originking.passive",
        "lyx":"controller.animation.originking.lyx"
      },
      "scripts":{
        "animate":[
          "text",
          "tex",
          "summon",
          "passive",
          "lyx"
        ]
      }
    },
    "component_groups":{
        "lya":{
        "minecraft:mark_variant":{
          "value":0
        }
      },
      "lyb":{
        "minecraft:mark_variant":{
          "value":1
        }
      },
      "lyc":{
        "minecraft:mark_variant":{
          "value":2
        }
      },
      "lyd":{
        "minecraft:mark_variant":{
          "value":3
        }
      },
      "lye":{
        "minecraft:mark_variant":{
          "value":4
        }
      },
      "lyf":{
        "minecraft:mark_variant":{
          "value":5
        }
      },
      "exbroke":{
        "minecraft:behavior.ranged_attack":{
          "priority":4,
          "attack_interval_min":0.5,
          "attack_interval_max":1,
          "charge_charged_trigger":0,
          "charge_shoot_trigger":1,
          "attack_radius":128,
          "burst_shots":8,
          "burst_interval":0.4
        },
        "minecraft:shooter":{
          "def":"wb:originking_ball"
        },
        "minecraft:timer":{
          "time":5,
          "looping":true,
          "time_down_event":{
            "event":"exsss",
            "target":"self"
          }
        },
        "minecraft:variant":{
          "value":8
        }
      },
      "exattack":{
        "minecraft:variant":{
          "value":7
        },
        "minecraft:behavior.delayed_attack":{
          "priority":4,
          "reach_multiplier":200,
          "attack_duration":1.8,
          "hit_delay_pct":0,
          "track_target":false
        },
        "minecraft:timer":{
          "time":10,
          "looping":true,
          "time_down_event":{
            "event":"exsss",
            "target":"self"
          }
        }
      },
      "lybroke":{
        "minecraft:behavior.ranged_attack":{
          "priority":4,
          "attack_interval_min":1.0,
          "attack_interval_max":1.5,
          "charge_charged_trigger":0,
          "charge_shoot_trigger":1,
          "attack_radius":128,
          "burst_shots":8,
          "burst_interval":0.4
        },
        "minecraft:shooter":{
          "def":"wb:originking_ball"
        },
        "minecraft:timer":{
          "time":6,
          "looping":true,
          "time_down_event":{
            "event":"lysss",
            "target":"self"
          }
        },
        "minecraft:variant":{
          "value":10
        }
      },
      "lyattack":{
        "minecraft:variant":{
          "value":9
        },
        "minecraft:behavior.delayed_attack":{
          "priority":4,
          "reach_multiplier":200,
          "attack_duration":1.8,
          "hit_delay_pct":1,
          "track_target":false
        },
        "minecraft:timer":{
          "time":6,
          "looping":true,
          "time_down_event":{
            "event":"lysss",
            "target":"self"
          }
        }
      },
      "again":{
        "minecraft:boss":{
          "should_darken_sky":false,
          "name":"Origin King",
          "hud_range":128
        },
        "minecraft:health":{
          "value":80000000,
          "min":50000000,
          "max":80000000
        },
        "minecraft:attack":{
          "damage":30000000
        }
      },
      "down":{
        "minecraft:timer":{
          "time":2,
          "looping":true,
          "time_down_event":{
            "event":"sss",
            "target":"self"
          }
        },
        "minecraft:variant":{
          "value":2
        }
      },
      "broke":{
        "minecraft:behavior.ranged_attack":{
          "priority":4,
          "attack_interval_min":1,
          "attack_interval_max":1.5,
          "charge_charged_trigger":0,
          "charge_shoot_trigger":1,
          "attack_radius":128,
          "burst_shots":1,
          "burst_interval":0.8
        },
        "minecraft:shooter":{
          "def":"wb:originking_broke"
        },
        "minecraft:timer":{
          "time":5,
          "looping":true,
          "time_down_event":{
            "event":"sss",
            "target":"self"
          }
        },
        "minecraft:variant":{
          "value":4
        }
      },
      "rise":{
        "minecraft:behavior.delayed_attack":{
          "priority":1,
          "reach_multiplier":20,
          "attack_duration":0.1,
          "hit_delay_pct":0.1,
          "track_target":true
        },
        "minecraft:timer":{
          "time":3,
          "looping":true,
          "time_down_event":{
            "event":"sss",
            "target":"self"
          }
        },
        "minecraft:variant":{
          "value":3
        }
      },
      "attack":{
        "minecraft:timer":{
          "time":5,
          "looping":true,
          "time_down_event":{
            "event":"attackx",
            "target":"self"
          }
        },
        "minecraft:variant":{
          "value":5
        }
      },
      "endattack":{
                "minecraft:behavior.delayed_attack":{
          "priority":4,
          "reach_multiplier":200,
          "attack_duration":1.8,
          "hit_delay_pct":0,
          "track_target":false
        },
        "minecraft:timer":{
          "time":15,
          "looping":true,
          "time_down_event":{
            "event":"realend",
            "target":"self"
          }
        },
        "minecraft:variant":{
          "value":13
        }
      },
      "realend":{
        "minecraft:timer":{
          "time":1.1,
          "looping":true,
          "time_down_event":{
            "event":"realendx",
            "target":"self"
          }
        },
        "minecraft:variant":{
          "value":14
        }
      },
      "realendx":{
        "minecraft:variant":{
          "value":15
        },
      "minecraft:transformation": {
          "delay":1.0,
          "into": "wb:originking<ex>"
          }
        },
      "attackx":{
        "minecraft:behavior.ranged_attack":{
          "priority":4,
          "attack_interval_min":1,
          "attack_interval_max":1.5,
          "charge_charged_trigger":0,
          "charge_shoot_trigger":1,
          "attack_radius":128,
          "burst_shots":1,
          "burst_interval":0.8
        },
        "minecraft:shooter":{
          "def":"wb:originking_looking"
        },
        "minecraft:timer":{
          "time":4,
          "looping":true,
          "time_down_event":{
            "event":"sss",
            "target":"self"
          }
        },
        "minecraft:variant":{
          "value":6
        }
      },
      "summon":{
        "minecraft:health":{
          "value":800000,
          "max":800000
        },
        "minecraft:boss":{
          "should_darken_sky":false,
          "name":"Origin King",
          "hud_range":128
        },
        "minecraft:damage_sensor":[
          {
            "cause":"all",
            "deals_damage":false
          }
        ],
        "minecraft:variant":{
          "value":1
        },
        "minecraft:timer":{
          "time":10,
          "looping":false,
          "time_down_event":{
            "event":"normal",
            "target":"self"
          }
        }
      },
      "normal":{
         "minecraft:ageable":{
          "duration":60,
          "grow_up":{
            "event":"ex",
            "target":"self"
          }
        },
        "minecraft:spawn_entity":[
          {
            "min_wait_time":0,
            "max_wait_time":0,
            "spawn_entity":"wb:originsave",
            "num_to_spawn":1,
            "single_use":true
          }
        ],
        "minecraft:can_climb":{
          
        },
        "minecraft:behavior.move_towards_restriction":{
          "priority":5
        },
        "minecraft:tick_world":{
          "distance_to_players":true,
          "radius":4
        },
        "minecraft:behavior.random_stroll":{
          "priority":7,
          "speed_multiplier":1
        },
        "minecraft:fire_immune":true,
        "minecraft:behavior.look_at_player":{
          "priority":8,
          "look_distance":6,
          "probability":0.02
        },
        "minecraft:behavior.random_look_around":{
          "priority":9
        },
        "minecraft:movement":{
          "value":0.007
        },
        "minecraft:navigation.float":{
          "can_path_over_water":true
        },
        "minecraft:movement.basic":{
          
        },
        "minecraft:jump.static":{
          
        },
        "minecraft:behavior.float":{
          "priority":0
        },
        "minecraft:behavior.float_wander":{
          "xz_dist":8,
          "y_dist":6,
          "y_offset":-1.5,
          "random_reselect":true,
          "float_duration":[
            3,
            5
          ]
        },
        "minecraft:can_fly":{
          
        },
        "minecraft:variant":{
          "value":0
        },
        "minecraft:attack":{
          "damage":40000
        },
        "minecraft:health":{
          "value":800000,
          "min":400000,
          "max":800000
        },
        "minecraft:damage_sensor":[
          {
            "cause":"entity_explosion",
            "deals_damage":false
          },
          {
            "on_damage":{
              "filters":{
                "test":"is_family",
                "subject":"other",
                "value":"origin"
              }
            },
            "deals_damage":false
          },
          {
            "on_damage":{
              "filters":{
                "test":"is_family",
                "subject":"other",
                "value":"lightning"
              }
            },
            "deals_damage":false
          }
        ],
        "minecraft:scale":{
          "value":1.5
        },
        "minecraft:timer":{
          "time":1,
          "looping":true,
          "time_down_event":{
            "event":"sss",
            "target":"self"
          }
        }
      },
      "end":{
        "minecraft:collision_box":{
        "width":2,
        "height":5
      },
        "minecraft:is_baby":{
        },
        "minecraft:health":{
          "value":80000000,
          "min":50000000,
          "max":80000000
        },
        "minecraft:attack":{
          "damage":30000000
        },
        "minecraft:movement":{
          "value":0.3
        },
        "minecraft:can_climb":{
          
        },
        "minecraft:behavior.move_towards_restriction":{
          "priority":5
        },
        "minecraft:tick_world":{
          "distance_to_players":true,
          "radius":4
        },
        "minecraft:behavior.random_stroll":{
          "priority":7,
          "speed_multiplier":1
        },
        "minecraft:fire_immune":true,
        "minecraft:behavior.look_at_player":{
          "priority":8,
          "look_distance":6,
          "probability":0.02
        },
        "minecraft:behavior.random_look_around":{
          "priority":9
        },
        "minecraft:navigation.float":{
          "can_path_over_water":true
        },
        "minecraft:navigation.walk":{
          
        },
        "minecraft:movement.basic":{
          
        },
        "minecraft:jump.static":{
          
        },
        "minecraft:variant":{
          "value":13
        },
        "minecraft:damage_sensor":[
          {
            "cause":"entity_explosion",
            "deals_damage":false
          },
          {
            "on_damage":{
              "filters":{
                "test":"is_family",
                "subject":"other",
                "value":"origin"
              }
            },
            "deals_damage":false
          },
          {
            "on_damage":{
              "filters":{
                "test":"is_family",
                "subject":"other",
                "value":"lightning"
              }
            },
            "deals_damage":false
          }
        ],
        "minecraft:scale":{
          "value":1.5
        },
        "minecraft:timer":{
          "time":1,
          "looping":true,
          "time_down_event":{
            "event":"endattack",
            "target":"self"
          }
        }
      },
      "ly":{
         "minecraft:ageable":{
          "duration":120,
          "grow_up":{
            "event":"end",
            "target":"self"
          }
        },
            "minecraft:collision_box":{
        "width":2,
        "height":5
      },
        "minecraft:is_baby":{
        },
        "minecraft:health":{
          "value":80000000,
          "min":50000000,
          "max":80000000
        },
        "minecraft:attack":{
          "damage":30000000
        },
        "minecraft:movement":{
          "value":0.3
        },
        "minecraft:can_climb":{
          
        },
        "minecraft:behavior.move_towards_restriction":{
          "priority":5
        },
        "minecraft:tick_world":{
          "distance_to_players":true,
          "radius":4
        },
        "minecraft:behavior.random_stroll":{
          "priority":7,
          "speed_multiplier":1
        },
        "minecraft:fire_immune":true,
        "minecraft:behavior.look_at_player":{
          "priority":8,
          "look_distance":6,
          "probability":0.02
        },
        "minecraft:behavior.random_look_around":{
          "priority":9
        },
        "minecraft:navigation.float":{
          "can_path_over_water":true
        },
        "minecraft:navigation.walk":{
          
        },
        "minecraft:movement.basic":{
          
        },
        "minecraft:jump.static":{
          
        },
        "minecraft:variant":{
          "value":0
        },
        "minecraft:damage_sensor":[
          {
            "cause":"entity_explosion",
            "deals_damage":false
          },
          {
            "on_damage":{
              "filters":{
                "test":"is_family",
                "subject":"other",
                "value":"origin"
              }
            },
            "deals_damage":false
          },
          {
            "on_damage":{
              "filters":{
                "test":"is_family",
                "subject":"other",
                "value":"lightning"
              }
            },
            "deals_damage":false
          }
        ],
        "minecraft:scale":{
          "value":1.5
        },
        "minecraft:timer":{
          "time":1,
          "looping":true,
          "time_down_event":{
            "event":"lysss",
            "target":"self"
          }
        }
      },
      "ex":{
        "minecraft:collision_box":{
        "width":2,
        "height":5
      },
        "minecraft:ageable":{
          "duration":20,
          "grow_up":{
            "event":"ly",
            "target":"self"
          }
        },
        "minecraft:is_baby":{
        },
        "minecraft:health":{
          "value":80000000,
          "min":50000000,
          "max":80000000
        },
        "minecraft:attack":{
          "damage":30000000
        },
        "minecraft:movement":{
          "value":0.3
        },
        "minecraft:can_climb":{
          
        },
        "minecraft:behavior.move_towards_restriction":{
          "priority":5
        },
        "minecraft:tick_world":{
          "distance_to_players":true,
          "radius":4
        },
        "minecraft:behavior.random_stroll":{
          "priority":7,
          "speed_multiplier":1
        },
        "minecraft:fire_immune":true,
        "minecraft:behavior.look_at_player":{
          "priority":8,
          "look_distance":6,
          "probability":0.02
        },
        "minecraft:behavior.random_look_around":{
          "priority":9
        },
        "minecraft:navigation.float":{
          "can_path_over_water":true
        },
        "minecraft:navigation.walk":{
          
        },
        "minecraft:movement.basic":{
          
        },
        "minecraft:jump.static":{
          
        },
        "minecraft:variant":{
          "value":0
        },
        "minecraft:damage_sensor":[
          {
            "cause":"entity_explosion",
            "deals_damage":false
          },
          {
            "on_damage":{
              "filters":{
                "test":"is_family",
                "subject":"other",
                "value":"origin"
              }
            },
            "deals_damage":false
          },
          {
            "on_damage":{
              "filters":{
                "test":"is_family",
                "subject":"other",
                "value":"lightning"
              }
            },
            "deals_damage":false
          }
        ],
        "minecraft:scale":{
          "value":1.5
        },
        "minecraft:timer":{
          "time":1,
          "looping":true,
          "time_down_event":{
            "event":"exsss",
            "target":"self"
          }
        }
      }
    },
    "components":{
      "minecraft:follow_range":{
        "value":128,
        "max":128
      },
      "minecraft:behavior.hurt_by_target":{
        "priority":2,
        "entity_types":{
          "filters":{
            "all_of":[
              {
                "test":"is_family",
                "subject":"other",
                "operator":"!=",
                "value":"origin"
              }
            ]
          }
        }
      },
      "minecraft:fall_damage":{
        "value":0
      },
      "minecraft:boss":{
        "should_darken_sky":false,
        "name":"Origin King",
        "hud_range":128
      },
      "minecraft:behavior.nearest_attackable_target":{
        "priority":2,
        "reselect_targets":true,
        "entity_types":[
          {
            "filters":{
              "test":"is_family",
              "subject":"other",
              "operator":"!=",
              "value":"origin"
            },
            "max_dist":128
          }
        ],
        "must_see":true
      },
      "minecraft:knockback_resistance":{
        "value":1,
        "max":1
      },
      "minecraft:collision_box":{
        "width":0.7,
        "height":1.8
      },
      "minecraft:type_family":{
        "family":[
          "god",
          "origin",
          "originking"
        ]
      },
      "minecraft:health":{
        "value":80000000,
        "min":50000000,
        "max":80000000
      },
      "minecraft:attack":{
        "damage":30000000
      },
      "minecraft:movement":{
        "value":0.3
      },
      "minecraft:physics":{
        
      }
    },
    "events":{
        "save":{
            "add":{
              "component_groups":["end","again","titan"
                  ]
            }
        },
      "exsss":{
        "randomize":[
          {
            "weight":1,
            "remove":{
              "component_groups":[
                "exbroke"
              ]
            },
            "add":{
              "component_groups":[
                "exattack"
              ]
            }
          },
          {
            "weight":1,
            "remove":{
              "component_groups":[
                "exattack"
              ]
            },
            "add":{
              "component_groups":[
                "exbroke"
              ]
            }
          }
        ]
      },
      "lysss":{
        "randomize":[
          {
            "weight":1,
            "remove":{
              "component_groups":[
                "lybroke"
              ]
            },
            "add":{
              "component_groups":[
                "lyattack"
              ]
            }
          },
          {
            "weight":1,
            "remove":{
              "component_groups":[
                "lyattack"
              ]
            },
            "add":{
              "component_groups":[
                "lybroke"
              ]
            }
          }
        ]
      },
      "sss":{
        "randomize":[
          {
            "weight":1,
            "remove":{
              "component_groups":[
                "rise",
                "broke",
                "attack",
                "attackx"
              ]
            },
            "add":{
              "component_groups":[
                "down"
              ]
            }
          },
          {
            "weight":1,
            "remove":{
              "component_groups":[
                "rise",
                "down",
                "attack",
                "attackx"
              ]
            },
            "add":{
              "component_groups":[
                "broke"
              ]
            }
          },
          {
            "weight":1,
            "remove":{
              "component_groups":[
                "down",
                "broke",
                "attack",
                "attackx"
              ]
            },
            "add":{
              "component_groups":[
                "rise"
              ]
            }
          },
          {
            "weight":1,
            "remove":{
              "component_groups":[
                "down",
                "broke",
                "rise",
                "attackx"
              ]
            },
            "add":{
              "component_groups":[
                "attack"
              ]
            }
          }
        ]
      },
      "minecraft:entity_spawned":{
        "add":{
          "component_groups":[
            "summon"
          ]
        }
      },
      "endattack":{
        "add":{
          "component_groups":[
            "endattack"
          ]
        }
      },
      "realend":{
        "add":{
          "component_groups":[
            "realend"
          ]
        },
        "remove":{
          "component_groups":[
            "endattack"
          ]
      }
      },
            "realendx":{
        "add":{
          "component_groups":[
            "realendx"
          ]
        },
        "remove":{
          "component_groups":[
            "realend"
          ]
      }
      },
      "ex":{
        "remove":{
          "component_groups":[
            "normal",
            "down",
            "broke",
            "rise",
            "attackx",
            "attack"
          ]
        },
        "add":{
          "component_groups":[
            "ex",
            "again",
            "titan"
          ]
        }
      },
      "again":{
        "add":{
          "component_groups":[
            "again"
          ]
        }
      },
      "lya":{
        "add":{
          "component_groups":[
            "lya"
          ]
        }
      },
      "lyb":{
        "add":{
          "component_groups":[
            "lyb"
          ]
        }
      },
      "lyc":{
        "add":{
          "component_groups":[
            "lyc"
          ]
        }
      },
      "lyd":{
        "add":{
          "component_groups":[
            "lyd"
          ]
        }
      },
      "lye":{
        "add":{
          "component_groups":[
            "lye"
          ]
        }
      },
      "lyf":{
        "add":{
          "component_groups":[
            "lyf"
          ]
        }
      },
      "normal":{
        "remove":{
          "component_groups":[
            "summon"
          ]
        },
        "add":{
          "component_groups":[
            "normal",
            "titan"
          ]
        }
      },
      "attackx":{
        "remove":{
          "component_groups":[
            "attack"
          ]
        },
        "add":{
          "component_groups":[
            "attackx"
          ]
        }
      },
      "end":{
        "add":{
          "component_groups":[
            "end"
          ]
        },
        "remove":{
          "component_groups":[
            "lyattack","lybroke","ly"
          ]
        }
      },
      "ly":{
        "add":{
          "component_groups":[
            "ly"
          ]
        },
        "remove":{
          "component_groups":[
            "exbroke","exattack","ex"
          ]
        }
      }
    }
  }
}