{
  "format_version": "1.8.0",
  "minecraft:client_entity": {
    "description": {
      "identifier": "dec:gargoyle",
      "materials": { "default": "bat" },
      "textures": {
        "default": "textures/entity/gargoyle"
      },
      "geometry": {
        "default": "geometry.bat"
      },
      "scripts": {
        "scale": "0.7"
      },
      "animations": {
        "resting": "animation.bat.resting",
        "flying": "animation.bat.flying"
      },
      "animation_controllers": [
        { "move": "controller.animation.bat.move" }
      ],
      "render_controllers": [ "controller.render.bat" ],
      "spawn_egg": {
        "base_color": "#232323",
        "overlay_color": "#454545"
      }
    }
  }
}
