{
  "format_version": "1.8.0",
  "animation_controllers": {
    "controller.animation.player.wb.help": {
      "states": {
        "default": {
          "on_entry": [
            "/tag @s remove wbjcks"
          ],
          "transitions": [
            {
              "help": "query.is_using_item&&query.get_equipped_item_name == 'wb_help'"
            }
          ]
        },
        "help": {
          "on_entry": [
            "/title @s times 20 100 10",
            "/title @s subtitle 欢迎使用《冬之纪行诗》",
            "/title @s title 界面介绍",
            "/tag @s add wbjcks",
            "variable.use_time=query.life_time;"
          ],
          "transitions": [
            {
              "help1": "query.life_time-variable.use_time>=6.5"
            }
          ]
        },
        "help1": {
          "on_entry": [
            "/title @s times 20 40 10",
            "/title @s subtitle 左上角三个条子分别是",
            "/title @s title 界面介绍",
            "variable.use_time=query.life_time;"
          ],
          "transitions": [
            {
              "help2": "query.life_time-variable.use_time>=3"
            }
          ]
        },
        "help2": {
          "on_entry": [
            "/title @s times 20 100 10",
            "/title @s subtitle 法力值、武器冷却、盔甲被动冷却",
            "/title @s title 界面介绍",
            "variable.use_time=query.life_time;"
          ],
          "transitions": [
            {
              "help3": "query.life_time-variable.use_time>=6.5"
            }
          ]
        },
        "help3": {
          "on_entry": [
            "/title @s times 20 100 10",
            "/titleraw @s subtitle {\"rawtext\":[{\"text\":\"打开背包，点击右侧显眼的按钮\n就可以显示boss流程介绍\n以及其他帮助内容\"}]}",
            "/title @s title 界面介绍",
            "variable.use_time=query.life_time;"
          ],
          "transitions": [
            {
              "help4": "query.life_time-variable.use_time>=6.5"
            }
          ]
        },
        "help4": {
          "on_entry": [
            "/title @s times 20 100 10",
            "/titleraw @s subtitle {\"rawtext\":[{\"text\":\"本Addon添加了很多新的玩法\"}]}",
            "/title @s title 玩法介绍",
            "variable.use_time=query.life_time;"
          ],
          "transitions": [
            {
              "help5": "query.life_time-variable.use_time>=6.5"
            }
          ]
        },
        "help5": {
          "on_entry": [
            "/title @s times 20 100 10",
            "/titleraw @s subtitle {\"rawtext\":[{\"text\":\"举个例子，当你长按[勇者之力]的时候，\n就可以开启等级的药水加成\n再次长按关闭\"}]}",
            "/title @s title 玩法介绍",
            "variable.use_time=query.life_time;"
          ],
          "transitions": [
            {
              "help6": "query.life_time-variable.use_time>=6.5"
            }
          ]
        },
        "help6": {
          "on_entry": [
            "/title @s times 20 100 10",
            "/titleraw @s subtitle {\"rawtext\":[{\"text\":\"更详细的信息，在游戏指南里面\"}]}",
            "/title @s title 玩法介绍",
            "variable.use_time=query.life_time;"
          ],
          "transitions": [
            {
              "help7": "query.life_time-variable.use_time>=6.5"
            }
          ]
        },
        "help7": {
          "on_entry": [
            "/title @s times 20 100 10",
            "/titleraw @s subtitle {\"rawtext\":[{\"text\":\"我们建议生存游玩本Addon\"}]}",
            "/title @s title 流程介绍",
            "variable.use_time=query.life_time;"
          ],
          "transitions": [
            {
              "help8": "query.life_time-variable.use_time>=6.5"
            }
          ]
        },
        "help8": {
          "on_entry": [
            "/title @s times 20 100 10",
            "/titleraw @s subtitle {\"rawtext\":[{\"text\":\"首先，通过翻阅流程，了解详情\n再召唤相应的boss\"}]}",
            "/title @s title 流程介绍",
            "variable.use_time=query.life_time;"
          ],
          "transitions": [
            {
              "help9": "query.life_time-variable.use_time>=6.5"
            }
          ]
        },
        "help9": {
          "on_entry": [
            "/title @s times 20 100 10",
            "/titleraw @s subtitle {\"rawtext\":[{\"text\":\"祝各位游玩愉快\n以后如果想重复看本教程，\n可以拿出本物品再次长按触发\"}]}",
            "/title @s title 总结",
            "variable.use_time=query.life_time;",
            "/title @s reset",
            "/tag @s add wbjcwb"
          ],
          "transitions": [
            {
              "default": "query.life_time-variable.use_time>=6.5"
            }
          ]
        }
      }
    }
  }
}