{
  "format_version": "1.8.0",
 "minecraft:entity": {
  "description": {
    "identifier": "wb:ball_intentions_thirda",
    "is_spawnable": false,
    "is_summonable": true,
    "is_experimental": false,
    "runtime_identifier": "minecraft:snowball"
  },
  "components": {
    "minecraft:collision_box": {
    "width": 0.2,
    "height": 0.2
   },
    "minecraft:explode": {
     "fuseLength": 3,
     "fuseLit": true,
     "breaks_blocks":false,
     "power": 2,
     "causesFire": false,
     "fireAffectedByGriefing": true,
     "destroyAffectedByGriefing": true
    },
   "minecraft:projectile": {
    "onHit": {
      "impact_damage": {
        "damage": 15,
        "knockback": true,
        "catchFire": false,
        "semirandomdiffdamage": false,
        "destroy_on_hit":false
      }
    },
    "power": 1.5,
    "gravity": 0.00,
    "inertia": 1,
    "anchor": 2,
    "offset": [ 0, 0, 0 ],
    "semirandomdiffdamage": false,
    "uncertaintyBase": 0.0,
    "reflectOnHurt": true,
    "multiple_targets":true
   },
   "minecraft:physics": {
   }
  }
 }
}
