{
  "format_version": "1.16.0",
  "minecraft:entity": {
    "description": {
      "identifier": "dec:everlasting_winter_ghast_1",
      "runtime_identifier": "minecraft:ghast",
      "is_spawnable": false,
      "is_summonable": true,
      "is_experimental": false
    },
    "component_groups": {
      "minecraft:angry": {
        "minecraft:boss": {
          "should_darken_sky": false,
          "name": "boss.dec:everlasting_winter_ghast_angry.name",
          "hud_range": 64
        },
        "minecraft:health": {
          "value": 900,
          "max": 900
        }
      },
      "minecraft:summon": {
        "minecraft:timer": {
          "looping": false,
          "time": 6,
          "time_down_event": {
            "event": "minecraft:single"
          }
        },
        "minecraft:behavior.summon_entity": {
          "priority": 2,
          "summon_choices": [
            {
              "weight": 2,
              "cooldown_time": 0.0,
              "cast_duration": 5.0,
              "particle_color": "#FFB3B3CC",
              "sequence": [
                {
                  "shape": "circle",
                  "target": "self",
                  "base_delay": 0.0,
                  "num_entities_spawned": 1,
                  "entity_type": "dec:frozen_ghast",
                  "summon_cap": 8,
                  "summon_cap_radius": 64.0,
                  "size": 3.0,
                  "sound_event": "prepare.summon",
                  "entity_lifespan": 40
                }
              ]
            }
          ]
        }
      },
      "minecraft:repeat": {
        "minecraft:timer": {
          "looping": false,
          "time": 5,
          "time_down_event": {
            "event": "minecraft:summon"
          }
        },
        "minecraft:shooter": {
          "def": "dec:frozen_ball_inaccurated"
        },
        "minecraft:behavior.ranged_attack": {
          "priority": 4,
          "burst_shots": 20,
          "burst_interval": 0.01,
          "charge_charged_trigger": 0.0,
          "charge_shoot_trigger": 1.0,
          "attack_interval_min": 1.0,
          "attack_interval_max": 1.0,
          "attack_radius": 64.0
        }
      },
      "minecraft:single": {
        "minecraft:timer": {
          "looping": false,
          "time": 15,
          "time_down_event": {
            "event": "minecraft:repeat"
          }
        },
        "minecraft:shooter": {
          "def": "dec:frozen_ball"
        },
        "minecraft:behavior.ranged_attack": {
          "priority": 4,
          "burst_shots": 20,
          "burst_interval": 0.2,
          "charge_charged_trigger": 0.0,
          "charge_shoot_trigger": 4.0,
          "attack_interval_min": 2.0,
          "attack_interval_max": 2.0,
          "attack_radius": 64.0
        }
      }
    },
    "components": {
      "minecraft:loot": {
        "table": "loot_tables/entities/everlasting_winter_ghast.json"
      },
      "minecraft:scale_by_age": {
        "start_scale": 0.2,
        "end_scale": 1.0
      },
      "minecraft:ageable": {
        "duration": 30
      },
      "minecraft:knockback_resistance": {
        "value": 1
      },
      "minecraft:boss": {
        "should_darken_sky": true,
        "name": "boss.dec:everlasting_winter_ghast.name",
        "hud_range": 64
      },
      "minecraft:experience_reward": {
        "on_death": "query.last_hit_by_player ? 500 : 0"
      },
      "minecraft:breathable": {
        "total_supply": 15,
        "suffocate_time": 0
      },
      "minecraft:fire_immune": {},
      "minecraft:nameable": {},
      "minecraft:health": {
        "value": 150,
        "max": 150
      },
      "minecraft:collision_box": {
        "width": 5,
        "height": 5
      },
      "minecraft:movement": {
        "value": 0.02
      },
      "minecraft:navigation.float": {
        "can_path_over_water": true
      },
      "minecraft:behavior.float_wander": {
        "priority": 2,
        "must_reach": true
      },
      "minecraft:can_fly": {},
      "minecraft:type_family": {
        "family": [
          "monster",
          "ghast",
          "everlasting_winter_ghast",
          "boss",
          "mob",
          "frozen"
        ]
      },
      "minecraft:damage_sensor": {
        "triggers": [
          {
            "cause": "fall",
            "deals_damage": false
          },
          {
            "on_damage": {
              "filters": {
                "test": "is_family",
                "subject": "other",
                "value": "frozen"
              }
            },
            "deals_damage": false
          }
        ]
      },
      "minecraft:jump.static": {},
      "minecraft:despawn": {
        "despawn_from_distance": {
          "min_distance": 256,
          "max_distance": 256
        }
      },
      "minecraft:behavior.float": {
        "priority": 0
      },
      "minecraft:follow_range": {
        "value": 256,
        "max": 256
      },
      "minecraft:behavior.hurt_by_target": {
        "priority": 1,
        "entity_types": {
          "filters": {
            "test": "is_family",
            "subject": "other",
            "operator": "!=",
            "value": "frozen"
          },
          "max_dist": 64
        }
      },
      "minecraft:behavior.nearest_attackable_target": {
        "priority": 2,
        "entity_types": [
          {
            "filters": {
              "any_of": [
                {
                  "test": "is_family",
                  "subject": "other",
                  "value": "player"
                },
                {
                  "test": "is_family",
                  "subject": "other",
                  "value": "snowgolem"
                },
                {
                  "test": "is_family",
                  "subject": "other",
                  "value": "irongolem"
                },
                {
                  "test": "is_family",
                  "subject": "other",
                  "value": "wandering_trader"
                }
              ]
            },
            "max_dist": 256
          }
        ],
        "must_see": true
      },
      "minecraft:physics": {},
      "minecraft:pushable": {
        "is_pushable": true,
        "is_pushable_by_piston": true
      }
    },
    "events": {
      "minecraft:entity_spawned": {
        "sequence": [
          {
            "randomize": [
              {
                "weight": 1,
                "sequence": [
                  {
                    "randomize": [
                      {
                        "weight": 1,
                        "add": {
                          "component_groups": [
                            "minecraft:summon"
                          ]
                        }
                      },
                      {
                        "weight": 1,
                        "add": {
                          "component_groups": [
                            "minecraft:single"
                          ]
                        }
                      }
                    ]
                  }
                ]
              }
            ]
          },
          {
            "filters": {
              "test": "has_biome_tag",
              "operator": "!=",
              "value": "frozen"
            },
            "randomize": [
              {
                "add": {
                  "component_groups": [
                    "minecraft:angry"
                  ]
                }
              }
            ]
          },
          {
            "run_command": {
              "command": [
                "particle dec:frozen_shield_particle ~~~"
              ]
            }
          }
        ]
      },
      "minecraft:single": {
        "remove": {
          "component_groups": [
            "minecraft:repeat",
            "minecraft:summon"
          ]
        },
        "add": {
          "component_groups": [
            "minecraft:single"
          ]
        }
      },
      "minecraft:repeat": {
        "remove": {
          "component_groups": [
            "minecraft:single",
            "minecraft:summon"
          ]
        },
        "add": {
          "component_groups": [
            "minecraft:repeat"
          ]
        }
      },
      "minecraft:summon": {
        "remove": {
          "component_groups": [
            "minecraft:single",
            "minecraft:repeat"
          ]
        },
        "add": {
          "component_groups": [
            "minecraft:summon"
          ]
        }
      }
    }
  }
}