{
  "format_version": "1.13.0",
  "minecraft:entity": {

    "description": {
      "identifier": "dec:ghost_wooden_sword",
      "is_spawnable": false,
      "is_summonable": true,
      "is_experimental": false
    },

    "component_groups": {
      "minecraft:disappear": {
        "minecraft:explode": {
          "fuseLength": 0.01,
          "fuseLit": true,
          "power": 0,
          "causesFire": false
        }
      }
    },

    "components": {
      "minecraft:timer": {
        "looping": false,
        "time": 10,
        "time_down_event": {
          "event": "minecraft:disappear",
          "target": "self"
        }
      },
      "minecraft:type_family": {
        "family": [ "player","villager", "mob" ]
      },
      "minecraft:nameable": {
      },
      "minecraft:health": {
        "value": 10,
        "max": 10
      },
      "minecraft:damage_sensor": {
        "triggers": {
          "cause": "fall",
          "deals_damage": false
        }
      },
      "minecraft:fire_immune": true,
      "minecraft:hurt_on_condition": {
        "damage_conditions": [
          {
            "filters": { "test": "in_lava", "subject": "self", "operator": "==", "value": true },
            "cause": "lava",
            "damage_per_tick": 4
          }
        ]
      },
      "minecraft:physics": {
        "has_gravity": false
      },
      "minecraft:pushable": {
        "is_pushable": true,
        "is_pushable_by_piston": true
      },
      "minecraft:attack": {
        "damage": 4
      },
      "minecraft:breathable": {
        "total_supply": 15,
        "suffocate_time": 0,
        "breathes_air": true,
        "breathes_water": false
      },
      "minecraft:collision_box": {
        "width": 1,
        "height": 1
      },
      "minecraft:movement": {
        "value": 1.8
      },
      "minecraft:movement.glide": {
        "start_speed": 0.4,
        "speed_when_turning": 0.2
      },
      "minecraft:follow_range": {
        "value": 64,
        "max": 64
      },
      "minecraft:behavior.nearest_attackable_target": {
        "priority": 1,
        "within_radius": 64,
        "reselect_targets": true,
        "entity_types": [
          {
            "filters": {
              "test": "is_family",
              "subject": "other",
              "value": "monster"
            },
            "max_dist": 64
          }
        ],
        "must_see": false,
        "must_see_forget_duration": 0.5,
        "scan_interval": 20,
        "target_search_height": 80.0
      },
      "minecraft:behavior.swoop_attack": {
        "priority": 2,
        "delay_range": [ 0.5, 0.5 ]
      },
      "minecraft:behavior.circle_around_anchor": {
        "priority": 3,
        "radius_range": [ 15.0, 15.0 ],
        "radius_change_chance": 20,
        "height_above_target_range": [ 0, 1 ],
        "height_offset_range": [ -4.0, 5.0 ],
        "height_change_chance": 1,
        "goal_radius": 1.0
      }
    },
    "events": {
      "minecraft:disappear": {
        "run_command": {
          "command": [
            "particle dec:summon_staff_spawn_disappear ~~~"
          ]
        },
        "add": {
          "component_groups": [
            "minecraft:disappear"
          ]
        }
      }
    }
  }
}