{
  "format_version": "1.8.0",
  "minecraft:entity": {
    "description": {
      "identifier": "dec:illusioner_blindness",
      "is_spawnable": false,
      "is_summonable":false,
      "is_experimental": false,
	  "scripts": {
	    "animate": [ "walk" ]
	  },
	  "animations": {
	    "walk": "controller.animation.illusioner_blindness"
	  }
    
    },

  
    "components": {
  "minecraft:collision_box": {
        "width": 0.6,
        "height": 1.9
      },
       "minecraft:damage_sensor": [
       {
         "deals_damage": false
         }
       ],
	  "minecraft:scale": {
          "value": 1
        },
  "minecraft:despawn": {
	 
	  },


      "minecraft:health": {
        "value": 1,
        "max": 1
      },
      "minecraft:physics": {

      }
    },


    "events": {
     

}

  }
}