{
  "format_version": "1.12.0",
  "minecraft:entity": {
    "description": {
      "identifier": "dec:nuke",
      "is_spawnable": false,
      "is_summonable": true,
      "runtime_identifier": "minecraft:tnt",
      "is_experimental": false,
      "scripts":{
        "animate":["ticking"]
      },
        "animations":{
          "ticking":"controller.animation.nuke"
      }
    },

    "component_groups": {
    },
	
    "components": {
      "minecraft:type_family": {
        "family": [ "nuke", "tnt", "inanimate" ]
      },
      "minecraft:collision_box": {
        "width": 0.98,
        "height": 0.98
      },

      "minecraft:explode": {
        "fuse_length": 15,
        "fuse_lit": true,
        "power": 1000,
        "max_resistance":10,
        "causes_fire": true
      },
	    "minecraft:physics": {
      },
      "minecraft:pushable": {
        "is_pushable": false,
        "is_pushable_by_piston": true
      }
    },
    
    "events": {
    }
  }
}
