﻿<?xml version="1.0" encoding="utf-8" ?>
<Localization lang="en-us" name="English" localname="English">
  <Form>
    <FormCommon>
      <OKButton>OK</OKButton>
      <CancelButton>Cancel</CancelButton>
      <BrowseButton>Browse...</BrowseButton>

      <PlayStyle7>7Keys</PlayStyle7>
      <PlayStyle14>14Keys</PlayStyle14>
      <PlayStyle5>5Keys</PlayStyle5>
      <PlayStyle10>10Keys</PlayStyle10>
      <PlayStyle9>9Buttons</PlayStyle9>

      <KeyAssignInputTypeLabel>Input type</KeyAssignInputTypeLabel>
      <KeyAssignKeyLabel>Key</KeyAssignKeyLabel>
      <KeyAssignDetectButton>Detect...</KeyAssignDetectButton>

      <KeyAssignAddButton>Add</KeyAssignAddButton>
      <KeyAssignChangeButton>Change</KeyAssignChangeButton>
      <KeyAssignRemoveButton>Remove</KeyAssignRemoveButton>

      <KeyAssignInputTypeKeyboardItem>Keyboard</KeyAssignInputTypeKeyboardItem>
      <KeyAssignInputTypeJoysticksItemFormat>Joystick #{0}</KeyAssignInputTypeJoysticksItemFormat>
      <KeyAssignInputTypePlayingKeysItem>Playing key</KeyAssignInputTypePlayingKeysItem>
    </FormCommon>
    
    <MainForm>
      <FormRoot>
        <FormTitle>mBMconfig - Configuration utility for mBMplay</FormTitle>
        <MainWindowLoadDefaultButton>Load default settings</MainWindowLoadDefaultButton>
        <MainWindowAppSettingsButton>mBMconfig settings...</MainWindowAppSettingsButton>
        <MainWindowSaveButton>Save</MainWindowSaveButton>
        <MainWindowRestoreButton>Restore</MainWindowRestoreButton>
      </FormRoot>
      
      <GeneralTabPage>
        <TabName>General</TabName>
        
        <WindowOptionGroupBox>Window</WindowOptionGroupBox>
        <WindowStartPositionLabel>Start position</WindowStartPositionLabel>
        <TargetDisplayLabel>Target display</TargetDisplayLabel>
        <TargetDisplayContainMouseCursorItem>Contains mouse cursor</TargetDisplayContainMouseCursorItem>
        <TargetDisplayPrimaryDisplayItemFormat>Primary display (#{0})</TargetDisplayPrimaryDisplayItemFormat>
        <TargetDisplayItemFormat>Display #{0}</TargetDisplayItemFormat>
        <WindowScaleLabel>Window scale</WindowScaleLabel>

        <GraphicsGroupBox>Graphics</GraphicsGroupBox>
        <GraphicsTypeLabel>Graphics API</GraphicsTypeLabel>
        <TargetUpdateRateLabel>Target update rate</TargetUpdateRateLabel>
        <TargetUpdateRateSyncModeLabel>(0 = Sync mode)</TargetUpdateRateSyncModeLabel>
        <FilterLevelLabel>Filter level</FilterLevelLabel>
        <GraphicsApiSettingsButton>Graphics API settings...</GraphicsApiSettingsButton>
        <VSyncCheckBox>VSync</VSyncCheckBox>

        <AudioGroupBox>Audio</AudioGroupBox>
        <AudioTypeLabel>Audio API</AudioTypeLabel>
        <AudioApiSettingsButton>Audio API settings...</AudioApiSettingsButton>

        <ApiSettingsDialogTitleFormat>{0} settings</ApiSettingsDialogTitleFormat>

        <PlayingOptionGroupBox>Playing options</PlayingOptionGroupBox>
        <HiSpeedLabel>Hi-Speed</HiSpeedLabel>
        <HiSpeedFixTypeLabel>Hi-Speed fix type</HiSpeedFixTypeLabel>
        <PlaySideLabel>Play side</PlaySideLabel>
        <LaneCoverLabel>Lane cover</LaneCoverLabel>
        <LaneCoverPlayer1CheckBox>1P</LaneCoverPlayer1CheckBox>
        <LaneCoverPlayer2CheckBox>2P</LaneCoverPlayer2CheckBox>
        <LaneCoverRangeLabel>Lane cover range (%)</LaneCoverRangeLabel>
        <JudgeTimingLabel>Judge timing (ms)</JudgeTimingLabel>
        <NoteTimingLabel>Notes display timing (ms)</NoteTimingLabel>
        <LegacyLNModeCheckBox>Legacy LN-Mode</LegacyLNModeCheckBox>

        <VolumeGroupBox>Volume</VolumeGroupBox>
        <MasterVolumeLabel>Master</MasterVolumeLabel>
        <KeyVolumeLabel>Key</KeyVolumeLabel>
        <BgmVolumeLabel>BGM</BgmVolumeLabel>

        <GeneralOthersGroupBox>Others</GeneralOthersGroupBox>
        <DisplayNoteCountCheckBox>Display note count per lane</DisplayNoteCountCheckBox>
        <DisplayFpsCheckBox>Display FPS/UPS</DisplayFpsCheckBox>        
      </GeneralTabPage>

      <SkinTabPage>
        <TabName>Skin</TabName>
        
        <SkinTypeLabel>Skin type:</SkinTypeLabel>
        <SkinSelectLabel>Skin</SkinSelectLabel>
        
        <SkinInfoGroupBox>Skin information</SkinInfoGroupBox>
        <SkinTitleLabel>Title:</SkinTitleLabel>
        <SkinVersionLabel>Version:</SkinVersionLabel>
        <SkinAuthorLabel>Author:</SkinAuthorLabel>

        <SkinOptionsGroupBox>Skin options</SkinOptionsGroupBox>
        <SkinOptionsOptionColumn>Option</SkinOptionsOptionColumn>
        <SkinOptionsValueColumn>Value</SkinOptionsValueColumn>
        <SkinOptionsLoadDefaultButton>Load default skin options</SkinOptionsLoadDefaultButton>

        <SkinSelectComboBoxUse7KeysSkinItem>(Use 7Keys skin)</SkinSelectComboBoxUse7KeysSkinItem>
        <SkinSelectComboBoxUse14KeysSkinItem>(Use 14Keys skin)</SkinSelectComboBoxUse14KeysSkinItem>
        <SkinOptionsDataGridViewRandomItem>(Random)</SkinOptionsDataGridViewRandomItem>
      </SkinTabPage>

      <PlayingKeyConfigTabPage>
        <TabName>Key config (Playing keys)</TabName>
        
        <PlayingKeyPlayStyleLabel>Play style</PlayingKeyPlayStyleLabel>
        <PlayingKeyPlayStyleCopyButton>Copy...</PlayingKeyPlayStyleCopyButton>
        <PlayingKeyColumnHeader>Key</PlayingKeyColumnHeader>
        <PlayingKeyCountColumnHeader>Count</PlayingKeyCountColumnHeader>
        <PlayingKeyUseUpperCheckBox7Keys>Use 7Keys assign</PlayingKeyUseUpperCheckBox7Keys>
        <PlayingKeyUseUpperCheckBox14Keys>Use 14Keys assign</PlayingKeyUseUpperCheckBox14Keys>

        <PlayingKeyCommonInputGroupBox>Common input settings</PlayingKeyCommonInputGroupBox>
        <PlayingKeyMinKeyDownLabel>Minimum input active time (ms)</PlayingKeyMinKeyDownLabel>
        <PlayingKeyMinKeyUpLabel>Minimum input interval (ms)</PlayingKeyMinKeyUpLabel>
      </PlayingKeyConfigTabPage>

      <ControlKeyConfigTabPage>
        <TabName>Key config (Controls)</TabName>

        <ControlKeyCategoryLabel>Category</ControlKeyCategoryLabel>
        <ControlActionColumnHeader>Action</ControlActionColumnHeader>
        <ControlActionCountColumnHeader>Count</ControlActionCountColumnHeader>
        
        <ControlKeyAssignMultipleKeysButton>Multiple keys...</ControlKeyAssignMultipleKeysButton>
      </ControlKeyConfigTabPage>

      <KeyConfigTabCommon>
        <KeyConfigLoadDefaultButton>Load default key config</KeyConfigLoadDefaultButton>
        
        <KeyAssignGroupBox>Key assign</KeyAssignGroupBox>
        <KeyAssignInputTypeColumnHeader>Input type</KeyAssignInputTypeColumnHeader>
        <KeyAssignKeyColumnHeader>Key</KeyAssignKeyColumnHeader>
      </KeyConfigTabCommon>

      <JoysticksTabPage>
        <TabName>Joysticks</TabName>
        
        <JoysticksDeviceGroupBox>Devices</JoysticksDeviceGroupBox>
        <JoysticksIDColumnHeader>ID</JoysticksIDColumnHeader>
        <JoysticksNameColumnHeader>Name</JoysticksNameColumnHeader>
        <JoysticksGuidColumnHeader>GUID</JoysticksGuidColumnHeader>
        <JoysticksChangeIDButton>Change ID...</JoysticksChangeIDButton>

        <JoysticksAnalogGroupBox>Analog input settings</JoysticksAnalogGroupBox>
        <JoysticksAnalogDeadZoneLabel>Dead zone (%)</JoysticksAnalogDeadZoneLabel>
        <JoysticksAnalogOnThresholdLabel>ON threshold (%)</JoysticksAnalogOnThresholdLabel>
        <JoysticksAnalogOffThresholdLabel>OFF threshold (%)</JoysticksAnalogOffThresholdLabel>

        <JoysticksScratchRotaryGroupBox>Scratch rotate settings (common)</JoysticksScratchRotaryGroupBox>
        <JoysticksScratchRotaryUpdateIntervalLabel>Update interval (ms)</JoysticksScratchRotaryUpdateIntervalLabel>
        <JoysticksScratchRotaryActiveTimeLabel>Active time (ms)</JoysticksScratchRotaryActiveTimeLabel>
        <JoysticksScratchRotaryThresholdLabel>Threshold</JoysticksScratchRotaryThresholdLabel>
      </JoysticksTabPage>
    </MainForm>

    <KeyDetectDialog>
      <FormTitle>Detecting</FormTitle>
      <KeyDetectDialogLabelFormat>Waiting input... ({0})\n(Press Esc to cancel)</KeyDetectDialogLabelFormat>
    </KeyDetectDialog>

    <MultipleKeysDialog>
      <FormTitle>Multiple keys</FormTitle>
    </MultipleKeysDialog>

    <PlayingKeyAssignCopyDialog>
      <FormTitle>Copy key assign</FormTitle>
      <PlayingKeyAssignCopyDestinationLabel>Copy to</PlayingKeyAssignCopyDestinationLabel>
      <PlayingKeyAssignCopyMergeCheckBox>Merge 2P assign to 1P</PlayingKeyAssignCopyMergeCheckBox>
    </PlayingKeyAssignCopyDialog>

    <JoysticksChangeIDDialog>
      <FormTitle>Change ID</FormTitle>
      <JoysticksChangeIDToLabel>Change ID to</JoysticksChangeIDToLabel>
      <JoysticksChangeIDCurrentIDLabelFormat>(Current ID: {0})</JoysticksChangeIDCurrentIDLabelFormat>
    </JoysticksChangeIDDialog>

    <AppSettingsDialog>
      <FormTitle>mBMconfig settings</FormTitle>
      <AppSettingsMBMPlayPathLabel>mBMplay path</AppSettingsMBMPlayPathLabel>
      <AppSettingsLanguageLabel>Language</AppSettingsLanguageLabel>
      <AppSettingsAboutButton>About...</AppSettingsAboutButton>
    </AppSettingsDialog>

    <AboutDialog>
      <FormTitle>About mBMconfig</FormTitle>
      <AboutDescriptionLabel>This software is released under the MIT License.</AboutDescriptionLabel>
    </AboutDialog>
  </Form>
  
  <Message>
    <MainWindowLoadDefaultDialog>Reset all settings to defaults.\nAre you sure?</MainWindowLoadDefaultDialog>
    <MainWindowRestoreDialog>Restore all settings to before the change.\nAre you sure?</MainWindowRestoreDialog>
    <MainWindowSettingsSavedDialog>All settings have been saved.</MainWindowSettingsSavedDialog>
    <MainWindowSettingsSaveWarningDialog>Some settings have not been saved.</MainWindowSettingsSaveWarningDialog>
    <MainWindowSettingsSaveFailedDialogFormat>Failed to save "{}".</MainWindowSettingsSaveFailedDialogFormat>
    <MainWindowSettingsChangedDialog>Settings have been changed.\nDo you want to save?</MainWindowSettingsChangedDialog>
    <MainWindowMBMPlayPathChangedDialog>The change of mBMplay path will be applied to the next application startup.</MainWindowMBMPlayPathChangedDialog>
    <InvalidMBMPlayPathDialog>Invalid mBMplay path.</InvalidMBMPlayPathDialog>
    <RequireSetMBMPlayPathDialog>Please set mBMplay path.</RequireSetMBMPlayPathDialog>
  </Message>

  <ApiSettings>
    <Graphics>
      <ApiSettingsCommon>
        <BufferCount>Buffer count</BufferCount>
        <MaxObjects>Max objects</MaxObjects>
        <MaxTextures>Max textures</MaxTextures>
      </ApiSettingsCommon>
      
      <DirectX12>        
        <MaxDynamicTextureUpdateThreads>Max dynamic texture update threads</MaxDynamicTextureUpdateThreads>
      </DirectX12>
    </Graphics>
    
    <Audio>
      <ApiSettingsCommon>
        <ForceResampling>Force resampling</ForceResampling>
        <DefaultFrequency>Default sampling rate (Hz)</DefaultFrequency>
        <DefaultBitsPerSample>Default bits per sample</DefaultBitsPerSample>
        <DefaultChannels>Default channels</DefaultChannels>
      </ApiSettingsCommon>
      
      <OpenAL>
        <HaveSourcePerBuffer>Have source per buffer</HaveSourcePerBuffer>
        <MaxSourceCount>Max source count</MaxSourceCount>
        <Latency>Latency</Latency>
      </OpenAL>
    </Audio>    
  </ApiSettings>

  <KeyConfig>
    <General>
      <CategoryName>General</CategoryName>
      <Exit>Exit</Exit>
      <DisplayFps>Display FPS/UPS</DisplayFps>
    </General>

    <PreloadScene>
      <CategoryName>Preload</CategoryName>
      <OpenFileDialog>Open file select dialog</OpenFileDialog>
    </PreloadScene>

    <PlayScene>
      <CategoryName>Playing</CategoryName>
      <BackBar>Back bar</BackBar>
      <BackBar4>Back 4 bars</BackBar4>
      <BackBarTime>Back bar (Time)</BackBarTime>
      <ForwardBar>Forward bar</ForwardBar>
      <ForwardBar4>Forward 4 bars</ForwardBar4>
      <ForwardBarTime>Forward bar (Time)</ForwardBarTime>
      <IncreaseMusicSpeed>Increase music speed</IncreaseMusicSpeed>
      <DecreaseMusicSpeed>Decrease music speed</DecreaseMusicSpeed>
      <ResetMusicSpeed>Reset music speed</ResetMusicSpeed>
      <ToggleAutoplay>Toggle autoplay/testplay</ToggleAutoplay>
      <BackToStart>Back to start</BackToStart>
      <BackToStartInTestPlay>Back to start (testplay)</BackToStartInTestPlay>
      <Reload>Reload</Reload>
      <ChangeLNMode>Change LN-mode</ChangeLNMode>
      <MasterVolumeUp>Master volume: Up</MasterVolumeUp>
      <MasterVolumeUp1>Master volume: Up (1)</MasterVolumeUp1>
      <MasterVolumeUp10>Master volume: Up (10)</MasterVolumeUp10>
      <MasterVolumeMax>Master volume: Max</MasterVolumeMax>
      <MasterVolumeDown>Master volume: Down</MasterVolumeDown>
      <MasterVolumeDown1>Master volume: Down (1)</MasterVolumeDown1>
      <MasterVolumeDown10>Master volume: Down (10)</MasterVolumeDown10>
      <MasterVolumeMute>Master volume: Mute</MasterVolumeMute>
      <KeyVolumeUp>Key volume: Up</KeyVolumeUp>
      <KeyVolumeUp1>Key volume: Up (1)</KeyVolumeUp1>
      <KeyVolumeUp10>Key volume: Up (10)</KeyVolumeUp10>
      <KeyVolumeMax>Key volume: Max</KeyVolumeMax>
      <KeyVolumeDown>Key volume: Down</KeyVolumeDown>
      <KeyVolumeDown1>Key volume: Down (1)</KeyVolumeDown1>
      <KeyVolumeDown10>Key volume: Down (10)</KeyVolumeDown10>
      <KeyVolumeMute>Key volume: Mute</KeyVolumeMute>
      <BgmVolumeUp>BGM volume: Up</BgmVolumeUp>
      <BgmVolumeUp1>BGM volume: Up (1)</BgmVolumeUp1>
      <BgmVolumeUp10>BGM volume: Up (10)</BgmVolumeUp10>
      <BgmVolumeMax>BGM volume: Max</BgmVolumeMax>
      <BgmVolumeDown>BGM volume: Down</BgmVolumeDown>
      <BgmVolumeDown1>BGM volume: Down (1)</BgmVolumeDown1>
      <BgmVolumeDown10>BGM volume: Down (10)</BgmVolumeDown10>
      <BgmVolumeMute>BGM volume: Mute</BgmVolumeMute>
      <HiSpeedUp>Hi-Speed: Up</HiSpeedUp>
      <HiSpeedUp1>Hi-Speed: Up (1.00)</HiSpeedUp1>
      <HiSpeedUp005>Hi-Speed: Up (0.05)</HiSpeedUp005>
      <HiSpeedDown>Hi-Speed: Down</HiSpeedDown>
      <HiSpeedDown1>Hi-Speed: Down (1.00)</HiSpeedDown1>
      <HiSpeedDown005>Hi-Speed: Down (0.05)</HiSpeedDown005>
      <HiSpeedReset>Hi-Speed: Reset</HiSpeedReset>
      <ChangeHSFix>Change HS-Fix mode</ChangeHSFix>
      <ChangeHSFixBack>Change HS-Fix mode (back)</ChangeHSFixBack>
      <Player1LaneCoverToggle>1P: Lane cover On/Off</Player1LaneCoverToggle>
      <Player2LaneCoverToggle>2P: Lane cover On/Off</Player2LaneCoverToggle>
      <LaneCoverUp>Lane cover: Up</LaneCoverUp>
      <LaneCoverUp10>Lane cover: Up (10)</LaneCoverUp10>
      <LaneCoverUp01>Lane cover: Up (0.1)</LaneCoverUp01>
      <LaneCoverUp005>Lane cover: Up (0.05)</LaneCoverUp005>
      <LaneCoverDown>Lane cover: Down</LaneCoverDown>
      <LaneCoverDown10>Lane cover: Down (10)</LaneCoverDown10>
      <LaneCoverDown01>Lane cover: Down (0.1)</LaneCoverDown01>
      <LaneCoverDown005>Lane cover: Down (0.05)</LaneCoverDown005>
      <ChangePlaySide>Change play side</ChangePlaySide>
      <DisplayNoteCount>Display note count</DisplayNoteCount>
    </PlayScene>
  </KeyConfig>
  
  <Enum>
    <WindowPosition>
      <CenterScreen>Center screen</CenterScreen>
      <Manual>Manual</Manual>
    </WindowPosition>
    
    <GraphicsType>
      <DirectX9>DirectX9</DirectX9>
      <DirectX11>DirectX11</DirectX11>
      <DirectX12>DirectX12</DirectX12>
      <OpenGL>OpenGL</OpenGL>
      <Vulkan>Vulkan</Vulkan>
    </GraphicsType>

    <FilterLevel>
      <Disabled>Disabled</Disabled>
      <BySkin>By skin</BySkin>
      <ForceOnScaled>Force on scaled</ForceOnScaled>
      <ForceAlways>Force always</ForceAlways>
    </FilterLevel>

    <AudioType>
      <DirectSound>DirectSound</DirectSound>
      <XAudio2>XAudio2</XAudio2>
      <OpenAL>OpenAL</OpenAL>
    </AudioType>

    <HiSpeedFixType>
      <None>Off</None>
      <Max>Max BPM</Max>
      <Min>Min BPM</Min>
      <MainNotes>Main BPM (notes)</MainNotes>
      <MainTime>Main BPM (time)</MainTime>
      <RegularSpeed>Regular-Speed</RegularSpeed>
    </HiSpeedFixType>

    <PlaySide>
      <Left>1P</Left>
      <Right>2P</Right>
      <Both>Battle</Both>
    </PlaySide>

    <SkinType>
      <Preload>Preload</Preload>
    </SkinType>

    <Key>
      <Control>Control</Control>
      <Shift>Shift</Shift>
      <Alt>Alt</Alt>
      <D0>0</D0>
      <D1>1</D1>
      <D2>2</D2>
      <D3>3</D3>
      <D4>4</D4>
      <D5>5</D5>
      <D6>6</D6>
      <D7>7</D7>
      <D8>8</D8>
      <D9>9</D9>
      <A>A</A>
      <B>B</B>
      <C>C</C>
      <D>D</D>
      <E>E</E>
      <F>F</F>
      <G>G</G>
      <H>H</H>
      <I>I</I>
      <J>J</J>
      <K>K</K>
      <L>L</L>
      <M>M</M>
      <N>N</N>
      <O>O</O>
      <P>P</P>
      <Q>Q</Q>
      <R>R</R>
      <S>S</S>
      <T>T</T>
      <U>U</U>
      <V>V</V>
      <W>W</W>
      <X>X</X>
      <Y>Y</Y>
      <Z>Z</Z>
      <Grave>Grave</Grave>
      <Minus>Minus</Minus>
      <Equals>Equals</Equals>
      <LeftBracket>LeftBracket</LeftBracket>
      <RightBracket>RightBracket</RightBracket>
      <BackSlash>BackSlash</BackSlash>
      <Semicolon>Semicolon</Semicolon>
      <Apostrophe>Apostrophe</Apostrophe>
      <Comma>Comma</Comma>
      <Period>Period</Period>
      <Slash>Slash</Slash>
      <Circumflex>Circumflex</Circumflex>
      <Yen>Yen</Yen>
      <At>At</At>
      <Colon>Colon</Colon>
      <LeftControl>Control (Left)</LeftControl>
      <RightControl>Control (Right)</RightControl>
      <LeftShift>Shift (Left)</LeftShift>
      <RightShift>Shift (Right)</RightShift>
      <LeftAlt>Alt (Left)</LeftAlt>
      <RightAlt>Alt (Right)</RightAlt>
      <LeftWin>Win (Left)</LeftWin>
      <RightWin>Win (Right)</RightWin>
      <Tab>Tab</Tab>
      <CapsLock>CapsLock</CapsLock>
      <Space>Space</Space>
      <BackSpace>BackSpace</BackSpace>
      <Enter>Enter</Enter>
      <Applications>Applications</Applications>
      <NoConvert>NoConvert</NoConvert>
      <Convert>Convert</Convert>
      <Kana>Kana</Kana>
      <Kanji>Kanji</Kanji>
      <Escape>Escape</Escape>
      <F1>F1</F1>
      <F2>F2</F2>
      <F3>F3</F3>
      <F4>F4</F4>
      <F5>F5</F5>
      <F6>F6</F6>
      <F7>F7</F7>
      <F8>F8</F8>
      <F9>F9</F9>
      <F10>F10</F10>
      <F11>F11</F11>
      <F12>F12</F12>
      <F13>F13</F13>
      <F14>F14</F14>
      <F15>F15</F15>
      <PrintScreen>PrintScreen</PrintScreen>
      <ScrollLock>ScrollLock</ScrollLock>
      <Pause>Pause</Pause>
      <Insert>Insert</Insert>
      <Delete>Delete</Delete>
      <Home>Home</Home>
      <End>End</End>
      <PageUp>PageUp</PageUp>
      <PageDown>PageDown</PageDown>
      <Up>Up</Up>
      <Down>Down</Down>
      <Left>Left</Left>
      <Right>Right</Right>
      <NumLock>NumLock</NumLock>
      <NumPad0>0 (NumPad)</NumPad0>
      <NumPad1>1 (NumPad)</NumPad1>
      <NumPad2>2 (NumPad)</NumPad2>
      <NumPad3>3 (NumPad)</NumPad3>
      <NumPad4>4 (NumPad)</NumPad4>
      <NumPad5>5 (NumPad)</NumPad5>
      <NumPad6>6 (NumPad)</NumPad6>
      <NumPad7>7 (NumPad)</NumPad7>
      <NumPad8>8 (NumPad)</NumPad8>
      <NumPad9>9 (NumPad)</NumPad9>
      <NumPadEnter>Enter (NumPad)</NumPadEnter>
      <Decimal>Decimal (NumPad)</Decimal>
      <Add>Add (NumPad)</Add>
      <Subtract>Subtract (NumPad)</Subtract>
      <Multiply>Multiply (NumPad)</Multiply>
      <Divide>Divide (NumPad)</Divide>
    </Key>

    <JoystickInput>
      <Button1>Button1</Button1>
      <Button2>Button2</Button2>
      <Button3>Button3</Button3>
      <Button4>Button4</Button4>
      <Button5>Button5</Button5>
      <Button6>Button6</Button6>
      <Button7>Button7</Button7>
      <Button8>Button8</Button8>
      <Button9>Button9</Button9>
      <Button10>Button10</Button10>
      <Button11>Button11</Button11>
      <Button12>Button12</Button12>
      <Button13>Button13</Button13>
      <Button14>Button14</Button14>
      <Button15>Button15</Button15>
      <Button16>Button16</Button16>
      <Button17>Button17</Button17>
      <Button18>Button18</Button18>
      <Button19>Button19</Button19>
      <Button20>Button20</Button20>
      <Button21>Button21</Button21>
      <Button22>Button22</Button22>
      <Button23>Button23</Button23>
      <Button24>Button24</Button24>
      <Button25>Button25</Button25>
      <Button26>Button26</Button26>
      <Button27>Button27</Button27>
      <Button28>Button28</Button28>
      <Button29>Button29</Button29>
      <Button30>Button30</Button30>
      <Button31>Button31</Button31>
      <Button32>Button32</Button32>
      <Pov1Up>POV1: Up</Pov1Up>
      <Pov1Down>POV1: Down</Pov1Down>
      <Pov1Left>POV1: Left</Pov1Left>
      <Pov1Right>POV1: Right</Pov1Right>
      <Pov2Up>POV2: Up</Pov2Up>
      <Pov2Down>POV2: Down</Pov2Down>
      <Pov2Left>POV2: Left</Pov2Left>
      <Pov2Right>POV2: Right</Pov2Right>
      <Pov3Up>POV3: Up</Pov3Up>
      <Pov3Down>POV3: Down</Pov3Down>
      <Pov3Left>POV3: Left</Pov3Left>
      <Pov3Right>POV3: Right</Pov3Right>
      <Pov4Up>POV4: Up</Pov4Up>
      <Pov4Down>POV4: Down</Pov4Down>
      <Pov4Left>POV4: Left</Pov4Left>
      <Pov4Right>POV4: Right</Pov4Right>
      <XAxisPositive>X-Axis: +</XAxisPositive>
      <XAxisPositiveRotary>X-Axis: + (Rotary)</XAxisPositiveRotary>
      <YAxisPositive>Y-Axis: +</YAxisPositive>
      <YAxisPositiveRotary>Y-Axis: + (Rotary)</YAxisPositiveRotary>
      <ZAxisPositive>Z-Axis: +</ZAxisPositive>
      <ZAxisPositiveRotary>Z-Axis: + (Rotary)</ZAxisPositiveRotary>
      <XAxisNegative>X-Axis: -</XAxisNegative>
      <XAxisNegativeRotary>X-Axis: - (Rotary)</XAxisNegativeRotary>
      <YAxisNegative>Y-Axis: -</YAxisNegative>
      <YAxisNegativeRotary>Y-Axis: - (Rotary)</YAxisNegativeRotary>
      <ZAxisNegative>Z-Axis: -</ZAxisNegative>
      <ZAxisNegativeRotary>Z-Axis: - (Rotary)</ZAxisNegativeRotary>
      <XRotatePositive>X-Rotate: +</XRotatePositive>
      <XRotatePositiveRotary>X-Rotate: + (Rotary)</XRotatePositiveRotary>
      <YRotatePositive>Y-Rotate: +</YRotatePositive>
      <YRotatePositiveRotary>Y-Rotate: + (Rotary)</YRotatePositiveRotary>
      <ZRotatePositive>Z-Rotate: +</ZRotatePositive>
      <ZRotatePositiveRotary>Z-Rotate: + (Rotary)</ZRotatePositiveRotary>
      <XRotateNegative>X-Rotate: -</XRotateNegative>
      <XRotateNegativeRotary>X-Rotate: - (Rotary)</XRotateNegativeRotary>
      <YRotateNegative>Y-Rotate: -</YRotateNegative>
      <YRotateNegativeRotary>Y-Rotate: - (Rotary)</YRotateNegativeRotary>
      <ZRotateNegative>Z-Rotate: -</ZRotateNegative>
      <ZRotateNegativeRotary>Z-Rotate: - (Rotary)</ZRotateNegativeRotary>
    </JoystickInput>

    <PlayingKeys>
      <Player1Key1>1P: Key1</Player1Key1>
      <Player1Key2>1P: Key2</Player1Key2>
      <Player1Key3>1P: Key3</Player1Key3>
      <Player1Key4>1P: Key4</Player1Key4>
      <Player1Key5>1P: Key5</Player1Key5>
      <Player1Key6>1P: Key6</Player1Key6>
      <Player1Key7>1P: Key7</Player1Key7>
      <Player1Key8>1P: Key8</Player1Key8>
      <Player1Key9>1P: Key9</Player1Key9>
      <Player1ScratchLeft>1P: Scratch Left</Player1ScratchLeft>
      <Player1ScratchRight>1P: Scratch Right</Player1ScratchRight>
      <Player1ScratchLeftRotary>1P: Scratch Left (Rotary)</Player1ScratchLeftRotary>
      <Player1ScratchRightRotary>1P: Scratch Right (Rotary)</Player1ScratchRightRotary>
      <Player1ScratchToggle>1P: Scratch (Toggle)</Player1ScratchToggle>
      <Player1Start>1P: Start</Player1Start>
      <Player1Select>1P: Select</Player1Select>
      <Player2Key1>2P: Key1</Player2Key1>
      <Player2Key2>2P: Key2</Player2Key2>
      <Player2Key3>2P: Key3</Player2Key3>
      <Player2Key4>2P: Key4</Player2Key4>
      <Player2Key5>2P: Key5</Player2Key5>
      <Player2Key6>2P: Key6</Player2Key6>
      <Player2Key7>2P: Key7</Player2Key7>
      <Player2ScratchLeft>2P: Scratch Left</Player2ScratchLeft>
      <Player2ScratchRight>2P: Scratch Right</Player2ScratchRight>
      <Player2ScratchLeftRotary>2P: Scratch Left (Rotary)</Player2ScratchLeftRotary>
      <Player2ScratchRightRotary>2P: Scratch Right (Rotary)</Player2ScratchRightRotary>
      <Player2ScratchToggle>2P: Scratch (Toggle)</Player2ScratchToggle>
      <Player2Start>2P: Start</Player2Start>
      <Player2Select>2P: Select</Player2Select>
    </PlayingKeys>
  </Enum>  
</Localization>