﻿<?xml version="1.0" encoding="utf-8" ?>
<Localization lang="ja-jp" name="Japanese" localname="日本語">
  <Form>
    <FormCommon>
      <OKButton>OK</OKButton>
      <CancelButton>キャンセル</CancelButton>
      <BrowseButton>参照...</BrowseButton>

      <PlayStyle7>7Keys</PlayStyle7>
      <PlayStyle14>14Keys</PlayStyle14>
      <PlayStyle5>5Keys</PlayStyle5>
      <PlayStyle10>10Keys</PlayStyle10>
      <PlayStyle9>9Buttons</PlayStyle9>

      <KeyAssignInputTypeLabel>入力タイプ</KeyAssignInputTypeLabel>
      <KeyAssignKeyLabel>キー</KeyAssignKeyLabel>
      <KeyAssignDetectButton>自動検出...</KeyAssignDetectButton>

      <KeyAssignAddButton>追加</KeyAssignAddButton>
      <KeyAssignChangeButton>変更</KeyAssignChangeButton>
      <KeyAssignRemoveButton>削除</KeyAssignRemoveButton>

      <KeyAssignInputTypeKeyboardItem>キーボード</KeyAssignInputTypeKeyboardItem>
      <KeyAssignInputTypeJoysticksItemFormat>ジョイスティック #{0}</KeyAssignInputTypeJoysticksItemFormat>
      <KeyAssignInputTypePlayingKeysItem>演奏キー</KeyAssignInputTypePlayingKeysItem>
    </FormCommon>
    
    <MainForm>
      <FormRoot>
        <FormTitle>mBMconfig - Configuration utility for mBMplay</FormTitle>
        <MainWindowLoadDefaultButton>デフォルトに戻す</MainWindowLoadDefaultButton>
        <MainWindowAppSettingsButton>mBMconfig の設定...</MainWindowAppSettingsButton>
        <MainWindowSaveButton>保存</MainWindowSaveButton>
        <MainWindowRestoreButton>元に戻す</MainWindowRestoreButton>
      </FormRoot>
      
      <GeneralTabPage>
        <TabName>全般</TabName>
        
        <WindowOptionGroupBox>ウィンドウ</WindowOptionGroupBox>
        <WindowStartPositionLabel>起動時の位置</WindowStartPositionLabel>
        <TargetDisplayLabel>ディスプレイ</TargetDisplayLabel>
        <TargetDisplayContainMouseCursorItem>マウスカーソルに依存</TargetDisplayContainMouseCursorItem>
        <TargetDisplayPrimaryDisplayItemFormat>プライマリディスプレイ (#{0})</TargetDisplayPrimaryDisplayItemFormat>
        <TargetDisplayItemFormat>ディスプレイ #{0}</TargetDisplayItemFormat>
        <WindowScaleLabel>拡大率</WindowScaleLabel>

        <GraphicsGroupBox>グラフィック</GraphicsGroupBox>
        <GraphicsTypeLabel>グラフィックAPI</GraphicsTypeLabel>
        <TargetUpdateRateLabel>内部処理レート</TargetUpdateRateLabel>
        <TargetUpdateRateSyncModeLabel>(0 = 同期モード)</TargetUpdateRateSyncModeLabel>
        <FilterLevelLabel>フィルターレベル</FilterLevelLabel>
        <GraphicsApiSettingsButton>グラフィックAPIの設定...</GraphicsApiSettingsButton>
        <VSyncCheckBox>垂直同期</VSyncCheckBox>

        <AudioGroupBox>オーディオ</AudioGroupBox>
        <AudioTypeLabel>オーディオAPI</AudioTypeLabel>
        <AudioApiSettingsButton>オーディオAPIの設定...</AudioApiSettingsButton>

        <ApiSettingsDialogTitleFormat>{0}の設定</ApiSettingsDialogTitleFormat>

        <PlayingOptionGroupBox>プレイオプション</PlayingOptionGroupBox>
        <HiSpeedLabel>Hi-SPEED</HiSpeedLabel>
        <HiSpeedFixTypeLabel>HS-FIXタイプ</HiSpeedFixTypeLabel>
        <PlaySideLabel>プレイサイド</PlaySideLabel>
        <LaneCoverLabel>レーンカバー</LaneCoverLabel>
        <LaneCoverPlayer1CheckBox>1P</LaneCoverPlayer1CheckBox>
        <LaneCoverPlayer2CheckBox>2P</LaneCoverPlayer2CheckBox>
        <LaneCoverRangeLabel>レーンカバー範囲 (%)</LaneCoverRangeLabel>
        <JudgeTimingLabel>判定タイミング (ms)</JudgeTimingLabel>
        <NoteTimingLabel>ノーツ表示タイミング (ms)</NoteTimingLabel>
        <LegacyLNModeCheckBox>従来型LNモード</LegacyLNModeCheckBox>

        <VolumeGroupBox>ボリューム</VolumeGroupBox>
        <MasterVolumeLabel>マスター</MasterVolumeLabel>
        <KeyVolumeLabel>キー</KeyVolumeLabel>
        <BgmVolumeLabel>BGM</BgmVolumeLabel>

        <GeneralOthersGroupBox>その他</GeneralOthersGroupBox>
        <DisplayNoteCountCheckBox>レーンごとのノーツカウントを表示</DisplayNoteCountCheckBox>
        <DisplayFpsCheckBox>FPS/UPSを表示</DisplayFpsCheckBox>        
      </GeneralTabPage>

      <SkinTabPage>
        <TabName>スキン</TabName>
        
        <SkinTypeLabel>スキンタイプ:</SkinTypeLabel>
        <SkinSelectLabel>スキン</SkinSelectLabel>
        
        <SkinInfoGroupBox>スキン情報</SkinInfoGroupBox>
        <SkinTitleLabel>タイトル:</SkinTitleLabel>
        <SkinVersionLabel>バージョン:</SkinVersionLabel>
        <SkinAuthorLabel>作者:</SkinAuthorLabel>

        <SkinOptionsGroupBox>スキンオプション</SkinOptionsGroupBox>
        <SkinOptionsOptionColumn>オプション</SkinOptionsOptionColumn>
        <SkinOptionsValueColumn>値</SkinOptionsValueColumn>
        <SkinOptionsLoadDefaultButton>デフォルトオプションに戻す</SkinOptionsLoadDefaultButton>

        <SkinSelectComboBoxUse7KeysSkinItem>(7Keysスキンを使用)</SkinSelectComboBoxUse7KeysSkinItem>
        <SkinSelectComboBoxUse14KeysSkinItem>(14Keysスキンを使用)</SkinSelectComboBoxUse14KeysSkinItem>
        <SkinOptionsDataGridViewRandomItem>(ランダム)</SkinOptionsDataGridViewRandomItem>
      </SkinTabPage>

      <PlayingKeyConfigTabPage>
        <TabName>キーコンフィグ (演奏キー)</TabName>
        
        <PlayingKeyPlayStyleLabel>プレイスタイル</PlayingKeyPlayStyleLabel>
        <PlayingKeyPlayStyleCopyButton>コピー...</PlayingKeyPlayStyleCopyButton>
        <PlayingKeyColumnHeader>キー</PlayingKeyColumnHeader>
        <PlayingKeyCountColumnHeader>設定数</PlayingKeyCountColumnHeader>
        <PlayingKeyUseUpperCheckBox7Keys>7Keysの設定を使用</PlayingKeyUseUpperCheckBox7Keys>
        <PlayingKeyUseUpperCheckBox14Keys>14Keysの設定を使用</PlayingKeyUseUpperCheckBox14Keys>

        <PlayingKeyCommonInputGroupBox>共通入力設定</PlayingKeyCommonInputGroupBox>
        <PlayingKeyMinKeyDownLabel>最短入力時間 (ms)</PlayingKeyMinKeyDownLabel>
        <PlayingKeyMinKeyUpLabel>最短入力間隔 (ms)</PlayingKeyMinKeyUpLabel>
      </PlayingKeyConfigTabPage>

      <ControlKeyConfigTabPage>
        <TabName>キーコンフィグ (操作)</TabName>
        
        <ControlKeyCategoryLabel>カテゴリ</ControlKeyCategoryLabel>
        <ControlActionColumnHeader>動作</ControlActionColumnHeader>
        <ControlActionCountColumnHeader>設定数</ControlActionCountColumnHeader>
        
        <ControlKeyAssignMultipleKeysButton>複数キーの割り当て...</ControlKeyAssignMultipleKeysButton>
      </ControlKeyConfigTabPage>

      <KeyConfigTabCommon>
        <KeyConfigLoadDefaultButton>デフォルトキーコンフィグに戻す</KeyConfigLoadDefaultButton>
        
        <KeyAssignGroupBox>キーアサイン</KeyAssignGroupBox>
        <KeyAssignInputTypeColumnHeader>入力タイプ</KeyAssignInputTypeColumnHeader>
        <KeyAssignKeyColumnHeader>キー</KeyAssignKeyColumnHeader>
      </KeyConfigTabCommon>

      <JoysticksTabPage>
        <TabName>ジョイスティック</TabName>
        
        <JoysticksDeviceGroupBox>デバイス</JoysticksDeviceGroupBox>
        <JoysticksIDColumnHeader>ID</JoysticksIDColumnHeader>
        <JoysticksNameColumnHeader>名前</JoysticksNameColumnHeader>
        <JoysticksGuidColumnHeader>GUID</JoysticksGuidColumnHeader>
        <JoysticksChangeIDButton>IDの変更...</JoysticksChangeIDButton>

        <JoysticksAnalogGroupBox>アナログ入力設定</JoysticksAnalogGroupBox>
        <JoysticksAnalogDeadZoneLabel>デッドゾーン (%)</JoysticksAnalogDeadZoneLabel>
        <JoysticksAnalogOnThresholdLabel>ONしきい値 (%)</JoysticksAnalogOnThresholdLabel>
        <JoysticksAnalogOffThresholdLabel>OFFしきい値 (%)</JoysticksAnalogOffThresholdLabel>

        <JoysticksScratchRotaryGroupBox>スクラッチ回転設定 (共通)</JoysticksScratchRotaryGroupBox>
        <JoysticksScratchRotaryUpdateIntervalLabel>更新間隔 (ms)</JoysticksScratchRotaryUpdateIntervalLabel>
        <JoysticksScratchRotaryActiveTimeLabel>アクティブ時間 (ms)</JoysticksScratchRotaryActiveTimeLabel>
        <JoysticksScratchRotaryThresholdLabel>しきい値</JoysticksScratchRotaryThresholdLabel>
      </JoysticksTabPage>
    </MainForm>

    <KeyDetectDialog>
      <FormTitle>検出中</FormTitle>
      <KeyDetectDialogLabelFormat>入力待機中... ({0})\n(Escキーでキャンセル)</KeyDetectDialogLabelFormat>
    </KeyDetectDialog>

    <MultipleKeysDialog>
      <FormTitle>複数キーの割当</FormTitle>
    </MultipleKeysDialog>

    <PlayingKeyAssignCopyDialog>
      <FormTitle>キーコンフィグのコピー</FormTitle>
      <PlayingKeyAssignCopyDestinationLabel>コピー先</PlayingKeyAssignCopyDestinationLabel>
      <PlayingKeyAssignCopyMergeCheckBox>2P側の設定を1P側に統合</PlayingKeyAssignCopyMergeCheckBox>
    </PlayingKeyAssignCopyDialog>

    <JoysticksChangeIDDialog>
      <FormTitle>IDの変更</FormTitle>
      <JoysticksChangeIDToLabel>変更後のID</JoysticksChangeIDToLabel>
      <JoysticksChangeIDCurrentIDLabelFormat>(変更前のID: {0})</JoysticksChangeIDCurrentIDLabelFormat>
    </JoysticksChangeIDDialog>

    <AppSettingsDialog>
      <FormTitle>mBMconfigの設定</FormTitle>
      <AppSettingsMBMPlayPathLabel>mBMplayのパス</AppSettingsMBMPlayPathLabel>
      <AppSettingsLanguageLabel>言語</AppSettingsLanguageLabel>
      <AppSettingsAboutButton>バージョン情報...</AppSettingsAboutButton>
    </AppSettingsDialog>

    <AboutDialog>
      <FormTitle>mBMconfig について</FormTitle>
      <AboutDescriptionLabel>このソフトウェアは、MITライセンスの元でリリースされています。</AboutDescriptionLabel>
    </AboutDialog>
  </Form>
  
  <Message>
    <MainWindowLoadDefaultDialog>すべての設定をデフォルトに戻します。\nよろしいですか?</MainWindowLoadDefaultDialog>
    <MainWindowRestoreDialog>すべての設定を変更前に戻します。\nよろしいですか?</MainWindowRestoreDialog>
    <MainWindowSettingsSavedDialog>設定を保存しました。</MainWindowSettingsSavedDialog>
    <MainWindowSettingsSaveWarningDialog>一部の設定の保存に失敗しました。</MainWindowSettingsSaveWarningDialog>
    <MainWindowSettingsSaveFailedDialogFormat>"{}" の保存に失敗しました。</MainWindowSettingsSaveFailedDialogFormat>
    <MainWindowSettingsChangedDialog>設定が変更されています。\n保存しますか?</MainWindowSettingsChangedDialog>
    <MainWindowMBMPlayPathChangedDialog>mBMplayのパスの変更は次回mBMconfig起動時に適用されます。</MainWindowMBMPlayPathChangedDialog>
    <InvalidMBMPlayPathDialog>mBMplay のパスが無効です。</InvalidMBMPlayPathDialog>
    <RequireSetMBMPlayPathDialog>mBMplay のパスを設定してください。</RequireSetMBMPlayPathDialog>
  </Message>

  <ApiSettings>
    <Graphics>
      <ApiSettingsCommon>
        <BufferCount>バッファ数</BufferCount>
        <MaxObjects>最大オブジェクト数</MaxObjects>
        <MaxTextures>最大テクスチャ数</MaxTextures>
      </ApiSettingsCommon>
      
      <DirectX12>        
        <MaxDynamicTextureUpdateThreads>動的テクスチャ更新スレッド数</MaxDynamicTextureUpdateThreads>
      </DirectX12>
    </Graphics>
    
    <Audio>
      <ApiSettingsCommon>
        <ForceResampling>強制再サンプリング</ForceResampling>
        <DefaultFrequency>デフォルトサンプリングレート (Hz)</DefaultFrequency>
        <DefaultBitsPerSample>デフォルトビット数</DefaultBitsPerSample>
        <DefaultChannels>デフォルトチャンネル</DefaultChannels>
      </ApiSettingsCommon>
      
      <OpenAL>
        <HaveSourcePerBuffer>バッファ毎にソースを保持</HaveSourcePerBuffer>
        <MaxSourceCount>最大ソース数</MaxSourceCount>
        <Latency>レイテンシ</Latency>
      </OpenAL>
    </Audio>    
  </ApiSettings>

  <KeyConfig>
    <General>
      <CategoryName>全般</CategoryName>
      <Exit>終了</Exit>
      <DisplayFps>FPS/UPSの表示</DisplayFps>
    </General>

    <PreloadScene>
      <CategoryName>ロード前</CategoryName>
      <OpenFileDialog>ファイル選択ダイアログの表示</OpenFileDialog>
    </PreloadScene>

    <PlayScene>
      <CategoryName>プレイ中</CategoryName>
      <BackBar>小節戻し</BackBar>
      <BackBar4>小節戻し (4小節)</BackBar4>
      <BackBarTime>小節戻し (5秒)</BackBarTime>
      <ForwardBar>小節送り</ForwardBar>
      <ForwardBar4>小節送り (4小節)</ForwardBar4>
      <ForwardBarTime>小節送り (5秒)</ForwardBarTime>
      <IncreaseMusicSpeed>曲スピード増加</IncreaseMusicSpeed>
      <DecreaseMusicSpeed>曲スピード減少</DecreaseMusicSpeed>
      <ResetMusicSpeed>曲スピードリセット</ResetMusicSpeed>
      <ToggleAutoplay>プレイモード切り替え</ToggleAutoplay>
      <BackToStart>曲の先頭に戻す</BackToStart>
      <BackToStartInTestPlay>曲の先頭に戻す (テストプレイ中)</BackToStartInTestPlay>
      <Reload>曲再読み込み</Reload>
      <ChangeLNMode>LNモードの変更</ChangeLNMode>
      <MasterVolumeUp>マスターボリューム増加</MasterVolumeUp>
      <MasterVolumeUp1>マスターボリューム増加 (1)</MasterVolumeUp1>
      <MasterVolumeUp10>マスターボリューム増加 (10)</MasterVolumeUp10>
      <MasterVolumeMax>マスターボリューム最大</MasterVolumeMax>
      <MasterVolumeDown>マスターボリューム減少</MasterVolumeDown>
      <MasterVolumeDown1>マスターボリューム減少 (1)</MasterVolumeDown1>
      <MasterVolumeDown10>マスターボリューム減少 (10)</MasterVolumeDown10>
      <MasterVolumeMute>マスターボリュームミュート</MasterVolumeMute>
      <KeyVolumeUp>キーボリューム増加</KeyVolumeUp>
      <KeyVolumeUp1>キーボリューム増加 (1)</KeyVolumeUp1>
      <KeyVolumeUp10>キーボリューム増加 (10)</KeyVolumeUp10>
      <KeyVolumeMax>キーボリューム最大</KeyVolumeMax>
      <KeyVolumeDown>キーボリューム減少</KeyVolumeDown>
      <KeyVolumeDown1>キーボリューム減少 (1)</KeyVolumeDown1>
      <KeyVolumeDown10>キーボリューム減少 (10)</KeyVolumeDown10>
      <KeyVolumeMute>キーボリュームミュート</KeyVolumeMute>
      <BgmVolumeUp>BGMボリューム増加</BgmVolumeUp>
      <BgmVolumeUp1>BGMボリューム増加 (1)</BgmVolumeUp1>
      <BgmVolumeUp10>BGMボリューム増加 (10)</BgmVolumeUp10>
      <BgmVolumeMax>BGMボリューム最大</BgmVolumeMax>
      <BgmVolumeDown>BGMボリューム減少</BgmVolumeDown>
      <BgmVolumeDown1>BGMボリューム減少 (1)</BgmVolumeDown1>
      <BgmVolumeDown10>BGMボリューム減少 (10)</BgmVolumeDown10>
      <BgmVolumeMute>BGMボリュームミュート</BgmVolumeMute>
      <HiSpeedUp>Hi-SPEED増加</HiSpeedUp>
      <HiSpeedUp1>Hi-SPEED増加 (1.00)</HiSpeedUp1>
      <HiSpeedUp005>Hi-SPEED増加 (0.05)</HiSpeedUp005>
      <HiSpeedDown>Hi-SPEED減少</HiSpeedDown>
      <HiSpeedDown1>Hi-SPEED減少 (1.00)</HiSpeedDown1>
      <HiSpeedDown005>Hi-SPEED減少 (0.05)</HiSpeedDown005>
      <HiSpeedReset>Hi-SPEEDリセット</HiSpeedReset>
      <ChangeHSFix>HS-FIXモード変更</ChangeHSFix>
      <ChangeHSFixBack>HS-FIXモード変更 (逆順)</ChangeHSFixBack>
      <Player1LaneCoverToggle>1P: レーンカバーON/OFF</Player1LaneCoverToggle>
      <Player2LaneCoverToggle>2P: レーンカバーON/OFF</Player2LaneCoverToggle>
      <LaneCoverUp>レーンカバー上昇</LaneCoverUp>
      <LaneCoverUp10>レーンカバー上昇 (10)</LaneCoverUp10>
      <LaneCoverUp01>レーンカバー上昇 (0.1)</LaneCoverUp01>
      <LaneCoverUp005>レーンカバー上昇 (0.05)</LaneCoverUp005>
      <LaneCoverDown>レーンカバー下降</LaneCoverDown>
      <LaneCoverDown10>レーンカバー下降 (10)</LaneCoverDown10>
      <LaneCoverDown01>レーンカバー下降 (0.1)</LaneCoverDown01>
      <LaneCoverDown005>レーンカバー下降 (0.05)</LaneCoverDown005>
      <ChangePlaySide>プレイサイド変更</ChangePlaySide>
      <DisplayNoteCount>ノーツカウントの表示</DisplayNoteCount>
    </PlayScene>
  </KeyConfig>
  
  <Enum>
    <WindowPosition>
      <CenterScreen>画面中央</CenterScreen>
      <Manual>マニュアル</Manual>
    </WindowPosition>
    
    <GraphicsType>
      <DirectX9>DirectX9</DirectX9>
      <DirectX11>DirectX11</DirectX11>
      <DirectX12>DirectX12</DirectX12>
      <OpenGL>OpenGL</OpenGL>
      <Vulkan>Vulkan</Vulkan>
    </GraphicsType>

    <FilterLevel>
      <Disabled>無効</Disabled>
      <BySkin>スキンに従う</BySkin>
      <ForceOnScaled>拡大/縮小時に強制</ForceOnScaled>
      <ForceAlways>常時強制</ForceAlways>
    </FilterLevel>

    <AudioType>
      <DirectSound>DirectSound</DirectSound>
      <XAudio2>XAudio2</XAudio2>
      <OpenAL>OpenAL</OpenAL>
    </AudioType>

    <HiSpeedFixType>
      <None>OFF</None>
      <Max>MAXFIX</Max>
      <Min>MINFIX</Min>
      <MainNotes>MAINFIX (ノーツ)</MainNotes>
      <MainTime>MAINFIX (時間)</MainTime>
      <RegularSpeed>REG-SPEED</RegularSpeed>
    </HiSpeedFixType>

    <PlaySide>
      <Left>1P</Left>
      <Right>2P</Right>
      <Both>バトル</Both>
    </PlaySide>

    <SkinType>
      <Preload>ロード前</Preload>
    </SkinType>

    <Key>
      <Control>Ctrl</Control>
      <Shift>Shift</Shift>
      <Alt>Alt</Alt>
      <D0>0</D0>
      <D1>1</D1>
      <D2>2</D2>
      <D3>3</D3>
      <D4>4</D4>
      <D5>5</D5>
      <D6>6</D6>
      <D7>7</D7>
      <D8>8</D8>
      <D9>9</D9>
      <A>A</A>
      <B>B</B>
      <C>C</C>
      <D>D</D>
      <E>E</E>
      <F>F</F>
      <G>G</G>
      <H>H</H>
      <I>I</I>
      <J>J</J>
      <K>K</K>
      <L>L</L>
      <M>M</M>
      <N>N</N>
      <O>O</O>
      <P>P</P>
      <Q>Q</Q>
      <R>R</R>
      <S>S</S>
      <T>T</T>
      <U>U</U>
      <V>V</V>
      <W>W</W>
      <X>X</X>
      <Y>Y</Y>
      <Z>Z</Z>
      <Grave>グラーブ (`)</Grave>
      <Minus>ハイフン (-)</Minus>
      <Equals>等号 (=)</Equals>
      <LeftBracket>左ブラケット ([)</LeftBracket>
      <RightBracket>右ブラケット (])</RightBracket>
      <BackSlash>バックスラッシュ (＼)</BackSlash>
      <Semicolon>セミコロン (;)</Semicolon>
      <Apostrophe>アポストロフィー (')</Apostrophe>
      <Comma>カンマ (,)</Comma>
      <Period>ピリオド (.)</Period>
      <Slash>スラッシュ (/)</Slash>
      <Circumflex>サーカムフレックス (^)</Circumflex>
      <Yen>円記号 (￥)</Yen>
      <At>アットマーク (@)</At>
      <Colon>コロン (:)</Colon>
      <LeftControl>Ctrl (左)</LeftControl>
      <RightControl>Ctrl (右)</RightControl>
      <LeftShift>Shift (左)</LeftShift>
      <RightShift>Shift (右)</RightShift>
      <LeftAlt>Alt (左)</LeftAlt>
      <RightAlt>Alt (右)</RightAlt>
      <LeftWin>Win (左)</LeftWin>
      <RightWin>Win (右)</RightWin>
      <Tab>Tab</Tab>
      <CapsLock>CapsLock</CapsLock>
      <Space>Space</Space>
      <BackSpace>BackSpace</BackSpace>
      <Enter>Enter</Enter>
      <Applications>アプリケーション</Applications>
      <NoConvert>無変換</NoConvert>
      <Convert>変換</Convert>
      <Kana>カタカナ/ひらがな</Kana>
      <Kanji>半角/全角</Kanji>
      <Escape>Esc</Escape>
      <F1>F1</F1>
      <F2>F2</F2>
      <F3>F3</F3>
      <F4>F4</F4>
      <F5>F5</F5>
      <F6>F6</F6>
      <F7>F7</F7>
      <F8>F8</F8>
      <F9>F9</F9>
      <F10>F10</F10>
      <F11>F11</F11>
      <F12>F12</F12>
      <F13>F13</F13>
      <F14>F14</F14>
      <F15>F15</F15>
      <PrintScreen>PrintScreen</PrintScreen>
      <ScrollLock>ScrollLock</ScrollLock>
      <Pause>Pause</Pause>
      <Insert>Insert</Insert>
      <Delete>Delete</Delete>
      <Home>Home</Home>
      <End>End</End>
      <PageUp>PageUp</PageUp>
      <PageDown>PageDown</PageDown>
      <Up>上矢印</Up>
      <Down>下矢印</Down>
      <Left>左矢印</Left>
      <Right>右矢印</Right>
      <NumLock>NumLock</NumLock>
      <NumPad0>0 (テンキー)</NumPad0>
      <NumPad1>1 (テンキー)</NumPad1>
      <NumPad2>2 (テンキー)</NumPad2>
      <NumPad3>3 (テンキー)</NumPad3>
      <NumPad4>4 (テンキー)</NumPad4>
      <NumPad5>5 (テンキー)</NumPad5>
      <NumPad6>6 (テンキー)</NumPad6>
      <NumPad7>7 (テンキー)</NumPad7>
      <NumPad8>8 (テンキー)</NumPad8>
      <NumPad9>9 (テンキー)</NumPad9>
      <NumPadEnter>Enter (テンキー)</NumPadEnter>
      <Decimal>小数点 (テンキー)</Decimal>
      <Add>加算 (テンキー)</Add>
      <Subtract>減算 (テンキー)</Subtract>
      <Multiply>乗算 (テンキー)</Multiply>
      <Divide>除算 (テンキー)</Divide>
    </Key>

    <JoystickInput>
      <Button1>ボタン1</Button1>
      <Button2>ボタン2</Button2>
      <Button3>ボタン3</Button3>
      <Button4>ボタン4</Button4>
      <Button5>ボタン5</Button5>
      <Button6>ボタン6</Button6>
      <Button7>ボタン7</Button7>
      <Button8>ボタン8</Button8>
      <Button9>ボタン9</Button9>
      <Button10>ボタン10</Button10>
      <Button11>ボタン11</Button11>
      <Button12>ボタン12</Button12>
      <Button13>ボタン13</Button13>
      <Button14>ボタン14</Button14>
      <Button15>ボタン15</Button15>
      <Button16>ボタン16</Button16>
      <Button17>ボタン17</Button17>
      <Button18>ボタン18</Button18>
      <Button19>ボタン19</Button19>
      <Button20>ボタン20</Button20>
      <Button21>ボタン21</Button21>
      <Button22>ボタン22</Button22>
      <Button23>ボタン23</Button23>
      <Button24>ボタン24</Button24>
      <Button25>ボタン25</Button25>
      <Button26>ボタン26</Button26>
      <Button27>ボタン27</Button27>
      <Button28>ボタン28</Button28>
      <Button29>ボタン29</Button29>
      <Button30>ボタン30</Button30>
      <Button31>ボタン31</Button31>
      <Button32>ボタン32</Button32>
      <Pov1Up>POV1: 上</Pov1Up>
      <Pov1Down>POV1: 下</Pov1Down>
      <Pov1Left>POV1: 左</Pov1Left>
      <Pov1Right>POV1: 右</Pov1Right>
      <Pov2Up>POV2: 上</Pov2Up>
      <Pov2Down>POV2: 下</Pov2Down>
      <Pov2Left>POV2: 左</Pov2Left>
      <Pov2Right>POV2: 右</Pov2Right>
      <Pov3Up>POV3: 上</Pov3Up>
      <Pov3Down>POV3: 下</Pov3Down>
      <Pov3Left>POV3: 左</Pov3Left>
      <Pov3Right>POV3: 右</Pov3Right>
      <Pov4Up>POV4: 上</Pov4Up>
      <Pov4Down>POV4: 下</Pov4Down>
      <Pov4Left>POV4: 左</Pov4Left>
      <Pov4Right>POV4: 右</Pov4Right>
      <XAxisPositive>X軸: +</XAxisPositive>
      <XAxisPositiveRotary>X軸: + (ロータリー)</XAxisPositiveRotary>
      <YAxisPositive>Y軸: +</YAxisPositive>
      <YAxisPositiveRotary>Y軸: + (ロータリー)</YAxisPositiveRotary>
      <ZAxisPositive>Z軸: +</ZAxisPositive>
      <ZAxisPositiveRotary>Z軸: + (ロータリー)</ZAxisPositiveRotary>
      <XAxisNegative>X軸: -</XAxisNegative>
      <XAxisNegativeRotary>X軸: - (ロータリー)</XAxisNegativeRotary>
      <YAxisNegative>Y軸: -</YAxisNegative>
      <YAxisNegativeRotary>Y軸: - (ロータリー)</YAxisNegativeRotary>
      <ZAxisNegative>Z軸: -</ZAxisNegative>
      <ZAxisNegativeRotary>Z軸: - (ロータリー)</ZAxisNegativeRotary>
      <XRotatePositive>X回転: +</XRotatePositive>
      <XRotatePositiveRotary>X回転: + (ロータリー)</XRotatePositiveRotary>
      <YRotatePositive>Y回転: +</YRotatePositive>
      <YRotatePositiveRotary>Y回転: + (ロータリー)</YRotatePositiveRotary>
      <ZRotatePositive>Z回転: +</ZRotatePositive>
      <ZRotatePositiveRotary>Z回転: + (ロータリー)</ZRotatePositiveRotary>
      <XRotateNegative>X回転: -</XRotateNegative>
      <XRotateNegativeRotary>X回転: - (ロータリー)</XRotateNegativeRotary>
      <YRotateNegative>Y回転: -</YRotateNegative>
      <YRotateNegativeRotary>Y回転: - (ロータリー)</YRotateNegativeRotary>
      <ZRotateNegative>Z回転: -</ZRotateNegative>
      <ZRotateNegativeRotary>Z回転: - (ロータリー)</ZRotateNegativeRotary>
    </JoystickInput>

    <PlayingKeys>
      <Player1Key1>1P: 1鍵</Player1Key1>
      <Player1Key2>1P: 2鍵</Player1Key2>
      <Player1Key3>1P: 3鍵</Player1Key3>
      <Player1Key4>1P: 4鍵</Player1Key4>
      <Player1Key5>1P: 5鍵</Player1Key5>
      <Player1Key6>1P: 6鍵</Player1Key6>
      <Player1Key7>1P: 7鍵</Player1Key7>
      <Player1Key8>1P: 8鍵</Player1Key8>
      <Player1Key9>1P: 9鍵</Player1Key9>
      <Player1ScratchLeft>1P: スクラッチ左</Player1ScratchLeft>
      <Player1ScratchRight>1P: スクラッチ右</Player1ScratchRight>
      <Player1ScratchLeftRotary>1P: スクラッチ左 (ロータリー)</Player1ScratchLeftRotary>
      <Player1ScratchRightRotary>1P: スクラッチ右 (ロータリー)</Player1ScratchRightRotary>
      <Player1ScratchToggle>1P: スクラッチ (トグル)</Player1ScratchToggle>
      <Player1Start>1P: START</Player1Start>
      <Player1Select>1P: SELECT</Player1Select>
      <Player2Key1>2P: 1鍵</Player2Key1>
      <Player2Key2>2P: 2鍵</Player2Key2>
      <Player2Key3>2P: 3鍵</Player2Key3>
      <Player2Key4>2P: 4鍵</Player2Key4>
      <Player2Key5>2P: 5鍵</Player2Key5>
      <Player2Key6>2P: 6鍵</Player2Key6>
      <Player2Key7>2P: 7鍵</Player2Key7>
      <Player2ScratchLeft>2P: スクラッチ左</Player2ScratchLeft>
      <Player2ScratchRight>2P: スクラッチ右</Player2ScratchRight>
      <Player2ScratchLeftRotary>2P: スクラッチ左 (ロータリー)</Player2ScratchLeftRotary>
      <Player2ScratchRightRotary>2P: スクラッチ右 (ロータリー)</Player2ScratchRightRotary>
      <Player2ScratchToggle>2P: スクラッチ (トグル)</Player2ScratchToggle>
      <Player2Start>2P: START</Player2Start>
      <Player2Select>2P: SELECT</Player2Select>
    </PlayingKeys>
  </Enum>  
</Localization>