{
  "format_version": "1.8.0", 
  "animations": {
      "animation.energy_totem": {
        "timeline": {
            "0.5": [
                "/execute @s[scores={wbfl=..19}] ~ ~ ~ particle dec:white_star_particle ~~1~",
                "/scoreboard players add @s[scores={wbfl=..19}] wbfl 1"
            ],
            "1.5": [
                "/execute @s[scores={wbfl=..19}] ~ ~ ~ particle dec:white_star_particle ~~1~",
                "/scoreboard players add @s[scores={wbfl=..19}] wbfl 1"
            ]
        }, 
        "animation_length": 2, 
        "loop": true
      }
   }
}