{
  "format_version": "1.11.0",
  "minecraft:entity": {
    "description": {
      "identifier": "wb:cannon_ancient_stone",
      "is_spawnable": false,
      "is_summonable": true,
      "is_experimental": false,
      "runtime_identifier": "wb:cannon_ancient_stone"
    },
    "component_groups": {
      "free": {
        "minecraft:is_baby": {},
        "minecraft:timer": {
          "time": 20,
          "looping": true,
          "time_down_event": {
            "event": "sss",
            "target": "self"
          }
        },
        "minecraft:movement": {
          "value": 0.01
        },
        "minecraft:explode": {
          "fuseLength": 10,
          "fuseLit": true,
          "breaks_blocks": false,
          "power": 0,
          "destroyAffectedByGriefing": true
        },
        "minecraft:navigation.float": {
        "can_path_over_water": true
      },
      "minecraft:behavior.float_wander": {
        "priority": 2,
        "must_reach": true
      },
      "minecraft:can_fly": {
      },
      "minecraft:jump.static": {
      },
      "minecraft:behavior.float": {
        "priority": 0
      },
        
        "minecraft:nameable": {},
        "minecraft:behavior.look_at_player": {
          "priority": 7,
          "look_distance": 6,
          "probability": 0.02
        },
        "minecraft:behavior.random_look_around": {
          "priority": 8
        },
        "minecraft:behavior.nearest_attackable_target": {
          "priority": 3,
          "entity_types": [
            {
              "filters": {
                "all_of": [
                  {
                    "test": "is_family",
                    "operator": "!=",
                    "subject": "other",
                    "value": "ancient"
                  }
                ]
              },
              "within_default": 64
            }
          ],
          "must_see": true,
          "must_reach": true
        },
        "minecraft:behavior.hurt_by_target": {
          "priority": 2
        },
        "minecraft:follow_range": {
          "value": 64
        },
        "minecraft:physics": {},
        "minecraft:shooter": {
          "def": "wb:ball_ancient_stonea"
        },
        "minecraft:behavior.ranged_attack": {
          "priority": 4,
          "attack_interval_min": 1,
          "attack_interval_max": 1.5,
          "charge_charged_trigger": 0,
          "charge_shoot_trigger": 1,
          "attack_radius": 64,
          "burst_shots": 3,
          "burst_interval": 0.3
        }
      },
      "gj": {
        "minecraft:spawn_entity": [
          {
            "min_wait_time": 0.9,
            "max_wait_time": 1.2,
            "spawn_entity": "wb:ball_ancient_stonea"
          }
        ]
      }
    },
    "components": {
      "minecraft:timer": {
        "time": 3.5,
        "looping": true,
        "time_down_event": {
          "event": "sss",
          "target": "self"
        }
      },
      "minecraft:damage_sensor": [
        {
          "cause": "all",
          "deals_damage": false
        }
      ],
      "minecraft:knockback_resistance": {
        "value": 1
      },
      "minecraft:explode": {
        "fuseLength": 5,
        "fuseLit": true,
        "breaks_blocks": false,
        "power": 0,
        "destroyAffectedByGriefing": true
      },
      "minecraft:fire_immune": true,
      "minecraft:type_family": {
        "family": [
          "moster",
          "ancient"
        ]
      },
      "minecraft:scale": {
        "value": 0.7
      },
      "minecraft:collision_box": {
        "width": 0.1,
        "height": 0.1
      },
      "minecraft:health": {
        "value": 1100,
        "max": 1100
      },
      "minecraft:movement": {
        "value": 0
      },
      "minecraft:follow_range": {
        "value": 64
      }
    },
    "events": {
      "sss": {
        "add": {
          "component_groups": [
            "gj"
          ]
        }
      },
      "free": {
        "add": {
          "component_groups": [
            "free"
          ]
        }
      }
    }
  }
}