{
  "format_version":"1.11.0",
  "minecraft:entity":{
    "description":{
      "identifier":"wb:magic_stoneman_a",
      "is_spawnable":true,
      "is_summonable":true,
      "is_experimental":false,
      "runtime_identifier":"wb:magic_stoneman_a",
      "animations":{
        "base":"controller.animation.wb_magic_stone_a"
      },
      "scripts":{
        "animate":[
          "base"
        ]
      }
    },
    "component_groups":{
        "zd":{
      "minecraft:transformation": {
          "into": "wb:magic_stoneman<minecraft:entity_spawned>"
        }
        },
      "basex":{
        "minecraft:interact":[
        {
          "interact_text":"把信件交给他",
          "use_item":true,
          "on_interact":{
              "filters": { 
                "all_of": [
                  { "test": "has_equipment", "domain": "hand", "subject": "other", "value": "wb:message_stone"}
                ] 
              },
            "event":"pyctaxgkgeoq",
            "target":"self"
          }
        },
        {
            "on_interact": {
              "event":"zd",
              "filters": { 
                "all_of": [
                  { "test": "has_equipment", "domain": "hand", "subject": "other","operator":"!=","value": "wb:message_stone"}
                ] 
              }
            },
            "use_item": false,
            "interact_text": "战斗"
          }
        ]
      },
      "pyctaxgkgeoq":{
        "minecraft:variant":{
          "value":1
        },
        "minecraft:interact":{
          "use_item":false,
          "interact_text":"对话",
          "on_interact":{
            "target":"self",
            "event":"pdfiyqwkmenn"
          }
        }
      },
      "pdfiyqwkmenn":{
        "minecraft:variant":{
          "value":2
        },
        "minecraft:interact":{
          "use_item":false,
          "interact_text":"对话",
          "on_interact":{
            "target":"self",
            "event":"qofvodnxrkcw"
          }
        }
      },
      "qofvodnxrkcw":{
        "minecraft:variant":{
          "value":3
        },
        "minecraft:interact":{
          "use_item":false,
          "interact_text":"对话",
          "on_interact":{
            "target":"self",
            "event":"eilhkfyhutso"
          }
        }
      },
      "eilhkfyhutso":{
        "minecraft:variant":{
          "value":4
        },
        "minecraft:interact":{
          "use_item":false,
          "interact_text":"对话",
          "on_interact":{
            "target":"self",
            "event":"ohgkicweydab"
          }
        }
      },
      "ohgkicweydab":{
        "minecraft:variant":{
          "value":5
        },
        "minecraft:interact":{
          "use_item":false,
          "interact_text":"对话",
          "on_interact":{
            "target":"self",
            "event":"ijdjouhaffbd"
          }
        }
      },
      "ijdjouhaffbd":{
        "minecraft:variant":{
          "value":6
        },
        "minecraft:interact":{
          "use_item":false,
          "interact_text":"对话",
          "on_interact":{
            "target":"self",
            "event":"zwvrdmsqlqlt"
          }
        }
      },
      "zwvrdmsqlqlt":{
        "minecraft:variant":{
          "value":7
        },
        "minecraft:interact":{
          "use_item":false,
          "interact_text":"对话",
          "on_interact":{
            "target":"self",
            "event":"jicqstmnmalg"
          }
        }
      },
      "jicqstmnmalg":{
        "minecraft:variant":{
          "value":8
        },
        "minecraft:interact":{
          "use_item":false,
          "interact_text":"对话",
          "on_interact":{
            "target":"self",
            "event":"rbhzclpwtlxk"
          }
        }
      },
      "rbhzclpwtlxk":{
        "minecraft:variant":{
          "value":9
        },
        "minecraft:interact":{
          "use_item":false,
          "interact_text":"对话",
          "on_interact":{
            "target":"self",
            "event":"qqoijxhphbop"
          }
        }
      },
      "qqoijxhphbop":{
        "minecraft:variant":{
          "value":10
        },
        "minecraft:interact":{
          "use_item":false,
          "interact_text":"对话",
          "on_interact":{
            "target":"self",
            "event":"yupjersgjfri"
          }
        }
      },
      "yupjersgjfri":{
        "minecraft:variant":{
          "value":11
        },
        "minecraft:interact":{
          "use_item":false,
          "interact_text":"对话",
          "on_interact":{
            "target":"self",
            "event":"ukzxddhvtrug"
          }
        }
      },
      "ukzxddhvtrug":{
        "minecraft:variant":{
          "value":12
        },
        "minecraft:interact":{
          "use_item":false,
          "interact_text":"对话",
          "on_interact":{
            "target":"self",
            "event":"queakfwivjbu"
          }
        }
      },
      "queakfwivjbu":{
        "minecraft:variant":{
          "value":13
        },
        "minecraft:interact":{
          "use_item":false,
          "interact_text":"对话",
          "on_interact":{
            "target":"self",
            "event":"lssdmbosuogr"
          }
        }
      },
      "lssdmbosuogr":{
        "minecraft:variant":{
          "value":14
        },
        "minecraft:interact":{
          "use_item":false,
          "interact_text":"对话",
          "on_interact":{
            "target":"self",
            "event":"qtijqrdleyjy"
          }
        }
      },
      "qtijqrdleyjy":{
        "minecraft:variant":{
          "value":15
        },
        "minecraft:interact":{
          "use_item":false,
          "interact_text":"对话",
          "on_interact":{
            "target":"self",
            "event":"fceixwqpgtoy"
          }
        }
      },
      "fceixwqpgtoy":{
        "minecraft:variant":{
          "value":16
        },
        "minecraft:interact":{
          "use_item":false,
          "interact_text":"对话",
          "on_interact":{
            "target":"self",
            "event":"tflbyoulxlvm"
          }
        }
      },
      "tflbyoulxlvm":{
        "minecraft:variant":{
          "value":17
        },
        "minecraft:interact":{
          "use_item":false,
          "interact_text":"对话",
          "on_interact":{
            "target":"self",
            "event":"uaxtsrkdmuun"
          }
        }
      },
      "uaxtsrkdmuun":{
        "minecraft:variant":{
          "value":18
        },
        "minecraft:interact":{
          "use_item":false,
          "interact_text":"对话",
          "on_interact":{
            "target":"self",
            "event":"acfepwjfasgl"
          }
        }
      },
      "acfepwjfasgl":{
        "minecraft:variant":{
          "value":19
        },
        "minecraft:interact":{
          "use_item":false,
          "interact_text":"对话",
          "on_interact":{
            "target":"self",
            "event":"kmlmzaikyrny"
          }
        }
      },
      "kmlmzaikyrny":{
        "minecraft:variant":{
          "value":20
        },
        "minecraft:interact":{
          "use_item":false,
          "interact_text":"对话",
          "on_interact":{
            "target":"self",
            "event":"iztmjegyumnk"
          }
        }
      },
      "iztmjegyumnk":{
        "minecraft:variant":{
          "value":21
        },
        "minecraft:interact":{
          "use_item":false,
          "interact_text":"对话",
          "on_interact":{
            "target":"self",
            "event":"fkvlcivbficg"
          }
        }
      },
      "fkvlcivbficg":{
        "minecraft:variant":{
          "value":22
        },
        "minecraft:interact":{
          "use_item":false,
          "interact_text":"对话",
          "on_interact":{
            "target":"self",
            "event":"tjyqejkuftyp"
          }
        }
      },
      "tjyqejkuftyp":{
        "minecraft:variant":{
          "value":23
        },
        "minecraft:interact":{
          "use_item":false,
          "interact_text":"对话",
          "on_interact":{
            "target":"self",
            "event":"uadwzrreexiz"
          }
        }
      },
      "uadwzrreexiz":{
        "minecraft:variant":{
          "value":24
        },
        "minecraft:interact":{
          "use_item":false,
          "interact_text":"对话",
          "on_interact":{
            "target":"self",
            "event":"jqkclshaoxfc"
          }
        }
      },
      "jqkclshaoxfc":{
        "minecraft:variant":{
          "value":25
        },
        "minecraft:interact":{
          "use_item":false,
          "interact_text":"对话",
          "on_interact":{
            "target":"self",
            "event":"ifyivfrngkwz"
          }
        }
      },
      "ifyivfrngkwz":{
        "minecraft:variant":{
          "value":26
        },
        "minecraft:interact":{
          "use_item":false,
          "interact_text":"对话",
          "on_interact":{
            "target":"self",
            "event":"rgsayfwvhapo"
          }
        }
      },
      "rgsayfwvhapo":{
        "minecraft:variant":{
          "value":27
        },
        "minecraft:interact":{
          "use_item":false,
          "interact_text":"对话",
          "on_interact":{
            "target":"self",
            "event":"lalxkvfhpmyu"
          }
        }
      },
      "lalxkvfhpmyu":{
        "minecraft:variant":{
          "value":28
        },
        "minecraft:interact":{
          "use_item":false,
          "interact_text":"对话",
          "on_interact":{
            "target":"self",
            "event":"zrlatgxqyyew"
          }
        }
      },
      "zrlatgxqyyew":{
        "minecraft:variant":{
          "value":29
        },
        "minecraft:interact":{
          "use_item":false,
          "interact_text":"对话",
          "on_interact":{
            "target":"self",
            "event":"pcxfmyiqnmbq"
          }
        }
      },
      "pcxfmyiqnmbq":{
        "minecraft:variant":{
          "value":30
        },
        "minecraft:interact":{
          "use_item":false,
          "interact_text":"对话",
          "on_interact":{
            "target":"self",
            "event":"xzbvhscemnan"
          }
        }
      },
      "xzbvhscemnan":{
        "minecraft:variant":{
          "value":31
        },
        "minecraft:interact":{
          "use_item":false,
          "interact_text":"对话",
          "on_interact":{
            "target":"self",
            "event":"tgawpokdjspv"
          }
        }
      },
      "tgawpokdjspv":{
        "minecraft:variant":{
          "value":32
        },
        "minecraft:interact":{
          "use_item":false,
          "interact_text":"对话",
          "on_interact":{
            "target":"self",
            "event":"sritpvccxkpg"
          }
        }
      },
      "sritpvccxkpg":{
        "minecraft:variant":{
          "value":33
        },
        "minecraft:interact":{
          "use_item":false,
          "interact_text":"对话",
          "on_interact":{
            "target":"self",
            "event":"ebvqykuyybec"
          }
        }
      },
      "ebvqykuyybec":{
        "minecraft:variant":{
          "value":34
        },
        "minecraft:interact":{
          "use_item":false,
          "interact_text":"对话",
          "on_interact":{
            "target":"self",
            "event":"kbrjhtgwjduu"
          }
        }
      },
      "kbrjhtgwjduu":{
        "minecraft:variant":{
          "value":35
        },
        "minecraft:interact":{
          "use_item":false,
          "interact_text":"对话",
          "on_interact":{
            "target":"self",
            "event":"kxwxexftrumt"
          }
        }
      },
      "kxwxexftrumt":{
        "minecraft:variant":{
          "value":36
        },
        "minecraft:interact":{
          "use_item":false,
          "interact_text":"对话",
          "on_interact":{
            "target":"self",
            "event":"trpmrpamkrtl"
          }
        }
      },
      "trpmrpamkrtl":{
        "minecraft:variant":{
          "value":37
        },
        "minecraft:interact":{
          "use_item":false,
          "interact_text":"对话",
          "on_interact":{
            "target":"self",
            "event":"inzscyaktwbd"
          }
        }
      },
      "inzscyaktwbd":{
        "minecraft:variant":{
          "value":38
        },
        "minecraft:interact":{
          "use_item":false,
          "interact_text":"对话",
          "on_interact":{
            "target":"self",
            "event":"heaunbnfggnl"
          }
        }
      },
      "heaunbnfggnl":{
        "minecraft:variant":{
          "value":39
        },
        "minecraft:interact":{
          "use_item":false,
          "interact_text":"对话",
          "on_interact":{
            "target":"self",
            "event":"zsohjqttnkrp"
          }
        }
      },
      "zsohjqttnkrp":{
        "minecraft:variant":{
          "value":40
        },
        "minecraft:interact":{
          "use_item":false,
          "interact_text":"对话",
          "on_interact":{
            "target":"self",
            "event":"trttzfwlbpke"
          }
        }
      },
      "trttzfwlbpke":{
        "minecraft:variant":{
          "value":41
        },
        "minecraft:interact":{
          "use_item":false,
          "interact_text":"对话",
          "on_interact":{
            "target":"self",
            "event":"tdbtokmwwaxt"
          }
        }
      },
      "tdbtokmwwaxt":{
        "minecraft:variant":{
          "value":42
        },
        "minecraft:interact":{
          "use_item":false,
          "interact_text":"对话",
          "on_interact":{
            "target":"self",
            "event":"vwggophtlqim"
          }
        }
      },
      "vwggophtlqim":{
        "minecraft:variant":{
          "value":43
        },
        "minecraft:interact":{
          "use_item":false,
          "interact_text":"对话",
          "on_interact":{
            "target":"self",
            "event":"ymtlrcpfppxe"
          }
        }
      },
      "ymtlrcpfppxe":{
        "minecraft:variant":{
          "value":44
        },
        "minecraft:interact":{
          "use_item":false,
          "interact_text":"对话",
          "on_interact":{
            "target":"self",
            "event":"zegtmbpuzyhq"
          }
        }
      },
      "zegtmbpuzyhq":{
        "minecraft:variant":{
          "value":45
        },
        "minecraft:interact":{
          "use_item":false,
          "interact_text":"对话",
          "on_interact":{
            "target":"self",
            "event":"lxclcrluyxvi"
          }
        }
      },
      "lxclcrluyxvi":{
        "minecraft:variant":{
          "value":46
        },
        "minecraft:interact":{
          "use_item":false,
          "interact_text":"对话",
          "on_interact":{
            "target":"self",
            "event":"tkmjcxjwirqc"
          }
        }
      },
      "tkmjcxjwirqc":{
        "minecraft:variant":{
          "value":47
        },
        "minecraft:interact":{
          "use_item":false,
          "interact_text":"对话",
          "on_interact":{
            "target":"self",
            "event":"dtwkfphfpfrw"
          }
        }
      },
      "dtwkfphfpfrw":{
        "minecraft:variant":{
          "value":48
        },
        "minecraft:interact":{
          "use_item":false,
          "interact_text":"对话",
          "on_interact":{
            "target":"self",
            "event":"xdyycjhoaeaq"
          }
        }
      },
      "xdyycjhoaeaq":{
        "minecraft:variant":{
          "value":49
        },
        "minecraft:interact":{
          "use_item":false,
          "interact_text":"对话",
          "on_interact":{
            "target":"self",
            "event":"oivmcxbvxwgc"
          }
        }
      },
      "oivmcxbvxwgc":{
        "minecraft:variant":{
          "value":50
        },
        "minecraft:interact":{
          "use_item":false,
          "interact_text":"对话",
          "on_interact":{
            "target":"self",
            "event":"nznrypnmmlzy"
          }
        }
      },
      "nznrypnmmlzy":{
        "minecraft:variant":{
          "value":51
        },
        "minecraft:interact":{
          "use_item":false,
          "interact_text":"对话",
          "on_interact":{
            "target":"self",
            "event":"xukatdncmvdq"
          }
        }
      },
      "xukatdncmvdq":{
        "minecraft:variant":{
          "value":52
        },
        "minecraft:interact":{
          "use_item":false,
          "interact_text":"对话",
          "on_interact":{
            "target":"self",
            "event":"wtefbboonslb"
          }
        }
      },
      "wtefbboonslb":{
        "minecraft:variant":{
          "value":53
        },
        "minecraft:interact":{
          "use_item":false,
          "interact_text":"对话",
          "on_interact":{
            "target":"self",
            "event":"phmltlgiyoal"
          }
        }
      },
      "phmltlgiyoal":{
        "minecraft:variant":{
          "value":54
        },
        "minecraft:interact":{
          "use_item":false,
          "interact_text":"对话",
          "on_interact":{
            "target":"self",
            "event":"dmgotomgjbyh"
          }
        }
      },
      "dmgotomgjbyh":{
        "minecraft:variant":{
          "value":55
        },
        "minecraft:interact":{
          "use_item":false,
          "interact_text":"对话",
          "on_interact":{
            "target":"self",
            "event":"kwbqjrrkmmgn"
          }
        }
      },
      "kwbqjrrkmmgn":{
        "minecraft:variant":{
          "value":56
        }
      }
    },
    "components":{
      "minecraft:fire_immune":true,
      "minecraft:type_family":{
        "family":[
          "npc"
        ]
      },
      "minecraft:scale":{
        "value":1
      },
      "minecraft:collision_box":{
        "width":0.9,
        "height":1.8
      },
      "minecraft:health":{
        "value":200,
        "max":200
      },
      "minecraft:movement":{
        "value":0.23
      },
      "minecraft:navigation.walk":{
        
      },
      "minecraft:movement.basic":{
        
      },
      "minecraft:jump.static":{
        
      },
      "minecraft:can_climb":{
        
      },
      "minecraft:behavior.random_stroll":{
        "priority":6,
        "speed_multiplier":1,
        "xz_dist":16
      },
      "minecraft:behavior.look_at_player":{
        "priority":7,
        "look_distance":6,
        "probability":0.02
      },
      "minecraft:behavior.random_look_around":{
        "priority":8
      },
      "minecraft:behavior.hurt_by_target":{
        "priority":2
      },
      "minecraft:physics":{
        
      },
      "minecraft:follow_range":{
        "value":64
      }
    },
    "events":{
      "minecraft:entity_spawned":{
        "add":{
          "component_groups":[
            "basex"
          ]
        }
      },
      "base":{
        "add":{
          "component_groups":[
            "base"
          ]
        }
      },
      "pyctaxgkgeoq":{
        "add":{
          "component_groups":[
            "pyctaxgkgeoq"
          ]
        },
        "remove":{
          "component_groups":[
            "base"
          ]
        }
      },
      "pdfiyqwkmenn":{
        "add":{
          "component_groups":[
            "pdfiyqwkmenn"
          ]
        },
        "remove":{
          "component_groups":[
            "pyctaxgkgeoq"
          ]
        }
      },
      "qofvodnxrkcw":{
        "add":{
          "component_groups":[
            "qofvodnxrkcw"
          ]
        },
        "remove":{
          "component_groups":[
            "pdfiyqwkmenn"
          ]
        }
      },
      "eilhkfyhutso":{
        "add":{
          "component_groups":[
            "eilhkfyhutso"
          ]
        },
        "remove":{
          "component_groups":[
            "qofvodnxrkcw"
          ]
        }
      },
      "ohgkicweydab":{
        "add":{
          "component_groups":[
            "ohgkicweydab"
          ]
        },
        "remove":{
          "component_groups":[
            "eilhkfyhutso"
          ]
        }
      },
      "ijdjouhaffbd":{
        "add":{
          "component_groups":[
            "ijdjouhaffbd"
          ]
        },
        "remove":{
          "component_groups":[
            "ohgkicweydab"
          ]
        }
      },
      "zwvrdmsqlqlt":{
        "add":{
          "component_groups":[
            "zwvrdmsqlqlt"
          ]
        },
        "remove":{
          "component_groups":[
            "ijdjouhaffbd"
          ]
        }
      },
      "jicqstmnmalg":{
        "add":{
          "component_groups":[
            "jicqstmnmalg"
          ]
        },
        "remove":{
          "component_groups":[
            "zwvrdmsqlqlt"
          ]
        }
      },
      "rbhzclpwtlxk":{
        "add":{
          "component_groups":[
            "rbhzclpwtlxk"
          ]
        },
        "remove":{
          "component_groups":[
            "jicqstmnmalg"
          ]
        }
      },
      "qqoijxhphbop":{
        "add":{
          "component_groups":[
            "qqoijxhphbop"
          ]
        },
        "remove":{
          "component_groups":[
            "rbhzclpwtlxk"
          ]
        }
      },
      "yupjersgjfri":{
        "add":{
          "component_groups":[
            "yupjersgjfri"
          ]
        },
        "remove":{
          "component_groups":[
            "qqoijxhphbop"
          ]
        }
      },
      "ukzxddhvtrug":{
        "add":{
          "component_groups":[
            "ukzxddhvtrug"
          ]
        },
        "remove":{
          "component_groups":[
            "yupjersgjfri"
          ]
        }
      },
      "queakfwivjbu":{
        "add":{
          "component_groups":[
            "queakfwivjbu"
          ]
        },
        "remove":{
          "component_groups":[
            "ukzxddhvtrug"
          ]
        }
      },
      "lssdmbosuogr":{
        "add":{
          "component_groups":[
            "lssdmbosuogr"
          ]
        },
        "remove":{
          "component_groups":[
            "queakfwivjbu"
          ]
        }
      },
      "qtijqrdleyjy":{
        "add":{
          "component_groups":[
            "qtijqrdleyjy"
          ]
        },
        "remove":{
          "component_groups":[
            "lssdmbosuogr"
          ]
        }
      },
      "fceixwqpgtoy":{
        "add":{
          "component_groups":[
            "fceixwqpgtoy"
          ]
        },
        "remove":{
          "component_groups":[
            "qtijqrdleyjy"
          ]
        }
      },
      "tflbyoulxlvm":{
        "add":{
          "component_groups":[
            "tflbyoulxlvm"
          ]
        },
        "remove":{
          "component_groups":[
            "fceixwqpgtoy"
          ]
        }
      },
      "uaxtsrkdmuun":{
        "add":{
          "component_groups":[
            "uaxtsrkdmuun"
          ]
        },
        "remove":{
          "component_groups":[
            "tflbyoulxlvm"
          ]
        }
      },
      "acfepwjfasgl":{
        "add":{
          "component_groups":[
            "acfepwjfasgl"
          ]
        },
        "remove":{
          "component_groups":[
            "uaxtsrkdmuun"
          ]
        }
      },
      "kmlmzaikyrny":{
        "add":{
          "component_groups":[
            "kmlmzaikyrny"
          ]
        },
        "remove":{
          "component_groups":[
            "acfepwjfasgl"
          ]
        }
      },
      "iztmjegyumnk":{
        "add":{
          "component_groups":[
            "iztmjegyumnk"
          ]
        },
        "remove":{
          "component_groups":[
            "kmlmzaikyrny"
          ]
        }
      },
      "fkvlcivbficg":{
        "add":{
          "component_groups":[
            "fkvlcivbficg"
          ]
        },
        "remove":{
          "component_groups":[
            "iztmjegyumnk"
          ]
        }
      },
      "tjyqejkuftyp":{
        "add":{
          "component_groups":[
            "tjyqejkuftyp"
          ]
        },
        "remove":{
          "component_groups":[
            "fkvlcivbficg"
          ]
        }
      },
      "uadwzrreexiz":{
        "add":{
          "component_groups":[
            "uadwzrreexiz"
          ]
        },
        "remove":{
          "component_groups":[
            "tjyqejkuftyp"
          ]
        }
      },
      "jqkclshaoxfc":{
        "add":{
          "component_groups":[
            "jqkclshaoxfc"
          ]
        },
        "remove":{
          "component_groups":[
            "uadwzrreexiz"
          ]
        }
      },
      "ifyivfrngkwz":{
        "add":{
          "component_groups":[
            "ifyivfrngkwz"
          ]
        },
        "remove":{
          "component_groups":[
            "jqkclshaoxfc"
          ]
        }
      },
      "rgsayfwvhapo":{
        "add":{
          "component_groups":[
            "rgsayfwvhapo"
          ]
        },
        "remove":{
          "component_groups":[
            "ifyivfrngkwz"
          ]
        }
      },
      "lalxkvfhpmyu":{
        "add":{
          "component_groups":[
            "lalxkvfhpmyu"
          ]
        },
        "remove":{
          "component_groups":[
            "rgsayfwvhapo"
          ]
        }
      },
      "zrlatgxqyyew":{
        "add":{
          "component_groups":[
            "zrlatgxqyyew"
          ]
        },
        "remove":{
          "component_groups":[
            "lalxkvfhpmyu"
          ]
        }
      },
      "pcxfmyiqnmbq":{
        "add":{
          "component_groups":[
            "pcxfmyiqnmbq"
          ]
        },
        "remove":{
          "component_groups":[
            "zrlatgxqyyew"
          ]
        }
      },
      "xzbvhscemnan":{
        "add":{
          "component_groups":[
            "xzbvhscemnan"
          ]
        },
        "remove":{
          "component_groups":[
            "pcxfmyiqnmbq"
          ]
        }
      },
      "tgawpokdjspv":{
        "add":{
          "component_groups":[
            "tgawpokdjspv"
          ]
        },
        "remove":{
          "component_groups":[
            "xzbvhscemnan"
          ]
        }
      },
      "sritpvccxkpg":{
        "add":{
          "component_groups":[
            "sritpvccxkpg"
          ]
        },
        "remove":{
          "component_groups":[
            "tgawpokdjspv"
          ]
        }
      },
      "ebvqykuyybec":{
        "add":{
          "component_groups":[
            "ebvqykuyybec"
          ]
        },
        "remove":{
          "component_groups":[
            "sritpvccxkpg"
          ]
        }
      },
      "kbrjhtgwjduu":{
        "add":{
          "component_groups":[
            "kbrjhtgwjduu"
          ]
        },
        "remove":{
          "component_groups":[
            "ebvqykuyybec"
          ]
        }
      },
      "kxwxexftrumt":{
        "add":{
          "component_groups":[
            "kxwxexftrumt"
          ]
        },
        "remove":{
          "component_groups":[
            "kbrjhtgwjduu"
          ]
        }
      },
      "trpmrpamkrtl":{
        "add":{
          "component_groups":[
            "trpmrpamkrtl"
          ]
        },
        "remove":{
          "component_groups":[
            "kxwxexftrumt"
          ]
        }
      },
      "inzscyaktwbd":{
        "add":{
          "component_groups":[
            "inzscyaktwbd"
          ]
        },
        "remove":{
          "component_groups":[
            "trpmrpamkrtl"
          ]
        }
      },
      "heaunbnfggnl":{
        "add":{
          "component_groups":[
            "heaunbnfggnl"
          ]
        },
        "remove":{
          "component_groups":[
            "inzscyaktwbd"
          ]
        }
      },
      "zsohjqttnkrp":{
        "add":{
          "component_groups":[
            "zsohjqttnkrp"
          ]
        },
        "remove":{
          "component_groups":[
            "heaunbnfggnl"
          ]
        }
      },
      "trttzfwlbpke":{
        "add":{
          "component_groups":[
            "trttzfwlbpke"
          ]
        },
        "remove":{
          "component_groups":[
            "zsohjqttnkrp"
          ]
        }
      },
      "tdbtokmwwaxt":{
        "add":{
          "component_groups":[
            "tdbtokmwwaxt"
          ]
        },
        "remove":{
          "component_groups":[
            "trttzfwlbpke"
          ]
        }
      },
      "zd":{
        "add":{
          "component_groups":[
            "zd"
          ]
        }
      },
      "vwggophtlqim":{
        "add":{
          "component_groups":[
            "vwggophtlqim"
          ]
        },
        "remove":{
          "component_groups":[
            "tdbtokmwwaxt"
          ]
        }
      },
      "ymtlrcpfppxe":{
        "add":{
          "component_groups":[
            "ymtlrcpfppxe"
          ]
        },
        "remove":{
          "component_groups":[
            "vwggophtlqim"
          ]
        }
      },
      "zegtmbpuzyhq":{
        "add":{
          "component_groups":[
            "zegtmbpuzyhq"
          ]
        },
        "remove":{
          "component_groups":[
            "ymtlrcpfppxe"
          ]
        }
      },
      "lxclcrluyxvi":{
        "add":{
          "component_groups":[
            "lxclcrluyxvi"
          ]
        },
        "remove":{
          "component_groups":[
            "zegtmbpuzyhq"
          ]
        }
      },
      "tkmjcxjwirqc":{
        "add":{
          "component_groups":[
            "tkmjcxjwirqc"
          ]
        },
        "remove":{
          "component_groups":[
            "lxclcrluyxvi"
          ]
        }
      },
      "dtwkfphfpfrw":{
        "add":{
          "component_groups":[
            "dtwkfphfpfrw"
          ]
        },
        "remove":{
          "component_groups":[
            "tkmjcxjwirqc"
          ]
        }
      },
      "xdyycjhoaeaq":{
        "add":{
          "component_groups":[
            "xdyycjhoaeaq"
          ]
        },
        "remove":{
          "component_groups":[
            "dtwkfphfpfrw"
          ]
        }
      },
      "oivmcxbvxwgc":{
        "add":{
          "component_groups":[
            "oivmcxbvxwgc"
          ]
        },
        "remove":{
          "component_groups":[
            "xdyycjhoaeaq"
          ]
        }
      },
      "nznrypnmmlzy":{
        "add":{
          "component_groups":[
            "nznrypnmmlzy"
          ]
        },
        "remove":{
          "component_groups":[
            "oivmcxbvxwgc"
          ]
        }
      },
      "xukatdncmvdq":{
        "add":{
          "component_groups":[
            "xukatdncmvdq"
          ]
        },
        "remove":{
          "component_groups":[
            "nznrypnmmlzy"
          ]
        }
      },
      "wtefbboonslb":{
        "add":{
          "component_groups":[
            "wtefbboonslb"
          ]
        },
        "remove":{
          "component_groups":[
            "xukatdncmvdq"
          ]
        }
      },
      "phmltlgiyoal":{
        "add":{
          "component_groups":[
            "phmltlgiyoal"
          ]
        },
        "remove":{
          "component_groups":[
            "wtefbboonslb"
          ]
        }
      },
      "dmgotomgjbyh":{
        "add":{
          "component_groups":[
            "dmgotomgjbyh"
          ]
        },
        "remove":{
          "component_groups":[
            "phmltlgiyoal"
          ]
        }
      },
      "kwbqjrrkmmgn":{
        "add":{
          "component_groups":[
            "kwbqjrrkmmgn"
          ]
        },
        "remove":{
          "component_groups":[
            "dmgotomgjbyh"
          ]
        }
      }
    }
  }
}