{
	"format_version": "1.13.0",
	"minecraft:entity": {
		"description": {
			"identifier": "dec:abyssal_shadow",
			"is_spawnable": false,
			"is_summonable": true,
			"is_experimental": false
		},
		"component_groups": {
			"minecraft:despawn": {
				"minecraft:instant_despawn": {}
			}
		},
		"components": {
			"minecraft:behavior.hurt_by_target": {
				"priority": 1,
				"entity_types": {
					"filters": {
						"test": "is_family",
						"subject": "other",
						"operator": "!=",
						"value": "abyssal"
					},
					"max_dist": 64
				}
			},
			"minecraft:damage_sensor": {
				"triggers": [
					{
						"cause": "fall",
						"deals_damage": false
					},
					{
						"on_damage": {
							"filters": {
								"test": "is_family",
								"subject": "other",
								"value": "abyssal"
							}
						},
						"deals_damage": false
					}
				]
			},
			"minecraft:knockback_resistance": {
				"value": 1.0
			},
			"minecraft:physics": {
				"has_gravity": false
			},
			"minecraft:collision_box": {
				"width": 1,
				"height": 1
			},
			"minecraft:type_family": {
				"family": [
					"abyssal",
					"abyssal_shadow",
					"monster",
					"mob"
				]
			},
			"minecraft:despawn": {
				"despawn_from_distance": {}
			},
			"minecraft:breathable": {
				"total_supply": 15,
				"suffocate_time": 0,
				"breathes_water": true
			},
			"minecraft:health": {
				"value": 10,
				"max": 10
			},
			"minecraft:hurt_on_condition": {
				"damage_conditions": [
					{
						"filters": {
							"test": "in_lava",
							"subject": "self",
							"operator": "==",
							"value": true
						},
						"cause": "lava",
						"damage_per_tick": 4
					}
				]
			},
			"minecraft:navigation.walk": {
				"is_amphibious": true,
				"avoid_sun": true,
				"avoid_water": true
			},
			"minecraft:movement.basic": {},
			"minecraft:jump.static": {},
			"minecraft:can_climb": {},
			"minecraft:nameable": {},
			"minecraft:shooter": {
				"def": "dec:wave_energy"
			},
			"minecraft:behavior.ranged_attack": {
				"attack_interval_min": 1,
				"attack_interval_max": 1,
				"attack_radius": 64
			},
			"minecraft:follow_range": {
				"value": 64,
				"max": 64
			},
			"minecraft:behavior.nearest_attackable_target": {
				"priority": 0,
				"within_radius": 64,
				"reselect_targets": true,
				"entity_types": [
					{
						"filters": {
							"any_of": [
								{
									"test": "is_family",
									"subject": "other",
									"value": "player"
								},
								{
									"test": "is_family",
									"subject": "other",
									"value": "snowgolem"
								},
								{
									"test": "is_family",
									"subject": "other",
									"value": "irongolem"
								}
							]
						},
						"max_dist": 64
					},
					{
						"filters": {
							"any_of": [
								{
									"test": "is_family",
									"subject": "other",
									"value": "villager"
								},
								{
									"test": "is_family",
									"subject": "other",
									"value": "wandering_trader"
								}
							]
						},
						"max_dist": 64,
						"must_see": false
					}
				],
				"must_see": true
			},
			"minecraft:behavior.random_stroll": {
				"priority": 5,
				"speed_multiplier": 1
			},
			"minecraft:behavior.look_at_player": {
				"priority": 6,
				"look_distance": 8
			},
			"minecraft:timer": {
				"looping": false,
				"time": 10,
				"time_down_event": {
					"event": "minecraft:explode"
				}
			},
			"minecraft:behavior.random_look_around": {
				"priority": 6
			}
		},
		"events": {
			"minecraft:explode": {
				"run_command": {
					"command": [
						"particle dec:abyssal_shadow_disappear_particle ~~~"
					]
				},
				"add": {
					"component_groups": [
						"minecraft:despawn"
					]
				}
			}
		}
	}
}