{
  "format_version": "1.16.0",
  "minecraft:entity": {
    "description": {
      "identifier": "dec:bomber",
      "is_spawnable": true,
      "is_summonable": true,
      "is_experimental": false
    },
    "component_groups": {},
    "components": {
      "minecraft:fire_immune": {},
      "minecraft:hurt_on_condition": {
        "damage_conditions": [
          {
            "filters": {
              "test": "in_water_or_rain",
              "operator": "==",
              "value": true
            },
            "cause": "drowning",
            "damage_per_tick": 1
          },
          {
            "filters": {
              "test": "in_lava",
              "subject": "self",
              "operator": "==",
              "value": true
            },
            "cause": "lava",
            "damage_per_tick": 1
          }
        ]
      },
      "minecraft:experience_reward": {
        "on_death": "query.last_hit_by_player ? 5 + (query.equipment_count * Math.Random(1,3)) : 0"
      },
      "minecraft:equip_item": {},
      "minecraft:collision_box": {
        "width": 0.6,
        "height": 1.9
      },
      "minecraft:type_family": {
        "family": [
          "nether",
          "bomber",
          "undead",
          "monster",
          "mob"
        ]
      },
      "minecraft:breathable": {
        "total_supply": 15,
        "suffocate_time": 0,
        "breathes_water": true
      },
      "minecraft:health": {
        "value": {
          "range_min": 18,
          "range_max": 30
        }
      },
      "minecraft:loot": {
        "table": "loot_tables/entities/bomber.json"
      },
      "minecraft:movement": {
        "value": 0.25
      },
      "minecraft:navigation.walk": {
        "is_amphibious": true,
        "avoid_sun": false,
        "avoid_water": true
      },
      "minecraft:movement.basic": {},
      "minecraft:jump.static": {},
      "minecraft:can_climb": {},
      "minecraft:nameable": {},
      "minecraft:equipment": {
        "table": "loot_tables/entities/zombie_equipment.json",
        "slot_drop_chance": [
          {
            "slot": "slot.weapon.mainhand",
            "drop_chance": 0.0005
          },
          {
            "slot": "slot.armor.head",
            "drop_chance": 0.0005
          },
          {
            "slot": "slot.armor.chestplate",
            "drop_chance": 0.0005
          },
          {
            "slot": "slot.armor.leggings",
            "drop_chance": 0.0005
          },
          {
            "slot": "slot.armor.boots",
            "drop_chance": 0.0005
          }
        ]
      },
      "minecraft:shooter": {
        "def": "minecraft:fireball"
      },
      "minecraft:despawn": {
        "despawn_from_distance": {}
      },
      "minecraft:behavior.ranged_attack": {
        "priority": 0,
        "attack_interval_min": 5.0,
        "attack_interval_max": 5.0,
        "attack_radius": 64
      },
      "minecraft:behavior.hurt_by_target": {
        "priority": 1
      },
      "minecraft:follow_range": {
        "value": 64,
        "max": 64
      },
      "minecraft:behavior.nearest_attackable_target": {
        "priority": 2,
        "must_see": false,
        "reselect_targets": false,
        "entity_types": [
          {
            "filters": {
              "any_of": [
                {
                  "test": "is_family",
                  "subject": "other",
                  "operator": "!=",
                  "value": "bomber"
                },
                {
                  "test": "in_water",
                  "subject": "other",
                  "operator": "!=",
                  "value": true
                }
              ]
            },
            "max_dist": 64
          }
        ]
      },
      "minecraft:behavior.equip_item": {
        "priority": 3
      },
      "minecraft:behavior.pickup_items": {
        "priority": 5,
        "max_dist": 3,
        "goal_radius": 2,
        "speed_multiplier": 1.0,
        "pickup_based_on_chance": true,
        "can_pickup_any_item": true
      },
      "minecraft:behavior.random_stroll": {
        "priority": 6,
        "speed_multiplier": 1
      },
      "minecraft:behavior.look_at_player": {
        "priority": 7,
        "look_distance": 8
      },
      "minecraft:behavior.random_look_around": {
        "priority": 8
      },
      "minecraft:physics": {},
      "minecraft:pushable": {
        "is_pushable": true,
        "is_pushable_by_piston": true
      }
    },
    "events": {}
  }
}