{
    "format_version": "1.13.0",
    "minecraft:entity": {
        "description": {
            "identifier": "dec:enchant_armor",
            "is_spawnable": true,
            "is_summonable": true,
            "is_experimental": false
        },

        "component_groups": {
            "minecraft:zombie_husk_baby": {
                "minecraft:is_baby": {},
                "minecraft:scale": {
                    "value": 0.53125
                },
                "minecraft:movement": {
                    "value": 0.1
                }
            },

            "minecraft:zombie_husk_adult": {
                "minecraft:movement": {
                    "value": 0.1
                },
                "minecraft:rideable": {
                    "seat_count": 1,
                    "family_types": [
                        "zombie"
                    ],
                    "seats": {
                        "position": [0.0, 1.1, -0.35],
                        "lock_rider_rotation": 0
                    }
                },
                "minecraft:behavior.mount_pathing": {
                    "priority": 2,
                    "speed_multiplier": 1.25,
                    "target_dist": 0.0,
                    "track_target": true
                },
                "minecraft:scale": {
                    "value": 1.0625
                }
            },

            "minecraft:zombie_husk_jockey": {
                "minecraft:behavior.find_mount": {
                    "priority": 1,
                    "within_radius": 16
                }
            }
        },

        "components": {
            "minecraft:breathable": {
                "totalSupply": 15,
                "suffocateTime": 0,
                "breathesWater": true
            },
            "minecraft:collision_box": {
                "width": 0.6,
                "height": 1.8
            },
            "minecraft:nameable": {},
            "minecraft:despawn": {
                "despawn_from_distance": {}
            },
            "minecraft:type_family": {
                "family": ["undead", "monster", "enchant_armor", "mob"]
            },
            "minecraft:loot": {
                "table": "loot_tables/entities/empty.json"
            },
            "minecraft:equipment": {
                "table": "loot_tables/entities/enchant_armor_gear.json",
                "slot_drop_chance": [{
                        "slot": "slot.armor.head",
                        "drop_chance": 0
                    },
                    {
                        "slot": "slot.armor.chestplate",
                        "drop_chance": 0
                    },
                    {
                        "slot": "slot.armor.leggings",
                        "drop_chance": 0
                    },
                    {
                        "slot": "slot.armor.boots",
                        "drop_chance": 0
                    }
                ]
            },
            "minecraft:experience_reward": {
                "on_death": "query.last_hit_by_player ? 10 : 0"
            },
            "minecraft:health": {
                "value": 50,
                "max": 50
            },
            "minecraft:attack": {
                "damage": 6,
                "effect_name": "weakness",
                "effect_duration": 20
            },
            "minecraft:variant": {
                "value": 2
            },
            "minecraft:navigation.walk": {
                "is_amphibious": true,
                "can_pass_doors": true,
                "can_break_doors": true,
                "avoid_portals": false
            },
            "minecraft:annotation.break_door": {},
            "minecraft:movement.basic": {

            },
            "minecraft:jump.static": {},
            "minecraft:can_climb": {},
            "minecraft:environment_sensor": {
                "triggers": [{
                    "filters": {
                        "test": "is_underwater",
                        "subject": "self",
                        "operator": "==",
                        "value": true
                    },
                    "event": "minecraft:start_transforming"
                }]
            },
            "minecraft:behavior.melee_attack": {
                "priority": 3,
                "speed_multiplier": 1,
                "track_target": false
            },
            "minecraft:behavior.stomp_turtle_egg": {
                "priority": 4,
                "speed_multiplier": 1,
                "search_range": 10,
                "search_height": 3,
                "goal_radius": 1.14,
                "search_count": 4,
                "interval": 20
            },
            "minecraft:behavior.move_towards_restriction": {
                "priority": 5,
                "speed_multiplier": 1
            },
            "minecraft:behavior.random_stroll": {
                "priority": 6,
                "speed_multiplier": 1
            },
            "minecraft:behavior.look_at_player": {
                "priority": 7,
                "look_distance": 6,
                "probability": 0.02
            },
            "minecraft:behavior.random_look_around": {
                "priority": 7
            },
            "minecraft:behavior.hurt_by_target": {
                "priority": 1
            },
            "minecraft:behavior.nearest_attackable_target": {
                "priority": 2,
                "within_radius": 25,
                "reselect_targets": true,
                "entity_types": [{
                        "filters": {
                            "any_of": [{
                                    "test": "is_family",
                                    "subject": "other",
                                    "value": "player"
                                },
                                {
                                    "test": "is_family",
                                    "subject": "other",
                                    "value": "snowgolem"
                                },
                                {
                                    "test": "is_family",
                                    "subject": "other",
                                    "value": "irongolem"
                                }
                            ]
                        },
                        "max_dist": 35
                    },
                    {
                        "filters": {
                            "any_of": [{
                                    "test": "is_family",
                                    "subject": "other",
                                    "value": "villager"
                                },
                                {
                                    "test": "is_family",
                                    "subject": "other",
                                    "value": "wandering_trader"
                                }
                            ]
                        },
                        "max_dist": 35,
                        "must_see": false
                    },
                    {
                        "filters": {
                            "all_of": [{
                                    "test": "is_family",
                                    "subject": "other",
                                    "value": "baby_turtle"
                                },
                                {
                                    "test": "in_water",
                                    "subject": "other",
                                    "operator": "!=",
                                    "value": true
                                }
                            ]
                        },
                        "max_dist": 35
                    }
                ],
                "must_see": true
            },
            "minecraft:physics": {}
        },

        "events": {
            "minecraft:entity_spawned": {
                "randomize": [{
                        "weight": 9500,
                        "remove": {},
                        "add": {
                            "component_groups": [
                                "minecraft:zombie_husk_adult"
                            ]
                        }
                    },
                    {
                        "weight": 425,
                        "remove": {},
                        "add": {
                            "component_groups": [
                                "minecraft:zombie_husk_baby"
                            ]

                        }
                    },
                    {
                        "weight": 75,
                        "remove": {},
                        "add": {
                            "component_groups": [
                                "minecraft:zombie_husk_baby",
                                "minecraft:zombie_husk_jockey"
                            ]

                        }
                    }
                ]
            }
        }
    }
}