{
  "format_version": "1.8.0",
  "minecraft:client_entity": {
    "description": {
      "identifier": "wb:desert_insect",
      "materials": { "default": "skeleton" },
      "textures": {
        "default": "textures/wb/2_x/desert_insect"
      },
      "geometry": {
        "default": "geometry.magic_insect"
      },
      "render_controllers": [ "controller.render.base" ],
      "spawn_egg": {
        "texture": "desert_insect",
        "texture_index": 0
      }
    }
  }
}