{
	"format_version" : "1.8.0",
	"animations" : {
	    "animation.border_fugitive.roaring":{
	        "loop":true,
	        "bones":{
	            "xb":{"scale":"query.anim_time*5"}
	        }
	    },
	  	"animation.border_fugitive.move" : {
			"bones" : {
			    "xa":{"scale":6.0},
				"leftArm" : {
					"rotation" : [ "variable.tcos0", 0.0, 0.0 ]
				},
				"leftLeg" : {
					"rotation" : [ "variable.tcos1 * 1.4", 0.0, 0.0 ]
				},
				"rightArm" : {
					"rotation" : [ "variable.tcos1", 0.0, 0.0 ]
				},
				"rightLeg" : {
					"rotation" : [ "variable.tcos0 * 1.4", 0.0, 0.0 ]
				}
			},
			"loop" : true
		}
	}
}
