{
  "format_version": "1.13.0",
  "minecraft:entity": {
    "description": {
      "identifier": "dec:abyssal_controller",
      "is_spawnable": true,
      "is_summonable": true,
      "is_experimental": false,
      "scripts": {
        "animate": [
          "ticking",
          "summon",
          "teleport"
        ]
      },
      "animations": {
        "ticking": "controller.animation.abyssal_controller",
        "summon": "animation.abyssal_controller.summon",
        "teleport": "animation.abyssal_controller.teleport"
      }
    },
    "component_groups": {
      "minecraft:despawn": {
        "minecraft:instant_despawn": {}
      },
      "minecraft:accurate_shoot": {
        "minecraft:timer": {
          "looping": false,
          "time": 7,
          "time_down_event": {
            "event": "minecraft:scattering"
          }
        },
        "minecraft:shooter": {
          "type": "wave_energy",
          "def": "dec:wave_energy"
        },
        "minecraft:behavior.ranged_attack": {
          "attack_interval_min": 1,
          "attack_interval_max": 1,
          "attack_radius": 64
        }
      },
      "minecraft:scattering_shoot": {
        "minecraft:timer": {
          "looping": false,
          "time": 7,
          "time_down_event": {
            "event": "minecraft:accurate"
          }
        },
        "minecraft:shooter": {
          "type": "wave_energy",
          "def": "dec:wave_energy_inaccurated"
        },
        "minecraft:behavior.ranged_attack": {
          "priority": 4,
          "burst_shots": 10,
          "burst_interval": 0.01,
          "charge_charged_trigger": 0.0,
          "charge_shoot_trigger": 1.0,
          "attack_interval_min": 1.0,
          "attack_interval_max": 1.0,
          "attack_radius": 64.0
        }
      }
    },
    "components": {
      "minecraft:despawn": {
        "despawn_from_distance": {
          "min_distance": 40,
          "max_distance": 40
        }
      },
      "minecraft:fire_immune": true,
      "minecraft:experience_reward": {
        "on_death": "query.last_hit_by_player ? 200 : 0"
      },
      "minecraft:type_family": {
        "family": [
          "monster",
          "abyssal_controller",
          "abyssal",
          "mob",
          "boss"
        ]
      },
      "minecraft:loot": {
        "table": "loot_tables/entities/abyssal_controller.json"
      },
      "minecraft:breathable": {
        "totalSupply": 15,
        "suffocateTime": 0
      },
      "minecraft:health": {
        "value": 100,
        "max": 100
      },
      "minecraft:knockback_resistance": {
        "value": 1
      },
      "minecraft:physics": {
        "has_gravity": false,
        "has_collision": true
      },
      "minecraft:can_fly": {
        "value": true
      },
      "minecraft:behavior.float_wander": {
        "xz_dist": 10,
        "y_dist": 7,
        "y_offset": -2.0,
        "random_reselect": true,
        "float_duration": [
          0.1,
          0.07
        ]
      },
      "minecraft:movement": {
        "value": 0.005
      },
      "minecraft:collision_box": {
        "width": 0.6,
        "height": 1.8
      },
      "minecraft:navigation.walk": {
        "can_float": true
      },
      "minecraft:movement.basic": {},
      "minecraft:jump.static": {},
      "minecraft:can_climb": {},
      "minecraft:behavior.float": {
        "priority": 0
      },
      "minecraft:behavior.hurt_by_target": {
        "priority": 1
      },
      "minecraft:boss": {
        "should_darken_sky": false,
        "name": "boss.dec:abyssal_controller.name",
        "hud_range": 64
      },
      "minecraft:follow_range": {
        "value": 256,
        "max": 256
      },
      "minecraft:behavior.nearest_attackable_target": {
        "priority": 1,
        "entity_types": [
          {
            "filters": {
              "any_of": [
                {
                  "test": "is_family",
                  "subject": "other",
                  "value": "player"
                },
                {
                  "test": "is_family",
                  "subject": "other",
                  "value": "snowgolem"
                },
                {
                  "test": "is_family",
                  "subject": "other",
                  "value": "villager"
                },
                {
                  "test": "is_family",
                  "subject": "other",
                  "value": "wandering_trader"
                },
                {
                  "test": "is_family",
                  "subject": "other",
                  "value": "irongolem"
                }
              ]
            },
            "max_dist": 35
          }
        ],
        "must_see": false
      },
      "minecraft:behavior.random_stroll": {
        "priority": 5,
        "speed_multiplier": 1
      },
      "minecraft:behavior.look_at_player": {
        "priority": 6,
        "look_distance": 8
      },
      "minecraft:behavior.random_look_around": {
        "priority": 6
      }
    },
    "events": {
      "minecraft:despawn": {
        "add": {
          "component_groups": [
            "minecraft:despawn"
          ]
        }
      },
      "minecraft:entity_spawned": {
        "add": {
          "component_groups": [
            "minecraft:scattering_shoot"
          ]
        },
        "run_command": {
          "command": [
            "particle dec:abyssal_controller_spawn_particle ~~~",
            "particle dec:abyssal_controller_spawn_particle ~~~",
            "particle dec:abyssal_controller_spawn_particle ~~~"
          ]
        }
      },
      "minecraft:scattering": {
        "add": {
          "component_groups": [
            "minecraft:scattering_shoot"
          ]
        },
        "remove": {
          "component_groups": [
            "minecraft:accurate_shoot"
          ]
        }
      },
      "minecraft:accurate": {
        "add": {
          "component_groups": [
            "minecraft:accurate_shoot"
          ]
        },
        "remove": {
          "component_groups": [
            "minecraft:scattering_shoot"
          ]
        }
      }
    }
  }
}