{
  "format_version": "1.12.0",
  "minecraft:entity": {
    "description": {
      "identifier": "dec:amethyst_dart",
      "runtime_identifier": "minecraft:snowball",
      "is_spawnable": false,
      "is_summonable": true,
      "is_experimental": false
    },
    "components": {
      "minecraft:collision_box": {
        "width": 0.25,
        "height": 0.25
      },
      "minecraft:projectile": {
        "onHit": {
          "impact_damage": {
            "damage": 5.5,
            "knockback": true
          },
          "remove_on_hit": { }
        },
        "power": 2.5,
        "gravity": 0.022,
        "inertia": 1.23,
        "offset": [ 0, 0, 1 ],
        "uncertaintyBase": 2.0,
        "angleoffset": 0.0
      },
      "minecraft:pushable": {
        "is_pushable": false,
        "is_pushable_by_piston": true
      }
    }
  }
}
