{
  "format_version": "1.13.0",
  "minecraft:entity": {
    "description": {
      "identifier": "dec:angry_chicken",
      "runtime_identifier": "minecraft:chicken",
      "is_spawnable": false,
      "is_summonable": true,
      "is_experimental": false
    },
    "component_groups": {
      "minecraft:disappear": {
        "minecraft:explode": {
          "fuseLength": 0.01,
          "fuseLit": true,
          "power": 0,
          "causesFire": false
        }
      }
    },
    "components": {
      "minecraft:despawn": {
        "despawn_from_distance": {}
       },
      "minecraft:type_family": {
        "family": [
          "mob",
          "villager",
          "angry_chicken",
          "player"
        ]
      },
      "minecraft:attack": {
        "damage": 2
      },
      "minecraft:behavior.melee_attack": {
        "priority": 3,
        "speed_multiplier": 1,
        "track_target": true
      },
      "minecraft:collision_box": {
        "width": 0.6,
        "height": 0.8
      },
      "minecraft:health": {
        "value": 4,
        "max": 4
      },
      "minecraft:hurt_on_condition": {
        "damage_conditions": [
          {
            "filters": {
              "test": "in_lava",
              "subject": "self",
              "operator": "==",
              "value": true
            },
            "cause": "lava",
            "damage_per_tick": 4
          }
        ]
      },
      "minecraft:movement": {
        "value": 0.40
      },
      "minecraft:damage_sensor": {
        "triggers": {
          "cause": "fall",
          "deals_damage": false
        }
      },
      "minecraft:balloonable": {
        "mass": 0.6
      },
      "minecraft:navigation.walk": {
        "can_path_over_water": true,
        "avoid_damage_blocks": true
      },
      "minecraft:movement.basic": {},
      "minecraft:jump.static": {},
      "minecraft:can_climb": {},
      "minecraft:behavior.float": {
        "priority": 0
      },
      "minecraft:behavior.panic": {
        "priority": 1,
        "speed_multiplier": 1.5
      },
      "minecraft:behavior.mount_pathing": {
        "priority": 2,
        "speed_multiplier": 1.5,
        "target_dist": 0.0,
        "track_target": true
      },
      "minecraft:behavior.random_stroll": {
        "priority": 6,
        "speed_multiplier": 1.0
      },
      "minecraft:behavior.look_at_player": {
        "priority": 7,
        "look_distance": 6.0,
        "probability": 0.02
      },
      "minecraft:behavior.random_look_around": {
        "priority": 8
      },
      "minecraft:timer": {
        "looping": false,
        "time": 8,
        "time_down_event": {
          "event": "minecraft:disappear",
          "target": "self"
        }
      },
      "minecraft:behavior.nearest_attackable_target": {
        "priority": 2,
        "within_radius": 20,
        "reselect_targets": true,
        "entity_types": [
          {
            "filters": {
              "any_of": [
                {
                  "test": "is_family",
                  "subject": "other",
                  "value": "monster"
                }
              ]
            },
            "max_dist": 35
          },
          {
            "filters": {
              "any_of": [
                {
                  "test": "is_family",
                  "subject": "other",
                  "value": "monster"
                }
              ]
            },
            "max_dist": 35,
            "must_see": false
          }
        ]
      },
      "minecraft:physics": {},
      "minecraft:pushable": {
        "is_pushable": true,
        "is_pushable_by_piston": true
      }
    },
    "events": {
      "minecraft:disappear": {
        "run_command": {
          "command": [
            "particle dec:summon_staff_spawn_disappear ~~~"
          ]
        },
        "add": {
          "component_groups": [
            "minecraft:disappear"
          ]
        }
      }
    }
  }
}