{
  "format_version": "1.13.0",
  "minecraft:entity": {
    "description": {
      "identifier": "dec:ash_sword",
      "is_spawnable": false,
      "is_summonable": true,
      "is_experimental": false
    },
    "component_groups": {
      "minecraft:despawn": {
        "minecraft:instant_despawn": {}
      }
    },
    "components": {
      "minecraft:scale_by_age": {
        "start_scale": 1,
        "end_scale": 2
      },
      "minecraft:ageable": {
        "duration": 10
      },
      "minecraft:boss": {
        "should_darken_sky": false,
        "name": "boss.dec:ash_sword.name",
        "hud_range": 32
      },
      "minecraft:experience_reward": {
        "on_death": "query.last_hit_by_player ? 200 : 0"
      },
      "minecraft:loot": {
        "table": "loot_tables/entities/ash_sword.json"
      },
      "minecraft:type_family": {
        "family": [
          "ash_sword",
          "ash",
          "boss",
          "undead",
          "monster",
          "mob"
        ]
      },
      "minecraft:nameable": {},
      "minecraft:health": {
        "value": 100,
        "max": 100
      },
      "minecraft:physics": {
        "has_gravity": false
      },
      "minecraft:attack": {
        "damage": 10
      },
      "minecraft:breathable": {
        "totalSupply": 15,
        "suffocateTime": 0,
        "breathesAir": true,
        "breathesWater": true
      },
      "minecraft:collision_box": {
        "width": 1,
        "height": 0.5
      },
      "minecraft:movement": {
        "value": 1.7
      },
      "minecraft:movement.glide": {
        "start_speed": 1.6,
        "speed_when_turning": 0.1
      },
      "minecraft:follow_range": {
        "value": 64,
        "max": 64
      },
      "minecraft:behavior.nearest_attackable_target": {
        "priority": 1,
        "within_radius": 64,
        "reselect_targets": true,
        "entity_types": [
          {
            "filters": {
              "test": "is_family",
              "subject": "other",
              "value": "player"
            },
            "max_dist": 64
          }
        ],
        "must_see": false,
        "scan_interval": 20,
        "target_search_height": 160.0
      },
      "minecraft:behavior.swoop_attack": {
        "priority": 2,
        "delay_range": [
          0.2,
          0.5
        ]
      },
      "minecraft:behavior.circle_around_anchor": {
        "priority": 3,
        "radius_range": [
          30.0,
          30.0
        ],
        "radius_change_chance": 100,
        "height_above_target_range": [
          10.0,
          20.0
        ],
        "height_offset_range": [
          -4.0,
          5.0
        ],
        "height_change_chance": 350,
        "goal_radius": 1.0
      }
    },
    "events": {
      "minecraft:despawn": {
        "add": {
          "component_groups": [
            "minecraft:despawn"
          ]
        }
      }
    }
  }
}