{
  "format_version": "1.13.0",
  "minecraft:entity": {
    "description": {
      "identifier": "dec:bat_charger",
      "is_spawnable": false,
      "is_summonable": true,
      "is_experimental": false,
      "scripts": {
        "animate": [
          "bat_charger"
        ]
      },
      "animations": {
        "bat_charger": "controller.animation.bat_charger"
      }
    },
    "component_groups": {
      "minecraft:despawn": {
        "minecraft:instant_despawn": {}
      }
    },
    "components": {
      "minecraft:explode": {
        "fuseLength": 30,
        "fuseLit": true,
        "power": 0,
        "causesFire": false
      },
      "minecraft:type_family": {
        "family": [
          "bat",
          "monster",
          "bat_charger"
        ]
      },
      "minecraft:nameable": {},
      "minecraft:health": {
        "value": 20,
        "max": 20
      },
      "minecraft:physics": {
        "has_gravity": false
      },
      "minecraft:knockback_resistance": {
        "value": 1.0
      },
      "minecraft:attack": {
        "damage": 10
      },
      "minecraft:breathable": {
        "totalSupply": 15,
        "suffocateTime": 0,
        "breathesAir": true,
        "breathesWater": false
      },
      "minecraft:collision_box": {
        "width": 0.8,
        "height": 1.44
      },
      "minecraft:despawn": {
        "despawn_from_distance": {}
      },
      "minecraft:movement": {
        "value": 4.0
      },
      "minecraft:follow_range": {
        "value": 64,
        "max": 64
      },
      "minecraft:behavior.nearest_attackable_target": {
        "priority": 1,
        "within_radius": 64,
        "reselect_targets": true,
        "entity_types": [
          {
            "filters": {
              "test": "is_family",
              "subject": "other",
              "value": "player"
            },
            "max_dist": 64
          }
        ],
        "must_see": false,
        "must_see_forget_duration": 0.5,
        "scan_interval": 5,
        "target_search_height": 80.0
      },
      "minecraft:behavior.circle_around_anchor": {
        "priority": 3,
        "radius_range": [
          30.0,
          30.0
        ],
        "radius_change_chance": 100,
        "height_above_target_range": [
          10.0,
          20.0
        ],
        "height_offset_range": [
          -4.0,
          5.0
        ],
        "height_change_chance": 350,
        "goal_radius": 1.0
      }
    },
    "events": {
      "minecraft:despawn": {
        "add": {
          "component_groups": [
            "minecraft:despawn"
          ]
        }
      }
    }
  }
}