{
  "format_version": "1.13.0",
  "minecraft:entity": {

    "description": {
      "identifier": "dec:elf_of_leaves",
      "is_spawnable": true,
      "is_summonable": true,
      "is_experimental": false,
      "scripts":{
        "animate":["ticking"]
      },
        "animations":{
          "ticking":"controller.animation.particle_leaves_essence"
      }
    },

    "component_groups": {
      "minecraft:timer": {
        "minecraft:explode": {
          "fuseLength": 20,
          "fuseLit": true,
          "power": 0,
          "causesFire": false
        }
      }
    },

    "components": {
      "minecraft:type_family": {
        "family": [ "elf_of_leaves", "mob", "monster" ]
      },
      "minecraft:experience_reward": {
        "on_death": "query.last_hit_by_player ? 5 : 0"
      },
      "minecraft:nameable": {
      },
      "minecraft:health": {
        "value": 5,
        "max": 5
      },
      "minecraft:physics": {
        "has_gravity": false
      },
      "minecraft:attack": {
        "damage": 4
      },
      "minecraft:breathable": {
        "totalSupply": 15,
        "suffocateTime": 0,
        "breathesAir": true,
        "breathesWater": false
      },
      "minecraft:collision_box": {
        "width": 0.4,
        "height": 0.8
      },
      "minecraft:movement": {
        "value": 2
      },
      "minecraft:movement.glide": {
        "start_speed": 0.1,
        "speed_when_turning": 0.1
      },
      "minecraft:follow_range": {
        "value": 64,
        "max": 64
      },
      "minecraft:behavior.avoid_mob_type": {
        "priority": 0,
        "max_dist": 16.0,
        "ignore_visibility": true,
        "entity_types": [
          {
            "filters": {
                "any_of": [
                  { "test" :  "is_family", "subject" : "other", "value" :  "ocelot"},
                  { "test" :  "is_family", "subject" : "other", "value" :  "cat"}
                ]
            },
            "max_dist": 16,
            "walk_speed_multiplier": 1,
            "sprint_speed_multiplier": 1
          }
        ]
      },
      "minecraft:behavior.nearest_attackable_target": {
        "priority": 1,
        "within_radius": 64,
        "reselect_targets": true,
        "entity_types": [
          {
            "filters": {
              "test": "is_family",
              "subject": "other",
              "value": "player"
            },
            "max_dist": 64
          }
        ],
        "must_see": false,
        "must_see_forget_duration": 0.5,
        "scan_interval": 5,
        "target_search_height": 80.0
      },
      "minecraft:behavior.swoop_attack": {
        "priority": 2,
        "delay_range": [ 5.0, 5.0 ]
      },
      "minecraft:behavior.circle_around_anchor": {
        "priority": 3,
        "radius_range": [ 10.0, 10.0 ],
        "radius_change_chance": 50,
        "height_above_target_range": [ 4.0, 6.0 ],
        "height_offset_range": [ -4.0, 5.0 ],
        "height_change_chance": 100,
        "goal_radius": 1.0
      }
    },
    "events": {
      "minecraft:timer": {
        "add": {
          "component_groups": [
            "minecraft:timer"
          ]
        }
      }
    }
  }
}