{
  "format_version": "1.13.0",
  "minecraft:entity": {
    "description": {
      "identifier": "dec:end_stone_golem",
      "runtime_identifier": "minecraft:iron_golem",
      "is_spawnable": true,
      "is_summonable": true,
      "is_experimental": false
    },

    "component_groups": {
    },

    "components": {
      "minecraft:despawn": {
        "despawn_from_distance": {}
      },
      "minecraft:type_family": {
        "family": [ "end_stone_golem", "mob", "monster", "golem" ]
      },
      "minecraft:experience_reward": {
        "on_death": "query.last_hit_by_player ? 90 : 0"
      },
      "minecraft:nameable": {
      },
      "minecraft:collision_box": {
        "width": 1.4,
        "height": 2.9
      },
      "minecraft:loot": {
        "table": "loot_tables/entities/end_stone_golem.json"
      },
      "minecraft:health": {
        "value": 60,
        "max": 60
      },
      "minecraft:fire_immune": true,
      "minecraft:movement": {
        "value": 0.21
      },
      "minecraft:navigation.walk": {
        "can_path_over_water": false,
        "avoid_water": false,
        "avoid_damage_blocks": true
      },
      "minecraft:movement.basic": {
        
      },
      "minecraft:jump.static": {
      },
      "minecraft:can_climb": {
      },
      "minecraft:attack": {
        "damage": {
          "range_min": 6,
          "range_max": 15
        },
        "effect_name": "levitation",
        "effect_duration": 4
      },
      "minecraft:damage_sensor": {
        "triggers": {
          "cause": "fall",
          "deals_damage": false
        }
      },
      "minecraft:knockback_resistance": {
        "value": 1.0
      },
      "minecraft:balloonable": {
      },
      "minecraft:behavior.target_when_pushed": {
        "priority": 1,
        "percent_chance": 5.0,
        "entity_types": [
          {
            "filters": { 
              "all_of": [
                { "test" :  "is_family", "subject" : "other", "value" :  "player" }
              ] 
            }
          }
        ]
      },
      "minecraft:behavior.melee_attack": {
        "priority": 1,
        "target_dist": 1.0,
        "track_target": true
      },
      "minecraft:behavior.move_towards_target": {
        "priority": 2,
        "speed_multiplier": 0.9,
        "within_radius": 64
      },
      "minecraft:behavior.move_towards_restriction": {
        "priority": 4,
        "speed_multiplier": 1
      },
      "minecraft:behavior.offer_flower": {
        "priority": 5
      },
      "minecraft:behavior.random_stroll": {
        "priority": 6,
        "speed_multiplier": 1,
        "xz_dist": 16
      },
      "minecraft:behavior.look_at_player": {
        "priority": 7,
        "look_distance": 6.0,
        "probability": 0.02
      },
      "minecraft:behavior.random_look_around": {
        "priority": 8
      },
      "minecraft:behavior.nearest_attackable_target": {
        "priority": 2,
        "within_radius": 16,
        "reselect_targets": true,
        "entity_types": [
          {
            "filters": {
              "all_of": [
                {
                  "any_of": [
                    { "test": "is_family", "subject": "other", "value": "player" },
                    { "test": "is_family", "subject": "other", "value": "villager" },
                    { "test": "is_family", "subject": "other", "value": "irongolem" }
                  ]
                }
              ]
            },
            "max_dist": 20
          }
        ],
        "must_see": true,
        "must_see_forget_duration": 17.0,
        "persist_time": 0.5
      },
      "minecraft:persistent": {
      },
      "minecraft:physics": {
      },
      "minecraft:pushable": {
        "is_pushable": true,
        "is_pushable_by_piston": true
      },
      "minecraft:follow_range": {
        "value": 64
      }
    },

    "events": {
    }
  }
}