{
  "format_version": "1.13.0",
  "minecraft:entity": {
    "description": {
      "identifier": "dec:entity_soul_1",
      "is_spawnable": false,
      "is_summonable": true,
      "is_experimental": false
    },

    "component_groups": {
      "minecraft:ranged": {
        "minecraft:timer": {
          "looping": false,
          "time": 3,
          "time_down_event": {
            "event": "minecraft:change_attack"
          }
        },
        "minecraft:shooter": {
          "type": "ConcentratedSoulBullet",
          "def": "dec:concentrated_soul_bullet"
        },
        "minecraft:behavior.ranged_attack": {
          "priority": 1,
          "attack_radius": 64,
          "charge_shoot_trigger": 2,
          "charge_charged_trigger": 1,
          "attack_interval_min": 1,
          "attack_interval_max": 3,
          "burst_shots": 5,
          "burst_interval": 0.5
          }
        },
      "minecraft:summon": {
        "minecraft:timer": {
          "looping": false,
          "time": 5,
          "time_down_event": {
            "event": "minecraft:change_attack"
          }
        },
        "minecraft:behavior.summon_entity": {
          "priority": 7,
  
          "summon_choices": [
            {
              "min_activation_range": 0.0,
              "max_activation_range": 2.0,
              "cooldown_time": 10.0,
              "weight": 3,
              "cast_duration": 2.0,
              "particle_color": "#FF664D59",
              "start_sound_event": "cast.spell",
              "sequence": [
                {
                  "shape": "circle",
                  "target": "self",
                  "base_delay": 1.0,
                  "delay_per_summon": 0,
                  "num_entities_spawned": 8,
                  "entity_type": "minecraft:fireball",
                  "size": 3,
                  "entity_lifespan": 20,
                  "sound_event": "prepare.attack"
                },
                {
                  "shape": "circle",
                  "target": "self",
                  "base_delay": 1.3,
                  "delay_per_summon": 0,
                  "num_entities_spawned": 16,
                  "entity_type": "minecraft:dragon_fireball",
                  "entity_lifespan": 10,
                  "size": 6
                }
              ]
            },
            {
              "weight": 5,
              "cooldown_time": 4.0,
              "cast_duration": 2.0,
              "particle_color": "#FFB3B3CC",
              "sequence": [
                {
                  "shape": "circle",
                  "target": "self",
                  "base_delay": 2.0,
                  "num_entities_spawned": 2,
                  "entity_type": "dec:real_soul",
                  "summon_cap": 8,
                  "summon_cap_radius": 16.0,
                  "size": 1.0,
                  "entity_lifespan": 20,
                  "sound_event": "prepare.summon"
                }
              ]
            },
            {
              "weight": 3,
              "cooldown_time": 2.0,
              "cast_duration": 1.0,
              "particle_color": "#FFB3B3CC",
              "sequence": [
                {
                  "shape": "circle",
                  "target": "self",
                  "base_delay": 1.0,
                  "num_entities_spawned": 3,
                  "entity_type": "dec:shadow_archer",
                  "summon_cap": 8,
                  "summon_cap_radius": 16.0,
                  "size": 1.0,
                  "entity_lifespan": 20,
                  "sound_event": "prepare.summon"
                }
              ]
            },
            {
              "weight": 3,
              "cooldown_time": 0.0,
              "cast_duration": 1.0,
              "particle_color": "#FFB3B3CC",
              "sequence": [
                {
                  "shape": "circle",
                  "target": "self",
                  "base_delay": 2.0,
                  "num_entities_spawned": 5,
                  "entity_type": "dec:soul",
                  "summon_cap": 8,
                  "summon_cap_radius": 16.0,
                  "size": 2.0,
                  "entity_lifespan": 20,
                  "sound_event": "prepare.summon"
                }
              ]
            }
          ]
        }
        },
      "minecraft:melee": {
        "minecraft:timer": {
          "looping": false,
          "time": 10,
          "time_down_event": {
            "event": "minecraft:change_attack"
          }
        },
        "minecraft:behavior.melee_attack": {
          "priority": 3,
          "speed_multiplier": 1,
          "track_target": false
          }
        },
      "minecraft:angry": {
        "minecraft:boss": {
          "should_darken_sky": false,
          "hud_range": 64,
          "name":"boss.dec:entity_soul_angry.name"
        },
      "minecraft:health": {
        "value": 900,
        "max":900
        },
      "minecraft:attack": {
        "damage": 10,
        "effect_name": "blindness",
        "effect_duration": 3
        },
        "minecraft:movement": {
          "value": 0.45
        }
      }
    },

    "components": {
      "minecraft:despawn": {
        "despawn_from_distance": { 
          "min_distance": 256,
          "max_distance": 256
        }
      },
      "minecraft:spawn_entity": {
        "entities": [
          {
            "min_wait_time": 0,
            "max_wait_time": 0,
            "spawn_entity": "dec:shadow_soul_1",
            "single_use": true,
            "num_to_spawn": 1
          },
          {
            "min_wait_time": 0,
            "max_wait_time": 0,
            "spawn_entity": "dec:shadow_soul_2",
            "single_use": true,
            "num_to_spawn": 1
          }
        ]
      },
      "minecraft:breathable": {
        "totalSupply": 15,
        "suffocateTime": 0,
        "breathesWater": true
      },
      "minecraft:movement": {
        "value": 0.35
      },
      "minecraft:fire_immune": true,
      "minecraft:experience_reward": {
        "on_death": "query.last_hit_by_player ? 400 : 0"
      },
      "minecraft:boss": {
        "should_darken_sky": false,
        "hud_range": 64,
        "name":"boss.dec:entity_soul.name"
      },
      "minecraft:collision_box": {
        "width": 0.6,
        "height": 1.8
      },
      "minecraft:nameable": {
      },

      "minecraft:type_family": {
        "family": [ "entity_soul", "soul", "undead", "monster", "boss" ]
      },
      "minecraft:loot": {
        "table": "loot_tables/entities/entity_soul.json"
      },

      "minecraft:health": {
        "value": 300,
        "max": 300
      },
      "minecraft:attack": {
        "damage": 7,
        "effect_name": "blindness",
        "effect_duration": 3
      },
      "minecraft:variant": {
        "value": 2
      },
      "minecraft:navigation.walk": {
        "is_amphibious": true,
        "can_pass_doors": true,
        "can_break_doors": true,
        "avoid_portals": false
      },
      "minecraft:annotation.break_door": {
      },
      "minecraft:movement.basic": {

      },
      "minecraft:jump.static": {
      },
      "minecraft:can_climb": {
      },
      "minecraft:behavior.move_towards_restriction": {
        "priority": 5,
        "speed_multiplier": 1
      },
      "minecraft:behavior.random_stroll": {
        "priority": 6,
        "speed_multiplier": 1
      },
      "minecraft:behavior.look_at_player": {
        "priority": 7,
        "look_distance": 6,
        "probability": 0.02
      },
      "minecraft:behavior.random_look_around": {
        "priority": 7
      },
      "minecraft:behavior.hurt_by_target": {
        "priority": 1
      },
      "minecraft:behavior.nearest_attackable_target": {
        "priority": 2,
        "within_radius": 25,
        "reselect_targets": true,
        "entity_types": [
          {
            "filters": {
              "any_of": [
                { "test": "is_family", "subject": "other", "value": "player" },
                { "test": "is_family", "subject": "other", "value": "snowgolem" },
                { "test": "is_family", "subject": "other", "value": "irongolem" }
              ]
            },
            "max_dist": 35
          },
          {
            "filters": {
              "any_of": [
                { "test": "is_family", "subject": "other", "value": "villager" },
                { "test": "is_family", "subject": "other", "value": "wandering_trader" }
              ]
            },
            "max_dist": 35,
            "must_see": false
          },
          {
            "filters": {
              "all_of": [
                { "test": "is_family", "subject": "other", "value": "baby_turtle" },
                { "test": "in_water", "subject": "other", "operator": "!=", "value": true }
              ]
            },
            "max_dist": 35
          }
        ],
        "must_see": false
      },
      "minecraft:physics": {
      }
    },
    "events": {
      "minecraft:entity_spawned": {
        "sequence": [
            {
              "filters": { "test" :  "has_biome_tag", "operator": "!=", "value" :  "soulsand_valley"},
              "randomize": [
                {
                  "add": { "component_groups": [ "minecraft:angry" ] }
                }
              ]
            },
            {
              "randomize": [
               {
                 "weight": 1,
                 "sequence": [
                    {
                     "randomize": [
                       {
                         "weight": 3,
                         "remove": { "component_groups": [ "minecraft:summon", "minecraft:melee", "minecraft:ranged"] },
                         "add": { "component_groups": [ "minecraft:summon" ] }
                       },
                       {
                         "weight": 5,
                         "remove": { "component_groups": [ "minecraft:summon", "minecraft:melee", "minecraft:ranged"] },
                         "add": { "component_groups": [ "minecraft:melee" ] }
                       },
                       {
                         "weight": 3,
                         "remove": { "component_groups": [ "minecraft:summon", "minecraft:melee", "minecraft:ranged"] },
                         "add": { "component_groups": [ "minecraft:ranged" ] }
                       }
                     ]
                   }
                 ]
               }
             ]
           }
          ]
        },
        "minecraft:change_attack": {
          "sequence": [
          {
             "randomize": [
              {
                "weight": 1,
                "sequence": [
                   {
                    "randomize": [
                      {
                        "weight": 3,
                        "remove": { "component_groups": [ "minecraft:summon", "minecraft:melee", "minecraft:ranged"] },
                        "add": { "component_groups": [ "minecraft:summon" ] }
                      },
                      {
                        "weight": 5,
                        "remove": { "component_groups": [ "minecraft:summon", "minecraft:melee", "minecraft:ranged"] },
                        "add": { "component_groups": [ "minecraft:melee" ] }
                      },
                      {
                        "weight": 3,
                        "remove": { "component_groups": [ "minecraft:summon", "minecraft:melee", "minecraft:ranged"] },
                        "add": { "component_groups": [ "minecraft:ranged" ] }
                      }
                    ]
                  }
                ]
              }
            ]
          }
        ]
      }
      }
    }
  }
