{
  "format_version": "1.13.0",
  "minecraft:entity": {
    "description": {
      "identifier": "dec:fire_storm",
      "runtime_identifier": "minecraft:blaze",
      "is_spawnable": false,
      "is_summonable": true,
      "is_experimental": false
    },
    "component_groups": {
      "minecraft:disappear": {
        "minecraft:explode": {
          "fuse_length": 0.01,
          "fuse_lit": true,
          "power": 0.3,
          "causes_fire": false,
          "destroy_affected_by_griefing": true,
          "fire_affected_by_griefing": true
        }
      }
    },
    "components": {
      "minecraft:despawn": {
        "despawn_from_distance": {}
      },
      "minecraft:collision_box": {
        "width": 0.25,
        "height": 0.9
      },
      "minecraft:timer": {
        "looping": false,
        "time": 10,
        "time_down_event": {
          "event": "minecraft:disappear",
          "target": "self"
        }
      },
      "minecraft:damage_sensor": {
        "triggers": {
          "cause": "fall",
          "deals_damage": false
        }
      },
      "minecraft:movement": {
        "value": 0.23
      },
      "minecraft:navigation.walk": {
        "can_path_over_water": true
      },
      "minecraft:movement.basic": {},
      "minecraft:jump.static": {},
      "minecraft:can_climb": {},
      "minecraft:can_fly": {
        "value": true
      },
      "minecraft:health": {
        "value": 20,
        "max": 20
      },
      "minecraft:hurt_on_condition": {
        "damage_conditions": [
          {
            "filters": {
              "test": "in_water_or_rain",
              "operator": "==",
              "value": true
            },
            "cause": "drowning",
            "damage_per_tick": 1
          }
        ]
      },
      "minecraft:follow_range": {
        "value": 64,
        "max": 64
      },
      "minecraft:fire_immune": true,
      "minecraft:behavior.float": {
        "priority": 0
      },
      "minecraft:behavior.hurt_by_target": {
        "priority": 1
      },
      "minecraft:behavior.nearest_attackable_target": {
        "priority": 2,
        "entity_types": [
          {
            "filters": {
              "test": "is_family",
              "subject": "other",
              "value": "monster"
            },
            "max_dist": 64
          }
        ],
        "must_see": true
      },
      "minecraft:behavior.melee_attack": {
        "priority": 3,
        "max_dist": 3,
        "speed_multiplier": 1,
        "random_stop_interval": 2.0,
        "track_target": true
      },
      "minecraft:shooter": {
        "type": "smallfireball",
        "def": "minecraft:small_fireball"
      },
      "minecraft:behavior.ranged_attack": {
        "priority": 4,
        "attack_interval_min": 1,
        "attack_interval_max": 2,
        "charge_charged_trigger": 0.0,
        "charge_shoot_trigger": 4.0,
        "attack_radius": 64,
        "burst_shots": 2,
        "burst_interval": 0.3
      },
      "minecraft:behavior.random_stroll": {
        "priority": 5,
        "speed_multiplier": 1.0
      },
      "minecraft:behavior.random_look_around": {
        "priority": 6
      },
      "minecraft:type_family": {
        "family": [
          "villager",
          "mob",
          "fire_storm",
          "player"
        ]
      },
      "minecraft:physics": {},
      "minecraft:pushable": {
        "is_pushable": true,
        "is_pushable_by_piston": true
      }
    },
    "events": {
      "minecraft:disappear": {
        "run_command": {
          "command": [
            "particle dec:summon_staff_spawn_disappear ~~~"
          ]
        },
        "add": {
          "component_groups": [
            "minecraft:disappear"
          ]
        }
      }
    }
  }
}