{
  "format_version": "1.12.0",
 "minecraft:entity": {
  "description": {
    "identifier": "dec:frozen_energy_ball",
    "runtime_identifier": "minecraft:egg",
    "is_spawnable": false,
    "is_summonable": true,
    "is_experimental": false
  },
  "components": {
   "minecraft:collision_box": {
    "width": 0.31,
    "height": 0.31
   },
   "minecraft:projectile": {
    "onHit": {
      "mob_effect": {
        "effect": "slowness",
        "durationeasy": 200,
        "durationnormal": 200,
        "durationhard": 200,
        "amplifier": 1
      },
      "impact_damage": {
        "damage": 3,
        "knockback": true,
        "catchFire": false,
        "semirandomdiffdamage": false
      },
      "particle_on_hit": {
        "particle_type": "snowballpoof",
        "num_particles": 6,
        "on_entity_hit": true,
        "on_other_hit": true
      },
      "remove_on_hit": { }
    },
    "hit_sound": "bullet.hit",
    "power": 0.8,
    "gravity": 0.04,
    "inertia": 1.3,
    "liquid_inertia": 1,
    "anchor": 1,
    "offset": [ 0, 0, 1 ],
    "semirandomdiffdamage": true,
    "uncertaintyBase": 6.0,
    "uncertaintyMultiplier": 6,
    "reflectOnHurt": true
   },
   "minecraft:pushable": {
    "is_pushable": false,
    "is_pushable_by_piston": true
   }
  }
 }
}
