{
  "format_version": "1.12.0",
 "minecraft:entity": {
  "description": {
    "identifier": "dec:levitation_cloud",
    "runtime_identifier": "minecraft:egg",
    "is_spawnable": false,
    "is_summonable": true,
    "is_experimental": false
  },
  "components": {
   "minecraft:collision_box": {
    "width": 0.31,
    "height": 0.31
   },
   "minecraft:explode": {
    "fuseLength": 3,
    "fuseLit": true,
    "power": 0,
    "causesFire": false
    },
   "minecraft:projectile": {

    "on_hit": {
      "impact_damage": {
        "damage": 4,
        "knockback": true,
        "catch_fire": false,
        "semi_random_diff_damage": false
      },
      "mob_effect": {
        "effect": "levitation",
        "durationeasy": 100,
        "durationnormal": 100,
        "durationhard": 100,
        "amplifier": 1
      },
      "remove_on_hit": { }
    },
    "hit_sound": "bullet.hit",
    "power": 0.75,
    "gravity": 0.00,
    "inertia": 1,
    "liquid_inertia": 1,
    "anchor": 2,
    "offset": [ 0, 0.5, 0 ],
    "semi_random_diff_damage": true,
    "uncertainty_base": 15.0,
    "reflect_on_hurt": true
   },
   "minecraft:physics": {
   },
   "minecraft:pushable": {
    "is_pushable": true,
    "is_pushable_by_piston": true
   }
  }
 }
}
