{
  "format_version": "1.12.0",
  "minecraft:entity": {
    "description": {
      "identifier": "dec:mine",
      "is_spawnable": false,
      "is_summonable": true,
      "is_experimental": false
    },

    "component_groups": {
    },
	
    "components": {
      "minecraft:type_family": {
        "family": [ "tnt", "inanimate" ]
      },
      "minecraft:collision_box": {
        "width": 0.0,
        "height": 0.0
      },

      "minecraft:explode": {
        "fuse_length": 0,
        "fuse_lit": true,
        "power": 3,
        "causes_fire": true
      },
	    "minecraft:physics": {
      },
      "minecraft:pushable": {
        "is_pushable": false,
        "is_pushable_by_piston": true
      }
    },
    
    "events": {
    }
  }
}
