{
  "format_version": "1.16.0",
  "minecraft:entity": {
    "description": {
      "identifier": "dec:murloc",
      "runtime_identifier": "minecraft:guardian",
      "is_spawnable": true,
      "is_summonable": true,
      "is_experimental": false
    },

    "component_groups": {
      "minecraft:guardian_baby": {
        "minecraft:scale": {
          "value": 0.5
        },
        "minecraft:experience_reward": {
          "on_death": "query.last_hit_by_player ? 16 : 0"
        },
        "minecraft:is_baby": {},
        "minecraft:movement": {
          "value": 0.18
        },
        "minecraft:underwater_movement": {
          "value": 0.18
        }
      },

      "minecraft:guardian_adult": {
        "minecraft:experience_reward": {
          "on_death": "query.last_hit_by_player ? 10 : 0"
        },
        "minecraft:movement": {
          "value": 0.12
        },
        "minecraft:underwater_movement": {
          "value": 0.12
        }
      }
    },

    "components": {
      "minecraft:can_climb": {
      },
      "minecraft:movement.generic": {
      },
      "minecraft:collision_box": {
        "width": 0.6,
        "height": 1.9
      },
      "minecraft:breathable": {
        "total_supply": 2,
        "suffocate_time": 0,
        "breathes_air": false,
        "breathes_water": true
      },
      "minecraft:navigation.generic": {
        "is_amphibious": true,
        "can_path_over_water": false,
        "can_break_doors": true,
        "can_swim": false,
        "can_walk": true,
        "avoid_sun": true
      },
      "minecraft:nameable": {
      },
      "minecraft:health": {
        "value": {
          "range_min": 8,
          "range_max": 11
        }
      },
      "minecraft:hurt_on_condition": {
        "damage_conditions": [
          {
            "filters": { "test": "in_lava", "subject": "self", "operator": "==", "value": true },
            "cause": "lava",
            "damage_per_tick": 4
          }
        ]
      },
      "minecraft:attack": {
        "damage": 5
      },
      "minecraft:follow_range": {
        "value": 16,
        "max": 16
      },
      "minecraft:jump.static": {
      },
      "minecraft:loot": {
        "table": "loot_tables/entities/murloc.json"
      },
      "minecraft:despawn": {
        "despawn_from_distance": {}
      },
      "minecraft:behavior.nearest_attackable_target": {
        "priority": 1,
        "entity_types": [
          {
            "filters": {  
              "any_of": [
                { "test" :  "is_family", "subject" : "other", "value" :  "player"},
                { "test" :  "is_family", "subject" : "other", "value" :  "squid"}
              ] 
            },
            "max_dist": 16
          }
        ],
        "attack_interval_min": 1.0,
        "must_see": true
      },
      "minecraft:behavior.guardian_attack": {
        "priority": 4
      },
      "minecraft:behavior.random_swim": {
        "priority": 7,
        "speed_multiplier": 1.0,
        "interval": 80,
        "avoid_surface": false
      },
      "minecraft:behavior.look_at_player": {
        "priority": 8,
        "look_distance": 12.0,
        "probability": 0.01
      },
      "minecraft:behavior.random_look_around": {
        "priority": 9
      },
      "minecraft:type_family": {
        "family": [ "guardian", "monster", "mob" ]
      },
	    "minecraft:physics": {
      },
      "minecraft:pushable": {
        "is_pushable": true,
        "is_pushable_by_piston": true
      }
    },

    "events": {
      "minecraft:entity_spawned": {
        "randomize": [
          {
            "weight": 70,
            "remove": {},
            "add": {
              "component_groups": [
                "minecraft:guardian_adult"
              ]
            }
          },
          {
            "weight": 25,
            "remove": {
            },
            "add": {
              "component_groups": [
                "minecraft:guardian_baby"
              ]
            }
          }
        ]
      }
    }
  }
}