{
  "format_version": "1.13.0",
  "minecraft:entity": {
    "description": {
      "identifier": "dec:mushroom_monster",
      "is_spawnable": true,
      "is_summonable": true,
      "is_experimental": false
    },
    "component_groups": {
      "minecraft:small": {
        "minecraft:health": {
          "value": 2,
          "max": 2
        },
        "minecraft:scale_by_age": {
          "start_scale": 1,
          "end_scale": 1.5
        },
        "minecraft:ageable": {
          "duration": 1200,
          "grow_up": {
            "event": "minecraft:grow_up_1",
            "target": "self"
          }
        },
        "minecraft:attack": {
          "damage": 1
        }
      },
      "minecraft:middle": {
        "minecraft:health": {
          "value": 5,
          "max": 5
        },
        "minecraft:scale_by_age": {
          "start_scale": 1.5,
          "end_scale": 2
        },
        "minecraft:ageable": {
          "duration": 1200,
          "grow_up": {
            "event": "minecraft:grow_up_2",
            "target": "self"
          }
        },
        "minecraft:attack": {
          "damage": 3
        }
      },
      "minecraft:large": {
        "minecraft:scale_by_age": {
          "start_scale": 2,
          "end_scale": 2.5
        },
        "minecraft:ageable": {
          "duration": 1200,
          "grow_up": {
            "event": "minecraft:grow_up_3",
            "target": "self"
          }
        },
        "minecraft:health": {
          "value": 7,
          "max": 7
        },
        "minecraft:attack": {
          "damage": 4
        }
      },
      "minecraft:very_large": {
        "minecraft:health": {
          "value": 10,
          "max": 10
        },
        "minecraft:scale": {
          "value": 2.5
        },
        "minecraft:attack": {
          "damage": 7
        }
      }
    },

    "components": {
      "minecraft:type_family": {
        "family": [ "mushroom_monster", "monster", "mob" ]
      },
        "minecraft:navigation.walk": {
        "can_path_over_water": false
        },
      "minecraft:experience_reward": {
        "on_death": "query.last_hit_by_player ? 5 : 0"
      },
      "minecraft:collision_box": {
        "width": 0.2,
        "height": 0.2
      },
        "minecraft:movement": {
          "value": 0.25
        },
        "minecraft:underwater_movement": {
          "value": 0.15
        },
        "minecraft:movement.basic": {
        },
      "minecraft:breathable": {
        "totalSupply": 5,
        "suffocateTime": 0,
        "breathesAir": true,
        "breathesWater": false
      },

      "minecraft:navigation.generic": {
        "is_amphibious": true
      },
      "minecraft:nameable": {
      },
      "minecraft:behavior.melee_attack": {
        "priority": 2,
        "speed_multiplier": 1,
        "track_target": false
      },
      "minecraft:behavior.nearest_attackable_target": {
        "priority": 2,
        "within_radius": 25,
        "reselect_targets": true,
        "entity_types": [
          {
            "filters": {
              "any_of": [
                { "test": "is_family", "subject": "other", "value": "player" },
                { "test": "is_family", "subject": "other", "value": "snowgolem" },
                { "test": "is_family", "subject": "other", "value": "irongolem" }
              ]
            },
            "max_dist": 35
          },
          {
            "filters": {
              "any_of": [
                { "test": "is_family", "subject": "other", "value": "villager" },
                { "test": "is_family", "subject": "other", "value": "wandering_trader" }
              ]
            },
            "max_dist": 35,
            "must_see": false
          }
        ],
        "must_see": true
      },
      "minecraft:physics": {
        "has_gravity": true
      }
    },
    "events": {
      "minecraft:entity_spawned": {
        "randomize": [
          {
            "weight": 90,
            "add": {
              "component_groups": [
                "minecraft:small"
              ]
            }
          },
          {
            "weight": 50,
            "add": {
              "component_groups": [
                "minecraft:middle"
              ]
            }
          },
          {
            "weight": 10,
            "add": {
              "component_groups": [
                "minecraft:large"
              ]
            }
          },
          {
            "weight": 1,
            "add": {
              "component_groups": [
                "minecraft:very_large"
              ]
            }
          }
        ]
      },
      "minecraft:grow_up_1": {
        "remove": {
          "component_groups": [
            "minecraft:small"
          ]
        },
        "add": {
          "component_groups": [
            "minecraft:middle"
          ]
        }
      },
      "minecraft:grow_up_2": {
        "remove": {
          "component_groups": [
            "minecraft:middle"
          ]
        },
        "add": {
          "component_groups": [
            "minecraft:large"
          ]
        }
      },
      "minecraft:grow_up_3": {
        "remove": {
          "component_groups": [
            "minecraft:large"
          ]
        },
        "add": {
          "component_groups": [
            "minecraft:very_large"
          ]
        }
      }
    }
  }
}