{
  "format_version": "1.13.0",
  "minecraft:entity": {
    "description": {
      "identifier": "dec:nether_golem",
      "runtime_identifier": "minecraft:iron_golem",
      "is_spawnable": true,
      "is_summonable": true,
      "is_experimental": false
    },
    "component_groups": {
      "minecraft:ranged_mode": {
        "minecraft:timer": {
          "looping": false,
          "time": 5,
          "time_down_event": {
            "event": "minecraft:change_attack"
          }
        },
        "minecraft:shooter": {
          "type": "SunEnergy",
          "def": "dec:sun_energy"
        },
        "minecraft:behavior.ranged_attack": {
          "attack_interval_min": 1,
          "attack_interval_max": 2,
          "attack_radius": 8
        }
      },
      "minecraft:attack_mode": {
        "minecraft:behavior.melee_attack": {
          "priority": 4,
          "target_dist": 1.2,
          "speed_multiplier": 1,
          "track_target": true
        },
        "minecraft:attack": {
          "damage": {
            "range_min": 5,
            "range_max": 9
          }
        },
        "minecraft:timer": {
          "looping": false,
          "time": 15,
          "time_down_event": {
            "event": "minecraft:change_attack"
          }
        }
      }
    },
    "components": {
      "minecraft:boss": {
        "should_darken_sky": false,
        "name": "mini_boss.dec:nether_golem.name",
        "hud_range": 16
      },
      "minecraft:hurt_on_condition": {
        "damage_conditions": [
          {
            "filters": {
              "test": "in_water_or_rain",
              "operator": "==",
              "value": true
            },
            "cause": "drowning",
            "damage_per_tick": 1
          }
        ]
      },
      "minecraft:type_family": {
        "family": [
          "nether_golem",
          "mob",
          "monster",
          "golem",
          "nether"
        ]
      },
      "minecraft:damage_sensor": {
        "triggers": [
          {
            "cause": "fall",
            "deals_damage": false
          },
          {
            "on_damage": {
              "filters": {
                "test": "is_family",
                "subject": "other",
                "value": "ash"
              }
            },
            "deals_damage": false
          }
        ]
      },
      "minecraft:knockback_resistance": {
        "value": 1
      },
      "minecraft:fire_immune": true,
      "minecraft:experience_reward": {
        "on_death": "query.last_hit_by_player ? 50 : 0"
      },
      "minecraft:nameable": {},
      "minecraft:health": {
        "value": 50,
        "max": 50
      },
      "minecraft:physics": {},
      "minecraft:breathable": {
        "totalSupply": 15,
        "suffocateTime": 0,
        "breathesAir": true,
        "breathesWater": false
      },
      "minecraft:collision_box": {
        "width": 0.6,
        "height": 2.0
      },
      "minecraft:movement": {
        "value": 0.25
      },
      "minecraft:follow_range": {
        "value": 64,
        "max": 64
      },
      "minecraft:navigation.walk": {
        "can_path_over_water": true
      },
      "minecraft:movement.basic": {},
      "minecraft:jump.static": {},
      "minecraft:pushable": {
        "is_pushable": true,
        "is_pushable_by_piston": true
      },
      "minecraft:behavior.float": {
        "priority": 0
      },
      "minecraft:behavior.hurt_by_target": {
        "priority": 1
      },
      "minecraft:behavior.nearest_attackable_target": {
        "priority": 2,
        "within_radius": 16.0,
        "reselect_targets": true,
        "entity_types": [
          {
            "filters": {
              "any_of": [
                {
                  "test": "is_family",
                  "subject": "other",
                  "value": "player"
                },
                {
                  "test": "is_family",
                  "subject": "other",
                  "value": "irongolem"
                },
                {
                  "test": "is_family",
                  "subject": "other",
                  "value": "wandering_trader"
                },
                {
                  "test": "is_family",
                  "subject": "other",
                  "value": "villager"
                }
              ]
            },
            "max_dist": 16
          }
        ],
        "must_see": true
      },
      "minecraft:behavior.random_stroll": {
        "priority": 7,
        "speed_multiplier": 1
      },
      "minecraft:behavior.look_at_player": {
        "priority": 8,
        "look_distance": 8
      },
      "minecraft:behavior.random_look_around": {
        "priority": 8
      }
    },
    "events": {
      "minecraft:entity_spawned": {
        "sequence": [
          {
            "randomize": [
              {
                "weight": 1,
                "sequence": [
                  {
                    "randomize": [
                      {
                        "weight": 1,
                        "add": {
                          "component_groups": [
                            "minecraft:ranged_mode"
                          ]
                        }
                      },
                      {
                        "weight": 1,
                        "add": {
                          "component_groups": [
                            "minecraft:attack_mode"
                          ]
                        }
                      }
                    ]
                  }
                ]
              }
            ]
          }
        ]
      },
      "minecraft:change_attack": {
        "sequence": [
          {
            "randomize": [
              {
                "weight": 1,
                "sequence": [
                  {
                    "randomize": [
                      {
                        "weight": 1,
                        "remove": {
                          "component_groups": [
                            "minecraft:ranged_mode",
                            "minecraft:attack_mode"
                          ]
                        },
                        "add": {
                          "component_groups": [
                            "minecraft:ranged_mode"
                          ]
                        }
                      },
                      {
                        "weight": 2,
                        "remove": {
                          "component_groups": [
                            "minecraft:ranged_mode",
                            "minecraft:attack_mode"
                          ]
                        },
                        "add": {
                          "component_groups": [
                            "minecraft:attack_mode"
                          ]
                        }
                      }
                    ]
                  }
                ]
              }
            ]
          }
        ]
      }
    }
  }
}