{
  "format_version": "1.13.0",
  "minecraft:entity": {
    "description": {
      "identifier": "dec:nether_skeleton_wizard",
      "is_spawnable": true,
      "is_summonable": true,
      "is_experimental": false
    },
    "component_groups": {
    },

    "components": {
      "minecraft:experience_reward": {
        "on_death": "query.last_hit_by_player ? 5 + (query.equipment_count * Math.Random(1,3)) : 0"
      },
      "minecraft:collision_box": {
        "width": 0.6,
        "height": 1.9
      },
      "minecraft:type_family": {
        "family": [ "nether_skeleton_wizard","skeleton", "undead", "monster", "mob", "nether" ]
      },
      "minecraft:breathable": {
        "total_supply": 15,
        "suffocate_time": 0,
        "breathes_water": true
      },

      "minecraft:health": {
        "value": {
          "range_min": 28,
          "range_max": 40
        }
      },
      "minecraft:hurt_on_condition": {
        "damage_conditions": [
          {
            "filters": { "test": "in_lava", "subject": "self", "operator": "==", "value": true },
            "cause": "lava",
            "damage_per_tick": 0
          }
        ]
      },
      "minecraft:loot": {
        "table": "loot_tables/entities/nether_skeleton_wizard.json"
      },
      "minecraft:movement": {
        "value": 0.25
      },
      "minecraft:navigation.walk": {
        "is_amphibious": true,
        "avoid_sun": true,
        "avoid_water": true
      },
      "minecraft:movement.basic": {
      },
      "minecraft:jump.static": {
      },
      "minecraft:can_climb": {
      },
      "minecraft:nameable": {
      },
      "minecraft:equipment": {
        "table": "loot_tables/entities/nether_skeleton_wizard_gear.json",
        "slot_drop_chance": [
          {
            "slot": "slot.weapon.mainhand",
            "drop_chance": 0.05
          },
          {
            "slot": "slot.armor.head",
            "drop_chance": 0.005
          },
          {
            "slot": "slot.armor.chestplate",
            "drop_chance": 0.005
          },
          {
            "slot": "slot.armor.leggings",
            "drop_chance": 0.005
          },
          {
            "slot": "slot.armor.boots",
            "drop_chance": 0.005
          }
        ]
      },
      "minecraft:shooter": {
        "type": "SunEnergy",
        "def": "dec:sun_energy"
      },
      "minecraft:behavior.ranged_attack": {
        "attack_interval_min": 2,
        "attack_interval_max": 3,
        "attack_radius": 16
      },
      "minecraft:behavior.hurt_by_target": {
        "priority": 1
      },
      "minecraft:behavior.nearest_attackable_target": {
        "priority": 2,
        "reselect_targets": true,
        "entity_types": [
          {
            "filters": {
              "test": "is_family",
              "subject": "other",
              "value": "player"
            },
            "max_dist": 16
          },
          {
            "filters": {
              "test": "is_family",
              "subject": "other",
              "value": "irongolem"
            },
            "max_dist": 16
          },
          {
            "filters": {
              "all_of": [
                {
                  "test": "is_family",
                  "subject": "other",
                  "value": "baby_turtle"
                },
                {
                  "test": "in_water",
                  "subject": "other",
                  "operator": "!=",
                  "value": true
                }
              ]
            },
            "max_dist": 16
          }
        ],
        "must_see": true
      },
      "minecraft:behavior.avoid_mob_type": {
        "priority": 4,
        "entity_types": [
          {
            "filters": {
              "test": "is_family",
              "subject": "other",
              "value": "wolf"
            },
            "max_dist": 6,
            "walk_speed_multiplier": 1.2,
            "sprint_speed_multiplier": 1.2
          }
        ]
      },
      "minecraft:behavior.random_stroll": {
        "priority": 5,
        "speed_multiplier": 1
      },
      "minecraft:behavior.look_at_player": {
        "priority": 6,
        "look_distance": 8
      },
      "minecraft:behavior.random_look_around": {
        "priority": 6
      },
      "minecraft:physics": {
      },
      "minecraft:pushable": {
        "is_pushable": true,
        "is_pushable_by_piston": true
      }
    },
    "events": {
    }
  }
}
