{
  "format_version": "1.13.0",
  "minecraft:entity": {
    "description": {
      "identifier": "dec:particle_ender_wake",
      "is_spawnable": false,
      "is_summonable": false,
      "is_experimental": false,
      "scripts":{
        "animate":["ticking"]
      },
        "animations":{
          "ticking":"controller.animation.particle_ender_wake"
      }
    },
    "component_groups": {
    },

    "components": {
      "minecraft:type_family": {
        "family": [ "particle" ]
      },
      "minecraft:collision_box": {
        "width": 0,
        "height": 0
      },
      "minecraft:explode": {
        "fuse_length": 0.01,
        "fuse_lit": true,
        "power": 0,
        "causes_fire": false,
        "destroy_affected_by_griefing": true
      },
      "minecraft:health": {
        "value": 1,
        "max": 1
      }
    }
  }
}