{
  "format_version": "1.16.0",
  "minecraft:entity": {
    "description": {
      "identifier": "dec:pirate",
      "is_spawnable": true,
      "is_summonable": true,
      "is_experimental": false,
      "scripts": {
        "animate": [
          {
            "run_away": "query.health <= 9"
          },
          {
            "join_fight": "query.health >= 10"
          }
        ]
      },
      "animations": {
        "run_away": "animation.pirate.run_away",
        "join_fight": "animation.pirate.join_fight"
      }
    },
    "component_groups": {
      "minecraft:run_away": {
        "minecraft:behavior.avoid_mob_type": {
          "priority": 3,
          "entity_types": [
            {
              "filters": {
                "any_of": [
                  {
                    "test": "is_family",
                    "subject": "other",
                    "value": "player"
                  }
                ]
              },
              "max_dist": 16,
              "sprint_speed_multiplier": 1.2
            }
          ]
        }
      },
      "minecraft:ranged_attack": {
        "minecraft:equipment": {
          "table": "loot_tables/entities/pirate_ranged_gear.json"
        },
        "minecraft:behavior.ranged_attack": {
          "priority": 4,
          "attack_interval_min": 2.0,
          "attack_interval_max": 2.0,
          "attack_radius": 32.0
        },
        "minecraft:shooter": {
          "def": "dec:bullet_by_short_flintlock"
        }
      },
      "minecraft:melee_attack": {
        "minecraft:equipment": {
          "table": "loot_tables/entities/pirate_melee_gear.json"
        },
        "minecraft:behavior.melee_attack": {
          "priority": 4,
          "track_target": true
        },
        "minecraft:attack": {
          "damage": 3
        }
      }
    },
    "components": {
      "minecraft:target_nearby_sensor": {
        "inside_range": 4,
        "outside_range": 5,
        "must_see": true,
        "on_inside_range": {
          "event": "minecraft:melee_mode",
          "target": "self"
        },
        "on_outside_range": {
          "event": "minecraft:ranged_mode",
          "target": "self"
        }
      },
      "minecraft:is_hidden_when_invisible": {},
      "minecraft:experience_reward": {
        "on_death": "query.last_hit_by_player ? (query.is_baby ? 12 : 5) + (Math.die_roll(query.equipment_count,1,3)) : 0"
      },
      "minecraft:equip_item": {},
      "minecraft:collision_box": {
        "width": 0.6,
        "height": 1.9
      },
      "minecraft:type_family": {
        "family": [
          "pirate",
          "monster",
          "illager",
          "mob"
        ]
      },
      "minecraft:variant": {
        "value": 0
      },
      "minecraft:breathable": {
        "total_supply": 15,
        "suffocate_time": 0
      },
      "minecraft:health": {
        "value": 28,
        "max": 28
      },
      "minecraft:conditional_bandwidth_optimization": {},
      "minecraft:hurt_on_condition": {
        "damage_conditions": [
          {
            "filters": {
              "test": "in_lava",
              "subject": "self",
              "operator": "==",
              "value": true
            },
            "cause": "lava",
            "damage_per_tick": 4
          }
        ]
      },
      "minecraft:loot": {
        "table": "loot_tables/entities/pirate.json"
      },
      "minecraft:movement": {
        "value": 0.37
      },
      "minecraft:navigation.walk": {
        "can_path_over_water": true
      },
      "minecraft:movement.basic": {},
      "minecraft:jump.static": {},
      "minecraft:nameable": {},
      "minecraft:despawn": {
        "despawn_from_distance": {}
      },
      "minecraft:behavior.float": {
        "priority": 0
      },
      "minecraft:behavior.hurt_by_target": {
        "priority": 1,
        "entity_types": {
          "filters": {
            "test": "is_family",
            "subject": "other",
            "operator": "!=",
            "value": "illager"
          },
          "max_dist": 64
        }
      },
      "minecraft:behavior.nearest_attackable_target": {
        "priority": 2,
        "must_see": true,
        "reselect_targets": true,
        "within_radius": 16.0,
        "entity_types": [
          {
            "filters": {
              "any_of": [
                {
                  "test": "is_family",
                  "subject": "other",
                  "value": "player"
                },
                {
                  "test": "is_family",
                  "subject": "other",
                  "value": "irongolem"
                },
                {
                  "test": "is_family",
                  "subject": "other",
                  "value": "wandering_trader"
                }
              ]
            },
            "max_dist": 32
          },
          {
            "filters": {
              "all_of": [
                {
                  "test": "is_family",
                  "subject": "other",
                  "value": "villager"
                },
                {
                  "test": "has_component",
                  "subject": "other",
                  "operator": "!=",
                  "value": "minecraft:is_baby"
                }
              ]
            },
            "max_dist": 32
          }
        ]
      },
      "minecraft:behavior.equip_item": {
        "priority": 3
      },
      "minecraft:behavior.pickup_items": {
        "priority": 7,
        "max_dist": 3,
        "goal_radius": 2,
        "speed_multiplier": 1.0
      },
      "minecraft:behavior.random_stroll": {
        "priority": 8,
        "speed_multiplier": 1
      },
      "minecraft:behavior.look_at_player": {
        "priority": 9,
        "look_distance": 8
      },
      "minecraft:behavior.random_look_around": {
        "priority": 10
      },
      "minecraft:physics": {},
      "minecraft:pushable": {
        "is_pushable": true,
        "is_pushable_by_piston": true
      },
      "minecraft:follow_range": {
        "value": 64
      }
    },
    "events": {
      "minecraft:entity_spawned": {
        "add": {
          "component_groups": [
            "minecraft:ranged_attack"
          ]
        }
      },
      "minecraft:melee_mode": {
        "remove": {
          "component_groups": [
            "minecraft:ranged_attack"
          ]
        },
        "add": {
          "component_groups": [
            "minecraft:melee_attack"
          ]
        }
      },
      "minecraft:ranged_mode": {
        "remove": {
          "component_groups": [
            "minecraft:melee_attack"
          ]
        },
        "add": {
          "component_groups": [
            "minecraft:ranged_attack"
          ]
        }
      },
      "minecraft:run_away": {
        "sequence": [
          {
            "filters": {
              "test": "has_component",
              "operator": "!=",
              "value": "minecraft:run_away"
            },
            "add": { "component_groups": [ "minecraft:run_away" ] }
          }
        ]
      },
      "minecraft:join_fight": {
        "sequence": [
          {
            "filters": {
              "test": "has_component",
              "operator": "==",
              "value": "minecraft:run_away"
            },
            "remove": { "component_groups": [ "minecraft:run_away" ] }
          }
        ]
      }
    }
  }
}