{
  "format_version": "1.8.0",
  "minecraft:client_entity": {
    "description": {
      "identifier": "wb:spell_discipline",
      "materials": { "default": "skeleton" },
      "textures": {
        "default": "textures/wb/1_x/spell_fire"
      },
      "geometry": {
        "default": "geometry.spell_fire"
      },
      "render_controllers": [ "controller.render.base" ],
      "spawn_egg": {
        "texture": "spell_discipline",
        "texture_index": 0
      }
    }
  }
}