{
  "format_version": "1.16.0",
  "minecraft:entity": {
    "description": {
      "identifier": "minecraft:blaze",
      "is_spawnable": true,
      "is_summonable": true,
      "is_experimental": false
    },

    "component_groups": {
      "minecraft:blaze_baby": {
        "minecraft:health": {
          "value": {
            "range_min": 10,
            "range_max": 18
          }
        },
        "minecraft:experience_reward": {
          "on_death": "query.last_hit_by_player ? 16 : 0"
        },
        "minecraft:is_baby": {},
        "minecraft:scale_by_age": {
          "start_scale": 0.5,
          "end_scale": 1.0
        },
        "minecraft:ageable": {
          "duration": 1200,
          "grow_up": {
            "event": "minecraft:grow_up",
            "target": "self"
          }
        },
        "minecraft:movement": {
          "value": 0.23
        }
      },

      "minecraft:blaze_adult": {
        "minecraft:health": {
          "value": {
            "range_min": 18,
            "range_max": 30
          }
        },
        "minecraft:loot": {
          "table": "loot_tables/entities/blaze.json"
        },
        "minecraft:experience_reward": {
          "on_death": "query.last_hit_by_player ? 10 : 0"
        },
        "minecraft:movement": {
          "value": 0.23
        }
      }
    },
    "components": {
      "minecraft:collision_box": {
        "width": 0.5,
        "height": 1.8
      },
      "minecraft:attack": {
        "damage": 6
      },
      "minecraft:damage_sensor": {
        "triggers": {
          "cause": "fall",
          "deals_damage": false
        }
      },
      "minecraft:navigation.walk": {
        "can_path_over_water": true,
        "avoid_water": true,
        "avoid_damage_blocks":  true
      },
      "minecraft:movement.basic": {
      },
      "minecraft:jump.static": {
      },
      "minecraft:can_climb": {
      },
      "minecraft:health": {
        "value": {
          "range_min": 18,
          "range_max": 30
        }
      },
      "minecraft:hurt_on_condition": {
        "damage_conditions": [
          {
            "filters": { "test": "in_water_or_rain", "operator": "==", "value": true },
            "cause": "drowning",
            "damage_per_tick": 1
          }
        ]
      },
      "minecraft:follow_range": {
        "value": 48,
        "max": 48
      },
      "minecraft:fire_immune": {
      },
      "minecraft:nameable": {

      },
      "minecraft:despawn": {
        "despawn_from_distance": {}
      },
      "minecraft:behavior.float": {
        "priority": 0
      },
      "minecraft:behavior.hurt_by_target": {
        "priority": 1
      },
      "minecraft:behavior.nearest_attackable_target": {
        "priority": 2,
        "must_see": true,
        "entity_types": [
          {
            "filters": {
              "test": "is_family",
              "subject": "other",
              "value": "player"
            },
            "max_dist": 48.0
          }
        ]
      },
      "minecraft:behavior.melee_attack": {
        "priority": 3,
        "track_target": true,
        "random_stop_interval": 2
      },
      "minecraft:shooter": {
        "def": "minecraft:small_fireball"
      },
      "minecraft:behavior.ranged_attack": {
        "priority": 4,
        "burst_shots": 3,
        "burst_interval": 0.3,
        "charge_charged_trigger": 0.0,
        "charge_shoot_trigger": 4.0,
        "attack_interval_min": 3.0,
        "attack_interval_max": 5.0,
        "attack_radius": 16.0
      },
      "minecraft:behavior.random_stroll": {
        "priority": 5,
        "speed_multiplier": 1.0
      },
      "minecraft:behavior.random_look_around": {
        "priority": 6
      },
      "minecraft:type_family": {
        "family": [ "blaze", "monster", "mob" ]
      },
      "minecraft:physics": {
      },
      "minecraft:pushable": {
        "is_pushable": true,
        "is_pushable_by_piston": true
      }
    },

    "events": {
      "minecraft:entity_spawned": {
        "randomize": [
          {
            "weight": 70,
            "remove": {},
            "add": {
              "component_groups": [
                "minecraft:blaze_adult"
              ]
            }
          },
          {
            "weight": 25,
            "remove": {
            },
            "add": {
              "component_groups": [
                "minecraft:blaze_baby"
              ]
            }
          }
        ]
      },
      "minecraft:grow_up": {
        "remove": {
          "component_groups": [
            "minecraft:blaze_baby"
          ]
        },
        "add": {
          "component_groups": [
            "minecraft:blaze_adult"
          ]
        }
      }
    }
  }
}