{
	"format_version": "1.10.0",
	"geometry.fire_blast": {
		"texturewidth": 32,
		"textureheight": 32,
		"visible_bounds_width": 2,
		"visible_bounds_height": 2,
		"visible_bounds_offset": [0, 1, 0],
		"bones": [
			{
				"name": "body",
				"pivot": [0, 0, 0]
			},
			{
				"name": "bone",
				"parent": "body",
				"pivot": [0, 0, 0],
				"rotation": [50, -35, -35]
			},
			{
				"name": "b1",
				"parent": "bone",
				"pivot": [0, 0, 0],
				"cubes": [
					{"origin": [0, 2, 0], "size": [6, 6, 6], "uv": [8, 20]}
				]
			},
			{
				"name": "b2",
				"parent": "bone",
				"pivot": [0, 0, 0],
				"cubes": [
					{"origin": [1, 3, -1], "size": [4, 4, 8], "uv": [8, 20]}
				]
			},
			{
				"name": "b4",
				"parent": "bone",
				"pivot": [0, 0, 0],
				"cubes": [
					{"origin": [1, 1, 1], "size": [4, 8, 4], "uv": [8, 20]}
				]
			},
			{
				"name": "b3",
				"parent": "bone",
				"pivot": [0, 0, 0],
				"cubes": [
					{"origin": [-1, 3, 1], "size": [8, 4, 4], "uv": [8, 20]}
				]
			}
		]
	}
}