{
  "format_version": "1.10.0",
  "minecraft:entity": {
    "description": {
      "identifier": "epic:cannon_cart_bullet",
      "is_spawnable": false,
      "is_summonable": true,
      "is_experimental": false,
      "runtime_identifier": "minecraft:snowball"
    },
    "component_groups": {
      "exploding": {
        "minecraft:explode": {
          "fuseLength": 2,
          "power": 4,
          "fuseLit": true,
          "causesFire": false
        }
      }
    },
    "components": {
      "minecraft:collision_box": {
        "width": 0.5,
        "height": 0.5
      },
      "minecraft:projectile": {
        "onHit": {
          "impact_damage": {
            "damage": 15,
            "knockback": true,
            "semi_random_diff_damage": false,
            "destroy_on_hit": true
          },
          "remove_on_hit": {},
          "mob_effect": {
            "effect": "slowness",
            "durationeasy": 60,
            "durationnormal":60,
            "durationhard": 60,
            "amplifier": 1
          },      
          "particle_on_hit": {
            "particle_type": "lava",
            "num_particles": 15,
            "on_entity_hit": true,
            "on_other_hit": true
          },
          "definition_event": {
            "affect_projectile": true,
            "eventTrigger": {
              "event": "on:hit",
              "target": "self"
            }
          }
        },
        "power": 1.6,
        "gravity": 0.012,
        "angleoffset": 0.0,
        "offset": [ 0, 0.5, 0.1 ],
        "shootSound": "bow_hit",
        "hitSound": "explode"
      },
      "minecraft:physics": {}
    },
    "events": {
      "on:hit": {
        "randomize": []
      }
    }
  }
}