{
  "format_version": "1.10.0",
  "particle_effect": {
    "description": {
      "identifier": "takile:havoc_sign_par",
      "basic_render_parameters": {
        "material": "particles_blend",
        "texture": "textures/par/havoc_sign_par"
      }
    },
    "components": {
      "minecraft:emitter_rate_instant": {
        "num_particles": 4
      },
      "minecraft:emitter_lifetime_once": {
        "active_time": 0.2
      },
      "minecraft:emitter_shape_disc": {
        "radius": 0.6,
        "direction": [0,1,0]
      },
      "minecraft:particle_lifetime_expression": {
        "max_lifetime": 2
      },
      "minecraft:particle_initial_speed": "Math.random(0,2)",
      "minecraft:particle_motion_dynamic": {},
      "minecraft:particle_appearance_billboard": {
        "size": [0.5,0.5],
        "facing_camera_mode": "rotate_xyz",
        "uv": {
          "texture_width": 16,
          "texture_height": 1,
          "flipbook": {
            "base_UV": [0,0],
            "max_frame":16,
            "size_UV": [1,1],
            "step_UV": [1,0],
            "frames_per_second": 10,
            "loop": true
          }
        }
      }
    }
  }
}