{
	"format_version": "1.16.100",
	"minecraft:block": {
		"description": {
			"identifier": "wb:flowers_magic_normal"
		},
		"components": {
			"minecraft:material_instances": {
				"*": {
					"texture": "flowers_magic_normal",
					"render_method": "alpha_test"
				}
			},
			"minecraft:geometry": "geometry.crop.sparse.flower",
			"minecraft:entity_collision": false,
			"minecraft:pick_collision": {
				"origin": [
					-5,
					0,
					-5
				],
				"size": [
					10,
					15,
					10
				]
			},
			"minecraft:destroy_time": 0.001,
			"minecraft:map_color": "#00847D",
			"minecraft:block_light_absorption": 1,
			"minecraft:placement_filter": {
				"conditions": [
					{
						"allowed_faces": [
							"up"
						],
						"block_filter": [
							"wb:magic_forest_grass"
						]
					}
				]
			},
			"minecraft:creative_category": {
				"category": "construction"
			}
		}
	}
}