{
  "format_version": "1.8.0",
  "minecraft:entity": {
    "description": {
      "identifier": "wb:end_boom",
      "is_spawnable": false,
      "is_summonable": true,
      "is_experimental": false,
      "runtime_identifier":"wb:end_boom"
    },
    "component_groups": {
    	"start":{

    	}
    },
    "components": {
     "minecraft:type_family": {
        "family": [ "origin"]
      },
    "minecraft:explode": {
     "fuseLength": 0.0,
     "fuseLit": true,
    "breaks_blocks":true,
     "power": 200
     },
      "minecraft:damage_sensor": [
        {
          "cause": "all",
          "deals_damage": false
        }
      ],
      "minecraft:nameable": {
      },
      "minecraft:health": {
        "value": 100,
        "max": 100
      },
      "minecraft:attack": {
        "damage": 0
      },
      "minecraft:collision_box": {
        "width": 0.4,
        "height": 0.4
      },
      "minecraft:movement": {
        "value": 6.0
      },
      "minecraft:navigation.walk": {
        "can_path_over_water": true
      },
      "minecraft:movement.basic": {

      },
      "minecraft:jump.static": {
      },
      "minecraft:can_climb": {
      },
      "minecraft:fire_immune": true,
      "minecraft:behavior.float": {
        "priority": 0
      },
      "minecraft:behavior.hurt_by_target": {
        "priority": 1
      },
      "minecraft:physics": {
        "has_gravity": false,
        "has_collision": true
      }
    },
    "events":{
  	"start":{
  		"add":{
  			"component_groups":["start"]
  		}
  	}
  }
  }
}