{"format_version":"1.8.0","animation_controllers":{"controller.animation.wb_magic_stoneman_b":{"states":{"default":{"transitions":[{"heijfeqbgpat":"query.variant == 115"},{"rauzqiwlikwb":"query.variant == 113"},{"nzqgerzhjxbu":"query.variant == 111"},{"lruotbwixfsk":"query.variant == 109"},{"jynnogbfnpcp":"query.variant == 107"},{"ejsjqelztrtm":"query.variant == 105"},{"fwbllltfbbmb":"query.variant == 103"},{"watprqwnoape":"query.variant == 101"},{"oo":"query.variant == 1000"},{"rhcvkemfjllt":"query.variant == 100"},{"qxgoeuyqcrzv":"query.variant == 102"},{"vpzhkxhcubui":"query.variant == 104"},{"cquumgmhmdwa":"query.variant == 106"},{"tsgysryxzjwr":"query.variant == 108"},{"ioayamnaufai":"query.variant == 110"},{"qwabjaghtkrl":"query.variant == 112"},{"pvgjmgmpyphs":"query.variant == 114"},{"umxhanggymfj":"query.variant == 116"}]},"oo":{"transitions":[{"default":"!query.variant != 1000"}]},"rhcvkemfjllt":{"transitions":[{"default":"query.variant != 100"}],"on_entry":["/tellraw @a[r=14] {\"rawtext\":[{\"text\":\"[魔化石块]多么不可思议…\"}]}"]},"watprqwnoape":{"transitions":[{"default":"query.variant != 101"}],"on_entry":["/tellraw @a[r=14] {\"rawtext\":[{\"text\":\"[魔化石块]你个人类，不仅不怕我，还打败了我。\"}]}"]},"qxgoeuyqcrzv":{"transitions":[{"default":"query.variant != 102"}],"on_entry":["/tellraw @a[r=14] {\"rawtext\":[{\"text\":\"[魔化石块]莫非。你不是人类？\"}]}"]},"fwbllltfbbmb":{"transitions":[{"default":"query.variant != 103"}],"on_entry":["/tellraw @a[r=14] {\"rawtext\":[{\"text\":\"[魔化石块]但这绝对不可能。\"}]}"]},"vpzhkxhcubui":{"transitions":[{"default":"query.variant != 104"}],"on_entry":["/tellraw @a[r=14] {\"rawtext\":[{\"text\":\"[魔化石块]又难道是因为你那独特的力量？\"}]}"]},"ejsjqelztrtm":{"transitions":[{"default":"query.variant != 105"}],"on_entry":["/tellraw @a[r=14] {\"rawtext\":[{\"text\":\"[魔化石块]呵…\"}]}"]},"cquumgmhmdwa":{"transitions":[{"default":"query.variant != 106"}],"on_entry":["/tellraw @a[r=14] {\"rawtext\":[{\"text\":\"[魔化石块]…\"}]}"]},"jynnogbfnpcp":{"transitions":[{"default":"query.variant != 107"}],"on_entry":["/tellraw @a[r=14] {\"rawtext\":[{\"text\":\"[魔化石块]…\"}]}"]},"tsgysryxzjwr":{"transitions":[{"default":"query.variant != 108"}],"on_entry":["/tellraw @a[r=14] {\"rawtext\":[{\"text\":\"[魔化石块]不过，我有一个方法可以鉴定你是谁。\"}]}"]},"lruotbwixfsk":{"transitions":[{"default":"query.variant != 109"}],"on_entry":["/tellraw @a[r=14] {\"rawtext\":[{\"text\":\"[魔化石块]我给你一个东西。\"}]}"]},"ioayamnaufai":{"transitions":[{"default":"query.variant != 110"}],"on_entry":["/tellraw @a[r=14] {\"rawtext\":[{\"text\":\"[魔化石块]这个东西，在你以后遇见我时交给我，我便能知道你的身份。\"}]}"]},"nzqgerzhjxbu":{"transitions":[{"default":"query.variant != 111"}],"on_entry":["/tellraw @a[r=14] {\"rawtext\":[{\"text\":\"[魔化石块]啊哈…\"}]}"]},"qwabjaghtkrl":{"transitions":[{"default":"query.variant != 112"}],"on_entry":["/tellraw @a[r=14] {\"rawtext\":[{\"text\":\"[魔化石块]你在担心我会不会死？\"}]}"]},"rauzqiwlikwb":{"transitions":[{"default":"query.variant != 113"}],"on_entry":["/tellraw @a[r=14] {\"rawtext\":[{\"text\":\"[魔化石块]我是又石块组成，就算粉身碎骨，也可以在另外一个地方恢复。\"}]}"]},"pvgjmgmpyphs":{"transitions":[{"default":"query.variant != 114"}],"on_entry":["/tellraw @a[r=14] {\"rawtext\":[{\"text\":\"[魔化石块]那么…\"}]}"]},"heijfeqbgpat":{"transitions":[{"default":"query.variant != 115"}],"on_entry":["/tellraw @a[r=14] {\"rawtext\":[{\"text\":\"[魔化石块]以后见了。\"}]}"]},"umxhanggymfj":{"transitions":[{"default":"query.variant != 116"}],"on_entry":["/tellraw @a[r=14] {\"rawtext\":[{\"text\":\"…\"}]}"]}}}}}