{"format_version":"1.8.0","animation_controllers":{"controller.animation.wb_magic_stone_a":{"states":{"default":{"transitions":[{"dmgotomgjbyh":"query.variant == 55"},{"wtefbboonslb":"query.variant == 53"},{"nznrypnmmlzy":"query.variant == 51"},{"xdyycjhoaeaq":"query.variant == 49"},{"tkmjcxjwirqc":"query.variant == 47"},{"zegtmbpuzyhq":"query.variant == 45"},{"vwggophtlqim":"query.variant == 43"},{"trttzfwlbpke":"query.variant == 41"},{"heaunbnfggnl":"query.variant == 39"},{"trpmrpamkrtl":"query.variant == 37"},{"kbrjhtgwjduu":"query.variant == 35"},{"sritpvccxkpg":"query.variant == 33"},{"xzbvhscemnan":"query.variant == 31"},{"zrlatgxqyyew":"query.variant == 29"},{"rgsayfwvhapo":"query.variant == 27"},{"jqkclshaoxfc":"query.variant == 25"},{"tjyqejkuftyp":"query.variant == 23"},{"iztmjegyumnk":"query.variant == 21"},{"acfepwjfasgl":"query.variant == 19"},{"tflbyoulxlvm":"query.variant == 17"},{"qtijqrdleyjy":"query.variant == 15"},{"queakfwivjbu":"query.variant == 13"},{"yupjersgjfri":"query.variant == 11"},{"rbhzclpwtlxk":"query.variant == 9"},{"zwvrdmsqlqlt":"query.variant == 7"},{"ohgkicweydab":"query.variant == 5"},{"qofvodnxrkcw":"query.variant == 3"},{"pyctaxgkgeoq":"query.variant == 1"},{"oo":"query.variant == 1000"},{"pdfiyqwkmenn":"query.variant == 2"},{"eilhkfyhutso":"query.variant == 4"},{"ijdjouhaffbd":"query.variant == 6"},{"jicqstmnmalg":"query.variant == 8"},{"qqoijxhphbop":"query.variant == 10"},{"ukzxddhvtrug":"query.variant == 12"},{"lssdmbosuogr":"query.variant == 14"},{"fceixwqpgtoy":"query.variant == 16"},{"uaxtsrkdmuun":"query.variant == 18"},{"kmlmzaikyrny":"query.variant == 20"},{"fkvlcivbficg":"query.variant == 22"},{"uadwzrreexiz":"query.variant == 24"},{"ifyivfrngkwz":"query.variant == 26"},{"lalxkvfhpmyu":"query.variant == 28"},{"pcxfmyiqnmbq":"query.variant == 30"},{"tgawpokdjspv":"query.variant == 32"},{"ebvqykuyybec":"query.variant == 34"},{"kxwxexftrumt":"query.variant == 36"},{"inzscyaktwbd":"query.variant == 38"},{"zsohjqttnkrp":"query.variant == 40"},{"tdbtokmwwaxt":"query.variant == 42"},{"ymtlrcpfppxe":"query.variant == 44"},{"lxclcrluyxvi":"query.variant == 46"},{"dtwkfphfpfrw":"query.variant == 48"},{"oivmcxbvxwgc":"query.variant == 50"},{"xukatdncmvdq":"query.variant == 52"},{"phmltlgiyoal":"query.variant == 54"},{"kwbqjrrkmmgn":"query.variant == 56"}]},"oo":{"transitions":[{"default":"!query.variant != 1000"}]},"pyctaxgkgeoq":{"transitions":[{"default":"query.variant != 1"}],"on_entry":["/tellraw @a[r=14] {\"rawtext\":[{\"text\":\"[魔化石块]…\"}]}"]},"pdfiyqwkmenn":{"transitions":[{"default":"query.variant != 2"}],"on_entry":["/tellraw @a[r=14] {\"rawtext\":[{\"text\":\"[魔化石块]好吧。\"}]}"]},"qofvodnxrkcw":{"transitions":[{"default":"query.variant != 3"}],"on_entry":["/tellraw @a[r=14] {\"rawtext\":[{\"text\":\"[魔化石块]我算是知道你是谁了。\"}]}"]},"eilhkfyhutso":{"transitions":[{"default":"query.variant != 4"}],"on_entry":["/tellraw @a[r=14] {\"rawtext\":[{\"text\":\"[魔化石块]你是人类，但你不正常。\"}]}"]},"ohgkicweydab":{"transitions":[{"default":"query.variant != 5"}],"on_entry":["/tellraw @a[r=14] {\"rawtext\":[{\"text\":\"[魔化石块]没有一个人类可以遇见我两次。\"}]}"]},"ijdjouhaffbd":{"transitions":[{"default":"query.variant != 6"}],"on_entry":["/tellraw @a[r=14] {\"rawtext\":[{\"text\":\"[魔化石块]除非…\"}]}"]},"zwvrdmsqlqlt":{"transitions":[{"default":"query.variant != 7"}],"on_entry":["/tellraw @a[r=14] {\"rawtext\":[{\"text\":\"[魔化石块]他将时光倒流。\"}]}"]},"jicqstmnmalg":{"transitions":[{"default":"query.variant != 8"}],"on_entry":["/tellraw @a[r=14] {\"rawtext\":[{\"text\":\"[魔化石块]或者这个人，用某种方法再次将我召唤出来。\"}]}"]},"rbhzclpwtlxk":{"transitions":[{"default":"query.variant != 9"}],"on_entry":["/tellraw @a[r=14] {\"rawtext\":[{\"text\":\"[魔化石块]哈哈…\"}]}"]},"qqoijxhphbop":{"transitions":[{"default":"query.variant != 10"}],"on_entry":["/tellraw @a[r=14] {\"rawtext\":[{\"text\":\"[魔化石块]上次我算是骗了你。\"}]}"]},"yupjersgjfri":{"transitions":[{"default":"query.variant != 11"}],"on_entry":["/tellraw @a[r=14] {\"rawtext\":[{\"text\":\"[魔化石块]因为…\"}]}"]},"ukzxddhvtrug":{"transitions":[{"default":"query.variant != 12"}],"on_entry":["/tellraw @a[r=14] {\"rawtext\":[{\"text\":\"[魔化石块]你打败我的那一刻…\"}]}"]},"queakfwivjbu":{"transitions":[{"default":"query.variant != 13"}],"on_entry":["/tellraw @a[r=14] {\"rawtext\":[{\"text\":\"[魔化石块]我已经死了。\"}]}"]},"lssdmbosuogr":{"transitions":[{"default":"query.variant != 14"}],"on_entry":["/tellraw @a[r=14] {\"rawtext\":[{\"text\":\"[魔化石块]但是…\"}]}"]},"qtijqrdleyjy":{"transitions":[{"default":"query.variant != 15"}],"on_entry":["/tellraw @a[r=14] {\"rawtext\":[{\"text\":\"[魔化石块]由于我死了…\"}]}"]},"fceixwqpgtoy":{"transitions":[{"default":"query.variant != 16"}],"on_entry":["/tellraw @a[r=14] {\"rawtext\":[{\"text\":\"[魔化石块]因此我的灵魂不会再受到魔力压制。\"}]}"]},"tflbyoulxlvm":{"transitions":[{"default":"query.variant != 17"}],"on_entry":["/tellraw @a[r=14] {\"rawtext\":[{\"text\":\"[魔化石块]我便可以和你交谈。\"}]}"]},"uaxtsrkdmuun":{"transitions":[{"default":"query.variant != 18"}],"on_entry":["/tellraw @a[r=14] {\"rawtext\":[{\"text\":\"[魔化石块]首先，你不能让时间倒流。\"}]}"]},"acfepwjfasgl":{"transitions":[{"default":"query.variant != 19"}],"on_entry":["/tellraw @a[r=14] {\"rawtext\":[{\"text\":\"[魔化石块]自古以来，能让时间倒流的只有起源王——我只知道他一个。\"}]}"]},"kmlmzaikyrny":{"transitions":[{"default":"query.variant != 20"}],"on_entry":["/tellraw @a[r=14] {\"rawtext\":[{\"text\":\"[魔化石块]你提供给召唤台能量…\"}]}"]},"iztmjegyumnk":{"transitions":[{"default":"query.variant != 21"}],"on_entry":["/tellraw @a[r=14] {\"rawtext\":[{\"text\":\"[魔化石块]然后…\"}]}"]},"fkvlcivbficg":{"transitions":[{"default":"query.variant != 22"}],"on_entry":["/tellraw @a[r=14] {\"rawtext\":[{\"text\":\"[魔化石块]再借助召唤台…\"}]}"]},"tjyqejkuftyp":{"transitions":[{"default":"query.variant != 23"}],"on_entry":["/tellraw @a[r=14] {\"rawtext\":[{\"text\":\"[魔化石块]召唤了我，对不对？\"}]}"]},"uadwzrreexiz":{"transitions":[{"default":"query.variant != 24"}],"on_entry":["/tellraw @a[r=14] {\"rawtext\":[{\"text\":\"[魔化石块]哈哈…\"}]}"]},"jqkclshaoxfc":{"transitions":[{"default":"query.variant != 25"}],"on_entry":["/tellraw @a[r=14] {\"rawtext\":[{\"text\":\"[魔化石块]我虽然无法让时间倒流…\"}]}"]},"ifyivfrngkwz":{"transitions":[{"default":"query.variant != 26"}],"on_entry":["/tellraw @a[r=14] {\"rawtext\":[{\"text\":\"[魔化石块]但是，我可以感知时间的流动，以确定自己有没有再生。\"}]}"]},"rgsayfwvhapo":{"transitions":[{"default":"query.variant != 27"}],"on_entry":["/tellraw @a[r=14] {\"rawtext\":[{\"text\":\"[魔化石块]上次和你说的所谓的再生能力…\"}]}"]},"lalxkvfhpmyu":{"transitions":[{"default":"query.variant != 28"}],"on_entry":["/tellraw @a[r=14] {\"rawtext\":[{\"text\":\"[魔化石块]还是得借助魔力的力量。\"}]}"]},"zrlatgxqyyew":{"transitions":[{"default":"query.variant != 29"}],"on_entry":["/tellraw @a[r=14] {\"rawtext\":[{\"text\":\"[魔化石块]这信物上…记录的是当时和你接触的过程。\"}]}"]},"pcxfmyiqnmbq":{"transitions":[{"default":"query.variant != 30"}],"on_entry":["/tellraw @a[r=14] {\"rawtext\":[{\"text\":\"[魔化石块]因此，我只要看到这个东西\"}]}"]},"xzbvhscemnan":{"transitions":[{"default":"query.variant != 31"}],"on_entry":["/tellraw @a[r=14] {\"rawtext\":[{\"text\":\"[魔化石块]便可以得知一切。\"}]}"]},"tgawpokdjspv":{"transitions":[{"default":"query.variant != 32"}],"on_entry":["/tellraw @a[r=14] {\"rawtext\":[{\"text\":\"[魔化石块]你能够借助召唤台——\"}]}"]},"sritpvccxkpg":{"transitions":[{"default":"query.variant != 33"}],"on_entry":["/tellraw @a[r=14] {\"rawtext\":[{\"text\":\"[魔化石块]这说明你还是人——毕竟这召唤台只有人类能用。\"}]}"]},"ebvqykuyybec":{"transitions":[{"default":"query.variant != 34"}],"on_entry":["/tellraw @a[r=14] {\"rawtext\":[{\"text\":\"[魔化石块]我没猜错的话…\"}]}"]},"kbrjhtgwjduu":{"transitions":[{"default":"query.variant != 35"}],"on_entry":["/tellraw @a[r=14] {\"rawtext\":[{\"text\":\"[魔化石块]你拥有毁灭世界和创造世界的两种力量。\"}]}"]},"kxwxexftrumt":{"transitions":[{"default":"query.variant != 36"}],"on_entry":["/tellraw @a[r=14] {\"rawtext\":[{\"text\":\"[魔化石块]假设你能创造世界——\"}]}"]},"trpmrpamkrtl":{"transitions":[{"default":"query.variant != 37"}],"on_entry":["/tellraw @a[r=14] {\"rawtext\":[{\"text\":\"[魔化石块]那么你也能够帮助我。\"}]}"]},"inzscyaktwbd":{"transitions":[{"default":"query.variant != 38"}],"on_entry":["/tellraw @a[r=14] {\"rawtext\":[{\"text\":\"[魔化石块]帮助我摆脱这身体…\"}]}"]},"heaunbnfggnl":{"transitions":[{"default":"query.variant != 39"}],"on_entry":["/tellraw @a[r=14] {\"rawtext\":[{\"text\":\"[魔化石块]哈…？你问你为什么不能遇见我两次？\"}]}"]},"zsohjqttnkrp":{"transitions":[{"default":"query.variant != 40"}],"on_entry":["/tellraw @a[r=14] {\"rawtext\":[{\"text\":\"[魔化石块]哈…？你又问我既然已经死了，那么又如何复活？\"}]}"]},"trttzfwlbpke":{"transitions":[{"default":"query.variant != 41"}],"on_entry":["/tellraw @a[r=14] {\"rawtext\":[{\"text\":\"[魔化石块]你搞错了吧。\"}]}"]},"tdbtokmwwaxt":{"transitions":[{"default":"query.variant != 42"}],"on_entry":["/tellraw @a[r=14] {\"rawtext\":[{\"text\":\"[魔化石块]我每次用魔力再生，便会变一个样子。\"}]}"]},"vwggophtlqim":{"transitions":[{"default":"query.variant != 43"}],"on_entry":["/tellraw @a[r=14] {\"rawtext\":[{\"text\":\"[魔化石块]你还会记得我？\"}]}"]},"ymtlrcpfppxe":{"transitions":[{"default":"query.variant != 44"}],"on_entry":["/tellraw @a[r=14] {\"rawtext\":[{\"text\":\"[魔化石块]这样对你来说，我已经死了;对我来说，我临时摆脱了魔力的压制，也是死了。\"}]}"]},"zegtmbpuzyhq":{"transitions":[{"default":"query.variant != 45"}],"on_entry":["/tellraw @a[r=14] {\"rawtext\":[{\"text\":\"[魔化石块]哈…\"}]}"]},"lxclcrluyxvi":{"transitions":[{"default":"query.variant != 46"}],"on_entry":["/tellraw @a[r=14] {\"rawtext\":[{\"text\":\"[魔化石块]…\"}]}"]},"tkmjcxjwirqc":{"transitions":[{"default":"query.variant != 47"}],"on_entry":["/tellraw @a[r=14] {\"rawtext\":[{\"text\":\"[魔化石块]下一次再见面的时候…\"}]}"]},"dtwkfphfpfrw":{"transitions":[{"default":"query.variant != 48"}],"on_entry":["/tellraw @a[r=14] {\"rawtext\":[{\"text\":\"[魔化石块]不对…\"}]}"]},"xdyycjhoaeaq":{"transitions":[{"default":"query.variant != 49"}],"on_entry":["/tellraw @a[r=14] {\"rawtext\":[{\"text\":\"[魔化石块]应该是下下次再见面的时候…\"}]}"]},"oivmcxbvxwgc":{"transitions":[{"default":"query.variant != 50"}],"on_entry":["/tellraw @a[r=14] {\"rawtext\":[{\"text\":\"[魔化石块]我有可能成为你的敌人。\"}]}"]},"nznrypnmmlzy":{"transitions":[{"default":"query.variant != 51"}],"on_entry":["/tellraw @a[r=14] {\"rawtext\":[{\"text\":\"[魔化石块]在下次见面之前\"}]}"]},"xukatdncmvdq":{"transitions":[{"default":"query.variant != 52"}],"on_entry":["/tellraw @a[r=14] {\"rawtext\":[{\"text\":\"[魔化石块]会有人告诉你那就是我。\"}]}"]},"wtefbboonslb":{"transitions":[{"default":"query.variant != 53"}],"on_entry":["/tellraw @a[r=14] {\"rawtext\":[{\"text\":\"[魔化石块]也会有人告诉我那就是你——我每死一次，记忆就会消失。\"}]}"]},"phmltlgiyoal":{"transitions":[{"default":"query.variant != 54"}],"on_entry":["/tellraw @a[r=14] {\"rawtext\":[{\"text\":\"[魔化石块]记得在下次见面时把我的灵魂给转移到某个新的身体里面——最好是人的身体。\"}]}"]},"dmgotomgjbyh":{"transitions":[{"default":"query.variant != 55"}],"on_entry":["/tellraw @a[r=14] {\"rawtext\":[{\"text\":\"[魔化石块]我会先藏起来，保证我这段时间不死。\"}]}"]},"kwbqjrrkmmgn":{"transitions":[{"default":"query.variant != 56"}],"on_entry":["/tellraw @a[r=14] {\"rawtext\":[{\"text\":\"[魔化石块]再见了。\"}]}"]}}}}}