{
	"format_version": "1.8.0",
	"animations": {
		"animation.nautilus.move": {
			"loop": true,
			"animation_length": 2.04,
			"bones": {
				"bone": {
					"rotation": {
						"0.0": [-7.5, 0, 0],
						"1.0333": [15, 0, 0],
						"2.0333": [-7.5, 0, 0]
					}
				},
				"bone2": {
					"rotation": {
						"0.0": [10, 0, 0],
						"1.0333": [0, 0, 0],
						"2.0333": [10, 0, 0]
					}
				},
				"bone3": {
					"rotation": {
						"0.0": [10, 0, 0],
						"1.0333": [0, 0, 0],
						"2.0333": [10, 0, 0]
					}
				},
				"bone4": {
					"rotation": {
						"0.0": [10, 0, 0],
						"1.0333": [0, 0, 0],
						"2.0333": [10, 0, 0]
					}
				},
				"bone5": {
					"rotation": {
						"0.0": [10, 0, 0],
						"1.0333": [0, 0, 0],
						"2.0333": [10, 0, 0]
					}
				},
				"bone6": {
					"rotation": {
						"0.0": [10, 0, 0],
						"1.0333": [0, 0, 0],
						"2.0333": [10, 0, 0]
					}
				},
				"bone9": {
					"rotation": {
						"0.0": [10, 0, 0],
						"1.0333": [0, 0, 0],
						"2.0333": [10, 0, 0]
					}
				},
				"bone10": {
					"rotation": {
						"0.0": [10, 0, 0],
						"1.0333": [0, 0, 0],
						"2.0333": [10, 0, 0]
					}
				},
				"bone11": {
					"rotation": {
						"0.0": [10, 0, 0],
						"1.0333": [0, 0, 0],
						"2.0333": [10, 0, 0]
					}
				},
				"bone12": {
					"rotation": {
						"0.0": [10, 0, 0],
						"1.0333": [0, 0, 0],
						"2.0333": [10, 0, 0]
					}
				}
			}
		}
	}
}