{
  "format_version": "1.8.0",
  "minecraft:entity": {
    "description": {
      "identifier": "wb:boss_translate_use",
      "is_spawnable": false,
      "is_summonable": true,
      "is_experimental": false,
      "runtime_identifier": "wb:boss_translate_use"
    },
    "component_groups": {},
    "components": {
      "minecraft:explode": {
        "fuse_length": 5,
        "fuse_lit": true,
        "power": 0,
        "causes_fire": false,
        "destroy_affected_by_griefing": true
      },
      "minecraft:type_family": {
        "family": [
          "aboss"
        ]
      },
      "minecraft:physics": {},
      "minecraft:damage_sensor": [
        {
          "cause": "all",
          "deals_damage": false
        }
      ],
      "minecraft:knockback_resistance": {
        "value": 1
      },
      "minecraft:fire_immune": true,
      "minecraft:scale": {
        "value": 0.5
      },
      "minecraft:collision_box": {
        "width": 0.1,
        "height": 0.1
      },
      "minecraft:health": {
        "value": 999900,
        "max": 999900
      },
      "minecraft:movement": {
        "value": 0
      },
      "minecraft:navigation.walk": {},
      "minecraft:movement.basic": {},
      "minecraft:jump.static": {},
      "minecraft:can_climb": {},
      "minecraft:behavior.random_stroll": {
        "priority": 6,
        "speed_multiplier": 1,
        "xz_dist": 16
      },
      "minecraft:behavior.look_at_player": {
        "priority": 7,
        "look_distance": 6,
        "probability": 0.02
      },
      "minecraft:behavior.random_look_around": {
        "priority": 8
      },
      "minecraft:behavior.hurt_by_target": {
        "priority": 2
      },
      "minecraft:follow_range": {
        "value": 64
      }
    }
  }
}