{
  "format_version": "1.8.0",
  "render_controllers": {
    "controller.render.chunkx": {
      "geometry": "Geometry.chunkx",
      "materials": [ { "*": "Material.default" } ],
      "is_hurt_color": {},
      "on_fire_color": {},
      "arrays": {
      "textures": {     
          "array.chunk": [
            "Texture.cc16",
            "Texture.cc1",
            "Texture.cc2",
            "Texture.cc3",
            "Texture.cc4",
            "Texture.cc5",
            "Texture.cc6",
            "Texture.cc7",
            "Texture.cc8",
            "Texture.cc9",
            "Texture.cc10",
            "Texture.cc11",
            "Texture.cc12",
            "Texture.cc13",
            "Texture.cc14",
            "Texture.cc15"
                         ],
          "array.chunk2": [
            "Texture.cc3",
            "Texture.cc2",
            "Texture.cc1",
            "Texture.cc16",
            "Texture.cc15",
            "Texture.cc14",
            "Texture.cc13",
            "Texture.cc12",
            "Texture.cc11",
            "Texture.cc10",
            "Texture.cc9",
            "Texture.cc8",
            "Texture.cc7",
            "Texture.cc6",
            "Texture.cc5",
            "Texture.cc4"
                         ]
                       }
                    },
      "textures": [ "(query.position(0) <= 0) ? array.chunk[16 + math.ceil(math.abs(query.position(0))) - (query.position(0) >= 0) + (query.position(0) >= 0)*1] : array.chunk2[18 + math.ceil(math.abs(query.position(0))) - (query.position(0) >= 0) + (query.position(0) >= 0)*1]"//((query.position(0) <= 0) * math.ceil(math.abs(query.position(0))) - (query.position(0) >= 0)) + ((query.position(0) >= 1) * math.ceil(math.abs(query.position(0))) - (query.position(0) >= 0))
]
    },
    "controller.render.chunkz": {
      "geometry": "Geometry.chunkz",
      "materials": [ { "*": "Material.default" } ],
      "is_hurt_color": {},
      "on_fire_color": {},
      "arrays": {
      "textures": {     
          "array.chunk": [
            "Texture.cc1",
            "Texture.cc2",
            "Texture.cc3",
            "Texture.cc4",
            "Texture.cc5",
            "Texture.cc6",
            "Texture.cc7",
            "Texture.cc8",
            "Texture.cc9",
            "Texture.cc10",
            "Texture.cc11",
            "Texture.cc12",
            "Texture.cc13",
            "Texture.cc14",
            "Texture.cc15",
            "Texture.cc16"
                         ],
          "array.chunk2": [
            "Texture.cc4",
            "Texture.cc3",
            "Texture.cc2",
            "Texture.cc1",
            "Texture.cc16",
            "Texture.cc15",
            "Texture.cc14",
            "Texture.cc13",
            "Texture.cc12",
            "Texture.cc11",
            "Texture.cc10",
            "Texture.cc9",
            "Texture.cc8",
            "Texture.cc7",
            "Texture.cc6",
            "Texture.cc5"
                         ]
                       }
                    },
      "textures": [ "(query.position(2) <= 0) ? array.chunk[14 + math.ceil(math.abs(query.position(2))) - (query.position(2) >= 0) + (query.position(2) >= 0)*1] : array.chunk2[20 + math.ceil(math.abs(query.position(2))) - (query.position(2) >= 0) + (query.position(2) >= 0)*1]"
]
    },
    "controller.render.border1": {
      "materials": [ { "*": "Material.default" } ],
      "is_hurt_color": {},
      "on_fire_color": {},
      "arrays": {
        "geometries": {
          "array.off": [ 
            "Geometry.border15",
            "Geometry.border14",
            "Geometry.border13",
            "Geometry.border12",
            "Geometry.border11",
            "Geometry.border10",
            "Geometry.border9",
            "Geometry.border8",
            "Geometry.border7",
            "Geometry.border6",
            "Geometry.border5",
            "Geometry.border4",
            "Geometry.border3",
            "Geometry.border2",
            "Geometry.border1",
            "Geometry.border16"
                      ],
          "array.off2": [ 
            "Geometry.border1",
            "Geometry.border2",
            "Geometry.border3",
            "Geometry.border4",
            "Geometry.border5",
            "Geometry.border6",
            "Geometry.border7",
            "Geometry.border8",
            "Geometry.border9",
            "Geometry.border10",
            "Geometry.border11",
            "Geometry.border12",
            "Geometry.border13",
            "Geometry.border14",
            "Geometry.border15",
            "Geometry.border16"
                      ]
                    },
      "textures": {     
          "array.chunk": [
            "Texture.g2",
            "Texture.g3",
            "Texture.g4",
            "Texture.g5",
            "Texture.g6",
            "Texture.g7",
            "Texture.g8",
            "Texture.g9",
            "Texture.g10",
            "Texture.g11",
            "Texture.g12",
            "Texture.g13",
            "Texture.g14",
            "Texture.g15",
            "Texture.g16",
            "Texture.g1"
                         ],
          "array.chunk2": [
            "Texture.g16",
            "Texture.g15",
            "Texture.g14",
            "Texture.g13",
            "Texture.g12",
            "Texture.g11",
            "Texture.g10",
            "Texture.g9",
            "Texture.g8",
            "Texture.g7",
            "Texture.g6",
            "Texture.g5",
            "Texture.g4",
            "Texture.g3",
            "Texture.g2",
            "Texture.g1"
                         ]
                       }
                    },
      "geometry": "(query.position(2) <= 0) ? array.off[16 + (math.ceil(math.abs(query.position(2) / 16)) * 16) - (math.ceil(math.abs(query.position(2)))) + (query.position(2) >= 0) + -1] : array.off2[16 + (math.ceil(math.abs(query.position(2) / 16)) * 16) - (math.ceil(math.abs(query.position(2)))) + (query.position(2) >= 0) + -1]",
      "textures": [ "(query.position(0) <= 0) ? array.chunk[16 + (math.ceil(math.abs(query.position(0) / 16)) * 16) - (math.ceil(math.abs(query.position(0)))) + (query.position(0) <= 0)*-1] : array.chunk2[16 + (math.ceil(math.abs(query.position(0) / 16)) * 16) - (math.ceil(math.abs(query.position(0)))) + (query.position(0) <= 0)*-1]"
]
    },
    "controller.render.cindx": {
      "geometry": "Geometry.cind",
      "materials": [ { "*": "Material.default" } ],
      "is_hurt_color": {},
      "on_fire_color": {},
      "arrays": {
        "geometries": {
          "array.cindg": [ 
            "Geometry.cind",
            "Geometry.cind2",
            "Geometry.cind2",
            "Geometry.cind2",
            "Geometry.cind2",
            "Geometry.cind2",
            "Geometry.cind2",
            "Geometry.cind2",
            "Geometry.cind2",
            "Geometry.cind2",
            "Geometry.cind2",
            "Geometry.cind2",
            "Geometry.cind2",
            "Geometry.cind2",
            "Geometry.cind2",
            "Geometry.cind"
                      ],
          "array.cindg2": [ 
            "Geometry.cind",
            "Geometry.cind2",
            "Geometry.cind2",
            "Geometry.cind2",
            "Geometry.cind2",
            "Geometry.cind2",
            "Geometry.cind2",
            "Geometry.cind2",
            "Geometry.cind2",
            "Geometry.cind2",
            "Geometry.cind2",
            "Geometry.cind2",
            "Geometry.cind2",
            "Geometry.cind2",
            "Geometry.cind2",
            "Geometry.cind"
                      ]
                    },
      "textures": {     
          "array.cind": [
            "Texture.ccorner",
            "Texture.cedge",
            "Texture.cedge",
            "Texture.cedge",
            "Texture.cedge",
            "Texture.cedge",
            "Texture.cedge",
            "Texture.cedge",
            "Texture.cedge",
            "Texture.cedge",
            "Texture.cedge",
            "Texture.cedge",
            "Texture.cedge",
            "Texture.cedge",
            "Texture.cedge",
            "Texture.ccorner"
                         ],
          "array.cind2": [
            "Texture.ccorner",
            "Texture.cedge",
            "Texture.cedge",
            "Texture.cedge",
            "Texture.cedge",
            "Texture.cedge",
            "Texture.cedge",
            "Texture.cedge",
            "Texture.cedge",
            "Texture.cedge",
            "Texture.cedge",
            "Texture.cedge",
            "Texture.cedge",
            "Texture.cedge",
            "Texture.cedge",
            "Texture.ccorner"
                         ]
                       }
                    },

      "geometry": "(query.position(2) <= 0) ? array.cindg[1 + (math.ceil(math.abs(query.position(2) / 16)) * 16) - (math.ceil(math.abs(query.position(2)))) + (query.position(2) >= 0) + -1] : array.cindg2[16 + (math.ceil(math.abs(query.position(2) / 16)) * 16) - (math.ceil(math.abs(query.position(2)))) + (query.position(2) >= 0) + -1]",
      "textures": [ "(query.position(0) <= 0) ? array.cind[1 + (math.ceil(math.abs(query.position(0) / 16)) * 16) - (math.ceil(math.abs(query.position(0)))) + (query.position(0) <= 0)*-1] : array.cind2[16 + (math.ceil(math.abs(query.position(0) / 16)) * 16) - (math.ceil(math.abs(query.position(0)))) + (query.position(0) <= 0)*-1]"
]
    },
    "controller.render.cindz": {
      "geometry": "Geometry.cind",
      "materials": [ { "*": "Material.default" } ],
      "is_hurt_color": {},
      "on_fire_color": {},
      "arrays": {
        "geometries": {
          "array.cindg": [ 
            "Geometry.cind",
            "Geometry.cind2",
            "Geometry.cind2",
            "Geometry.cind2",
            "Geometry.cind2",
            "Geometry.cind2",
            "Geometry.cind2",
            "Geometry.cind2",
            "Geometry.cind2",
            "Geometry.cind2",
            "Geometry.cind2",
            "Geometry.cind2",
            "Geometry.cind2",
            "Geometry.cind2",
            "Geometry.cind2",
            "Geometry.cind"
                      ],
          "array.cindg2": [ 
            "Geometry.cind",
            "Geometry.cind2",
            "Geometry.cind2",
            "Geometry.cind2",
            "Geometry.cind2",
            "Geometry.cind2",
            "Geometry.cind2",
            "Geometry.cind2",
            "Geometry.cind2",
            "Geometry.cind2",
            "Geometry.cind2",
            "Geometry.cind2",
            "Geometry.cind2",
            "Geometry.cind2",
            "Geometry.cind2",
            "Geometry.cind"
                      ]
                    },
      "textures": {     
          "array.cind": [
            "Texture.ccorner",
            "Texture.cedge",
            "Texture.cedge",
            "Texture.cedge",
            "Texture.cedge",
            "Texture.cedge",
            "Texture.cedge",
            "Texture.cedge",
            "Texture.cedge",
            "Texture.cedge",
            "Texture.cedge",
            "Texture.cedge",
            "Texture.cedge",
            "Texture.cedge",
            "Texture.cedge",
            "Texture.ccorner"
                         ],
          "array.cind2": [
            "Texture.ccorner",
            "Texture.cedge",
            "Texture.cedge",
            "Texture.cedge",
            "Texture.cedge",
            "Texture.cedge",
            "Texture.cedge",
            "Texture.cedge",
            "Texture.cedge",
            "Texture.cedge",
            "Texture.cedge",
            "Texture.cedge",
            "Texture.cedge",
            "Texture.cedge",
            "Texture.cedge",
            "Texture.ccorner"
                         ]
                       }
                    },

      "geometry": "(query.position(0) <= 0) ? array.cindg[1 + (math.ceil(math.abs(query.position(0) / 16)) * 16) - (math.ceil(math.abs(query.position(0)))) + (query.position(0) >= 0) + -1] : array.cindg2[16 + (math.ceil(math.abs(query.position(0) / 16)) * 16) - (math.ceil(math.abs(query.position(0)))) + (query.position(0) >= 0) + -1]",
      "textures": [ "(query.position(2) <= 0) ? array.cind[1 + (math.ceil(math.abs(query.position(2) / 16)) * 16) - (math.ceil(math.abs(query.position(2)))) + (query.position(2) <= 0)*-1] : array.cind2[16 + (math.ceil(math.abs(query.position(2) / 16)) * 16) - (math.ceil(math.abs(query.position(2)))) + (query.position(2) <= 0)*-1]"
]
    },
    "controller.render.cbg": {
      "geometry": "Geometry.cbg",
      "textures": [ "Texture.cbg2" ],
      "materials": [ { "*": "Material.default" } ],
      "is_hurt_color": {},
      "on_fire_color": {}
    },
    "controller.render.marker": {
      "geometry": "Geometry.marker",
      "textures": [ "Texture.marker" ],
      "materials": [ { "*": "Material.default" } ],
      "is_hurt_color": {},
      "on_fire_color": {}
    },
    "controller.render.cx": {
      "geometry": "Geometry.cx",
      "materials": [ { "*": "Material.default" } ],
      "is_hurt_color": {},
      "on_fire_color": {},
      "arrays": {
      "textures": {     
          "array.x": [
            "Texture.z0",
            "Texture.z1",
            "Texture.z2",
            "Texture.z3",
            "Texture.z4",
            "Texture.z5",
            "Texture.z6",
            "Texture.z7",
            "Texture.z8",
            "Texture.z9"
                         ]
                       }
                    },
      "textures": [ "(query.position(0) <= 0) ? array.x[math.ceil(math.abs(((query.position(0) + 1) - (query.position(0) <= 0)) / 16)) - 1] : array.x[math.ceil(math.abs((query.position(0) - (query.position(0) <= 0)) / 16))]"
]
    },
    "controller.render.cx2": {
      "geometry": "Geometry.cx2",
      "materials": [ { "*": "Material.default" } ],
      "is_hurt_color": {},
      "on_fire_color": {},
      "arrays": {
      "textures": {     
          "array.x": [
            "Texture.z0",
            "Texture.z1",
            "Texture.z2",
            "Texture.z3",
            "Texture.z4",
            "Texture.z5",
            "Texture.z6",
            "Texture.z7",
            "Texture.z8",
            "Texture.z9"
                         ]
                       }
                    },
      "textures": [ "(query.position(0) <= 0) ? array.x[math.ceil(math.abs(((query.position(0) + 1) - (query.position(0) <= 0)) / 160)) - 1] : array.x[9 + math.ceil(math.abs(((query.position(0) + 16) - (query.position(0) <= 0)) / 160))]"
]
    },
    "controller.render.cx3": {
      "geometry": "Geometry.cx3",
      "materials": [ { "*": "Material.default" } ],
      "is_hurt_color": {},
      "on_fire_color": {},
      "arrays": {
      "textures": {     
          "array.x": [
            "Texture.z0",
            "Texture.z1",
            "Texture.z2",
            "Texture.z3",
            "Texture.z4",
            "Texture.z5",
            "Texture.z6",
            "Texture.z7",
            "Texture.z8",
            "Texture.z9"
                         ]
                       }
                    },
      "textures": [ "(query.position(0) <= 0) ? array.x[math.ceil(math.abs(((query.position(0) + 1) - (query.position(0) <= 0)) / 1600)) - 1] : array.x[9 + math.ceil(math.abs(((query.position(0) + 16) - (query.position(0) <= 0)) / 1600))]"
]
    },
    "controller.render.cx4": {
      "geometry": "Geometry.cx4",
      "materials": [ { "*": "Material.default" } ],
      "is_hurt_color": {},
      "on_fire_color": {},
      "arrays": {
      "textures": {     
          "array.x": [
            "Texture.z0",
            "Texture.z1",
            "Texture.z2",
            "Texture.z3",
            "Texture.z4",
            "Texture.z5",
            "Texture.z6",
            "Texture.z7",
            "Texture.z8",
            "Texture.z9"
                         ]
                       }
                    },
      "textures": [ "(query.position(0) <= 0) ? array.x[math.ceil(math.abs(((query.position(0) + 1) - (query.position(0) <= 0)) / 16000)) - 1] : array.x[9 + math.ceil(math.abs(((query.position(0) + 16) - (query.position(0) <= 0)) / 16000))]"
]
    },
    "controller.render.cy": {
      "geometry": "Geometry.cy",
      "materials": [ { "*": "Material.default" } ],
      "is_hurt_color": {},
      "on_fire_color": {},
      "arrays": {
      "textures": {     
          "array.y": [
            "Texture.z9",
            "Texture.z0",
            "Texture.z1",
            "Texture.z2",
            "Texture.z3",
            "Texture.z4",
            "Texture.z5",
            "Texture.z6",
            "Texture.z7",
            "Texture.z8"
                         ]
                       }
                    },
      "textures": [ "(query.position(1) <= 2.5) ? array.y[1 + math.ceil(math.abs((query.position(1) - (query.position(1) <= 0) - 1.5) / 16))] : array.y[math.ceil(math.abs(((query.position(1) - 1.5) - (query.position(1) <= 0)) / 16))]"
]
    },
    "controller.render.cy2": {
      "geometry": "Geometry.cy2",
      "materials": [ { "*": "Material.default" } ],
      "is_hurt_color": {},
      "on_fire_color": {},
      "arrays": {
      "textures": {     
          "array.y": [
            "Texture.z9",
            "Texture.z0",
            "Texture.z1",
            "Texture.z2",
            "Texture.z3",
            "Texture.z4",
            "Texture.z5",
            "Texture.z6",
            "Texture.z7",
            "Texture.z8"
                         ]
                       }
                    },
      "textures": [ "(query.position(1) <= 2.5) ? array.y[1 + math.ceil(math.abs(((query.position(1)) - (query.position(1) <= 0) - 1.5) / 160)) + ((query.position(1) <= -157.5) * -1)] : array.y[math.ceil(math.abs(((query.position(1) - 1.5) - (query.position(1) <= 0)) / 160))]"
]
    },
    "controller.render.cz": {
      "geometry": "Geometry.cz",
      "materials": [ { "*": "Material.default" } ],
      "is_hurt_color": {},
      "on_fire_color": {},
      "arrays": {
      "textures": {     
          "array.z": [
            "Texture.z0",
            "Texture.z1",
            "Texture.z2",
            "Texture.z3",
            "Texture.z4",
            "Texture.z5",
            "Texture.z6",
            "Texture.z7",
            "Texture.z8",
            "Texture.z9"
                         ]
                       }
                    },
      "textures": [ "(query.position(2) <= 0) ? array.z[math.ceil(math.abs(((query.position(2) + 1) - (query.position(2) <= 0)) / 16)) - 1] : array.z[math.ceil(math.abs((query.position(2) - (query.position(2) <= 0)) / 16))]"
]
    },
    "controller.render.cz2": {
      "geometry": "Geometry.cz2",
      "materials": [ { "*": "Material.default" } ],
      "is_hurt_color": {},
      "on_fire_color": {},
      "arrays": {
      "textures": {     
          "array.z": [
            "Texture.z0",
            "Texture.z1",
            "Texture.z2",
            "Texture.z3",
            "Texture.z4",
            "Texture.z5",
            "Texture.z6",
            "Texture.z7",
            "Texture.z8",
            "Texture.z9"
                         ]
                       }
                    },
      "textures": [ "(query.position(2) <= 0) ? array.z[math.ceil(math.abs(((query.position(2) + 1) - (query.position(2) <= 0)) / 160)) - 1] : array.z[9 + math.ceil(math.abs(((query.position(2) + 16) - (query.position(2) <= 0)) / 160))]"
]
    },
    "controller.render.cz3": {
      "geometry": "Geometry.cz3",
      "materials": [ { "*": "Material.default" } ],
      "is_hurt_color": {},
      "on_fire_color": {},
      "arrays": {
      "textures": {     
          "array.z": [
            "Texture.z0",
            "Texture.z1",
            "Texture.z2",
            "Texture.z3",
            "Texture.z4",
            "Texture.z5",
            "Texture.z6",
            "Texture.z7",
            "Texture.z8",
            "Texture.z9"
                         ]
                       }
                    },
      "textures": [ "(query.position(2) <= 0) ? array.z[math.ceil(math.abs(((query.position(2) + 1) - (query.position(2) <= 0)) / 160)) - 1] : array.z[9 + math.ceil(math.abs(((query.position(2) + 16) - (query.position(2) <= 0)) / 1600))]"
]
    },
    "controller.render.cz4": {
      "geometry": "Geometry.cz4",
      "materials": [ { "*": "Material.default" } ],
      "is_hurt_color": {},
      "on_fire_color": {},
      "arrays": {
      "textures": {     
          "array.z": [
            "Texture.z0",
            "Texture.z1",
            "Texture.z2",
            "Texture.z3",
            "Texture.z4",
            "Texture.z5",
            "Texture.z6",
            "Texture.z7",
            "Texture.z8",
            "Texture.z9"
                         ]
                       }
                    },
      "textures": [ "(query.position(2) <= 0) ? array.z[math.ceil(math.abs(((query.position(2) + 1) - (query.position(2) <= 0)) / 160)) - 1] : array.z[9 + math.ceil(math.abs(((query.position(2) + 16) - (query.position(2) <= 0)) / 16000))]"
]
    },
    "controller.render.cnx": {
      "geometry": "Geometry.cnx",
      "textures": [ "Texture.nz" ],
      "materials": [ { "*": "Material.default" } ],
      "is_hurt_color": {},
      "on_fire_color": {}
    },
    "controller.render.cny": {
      "geometry": "Geometry.cny",
      "textures": [ "Texture.nz" ],
      "materials": [ { "*": "Material.default" } ],
      "is_hurt_color": {},
      "on_fire_color": {}
    },
    "controller.render.cnz": {
      "geometry": "Geometry.cnz",
      "textures": [ "Texture.nz" ],
      "materials": [ { "*": "Material.default" } ],
      "is_hurt_color": {},
      "on_fire_color": {}
    },
    "controller.render.cdbg": {
      "geometry": "Geometry.cdbg",
      "textures": [ "Texture.cdbg" ],
      "materials": [ { "*": "Material.default" } ],
      "is_hurt_color": {},
      "on_fire_color": {}
    },
    "controller.render.cxyz": {
      "geometry": "Geometry.cxyz",
      "textures": [ "Texture.cxyz" ],
      "materials": [ { "*": "Material.default" } ],
      "is_hurt_color": {},
      "on_fire_color": {}
    },
    "controller.render.ccoords": {
      "geometry": "Geometry.ccoords",
      "textures": [ "Texture.ccoords" ],
      "materials": [ { "*": "Material.default" } ],
      "is_hurt_color": {},
      "on_fire_color": {}
    }
}}