{
  "format_version": "1.13.0",
  "minecraft:entity": {
    "description": {
      "identifier": "dec:abyssal_controller",
      "is_spawnable": true,
      "is_summonable": true,
      "is_experimental": false,
      "scripts": {
        "animate": [
          "ticking"
        ]
      },
      "animations": {
        "ticking": "controller.animation.abyssal_controller"
      }
    },
    "component_groups": {
      "minecraft:angry": {
        "minecraft:boss": {
          "should_darken_sky": false,
          "name": "boss.dec:abyssal_controller_angry.name",
          "hud_range": 64
        },
        "minecraft:health": {
          "value": 600,
          "max": 600
        },
        "minecraft:behavior.ranged_attack": {
          "attack_interval_min": 1,
          "attack_interval_max": 3,
          "attack_radius": 64
        },
        "minecraft:teleport": {
          "random_teleports": true,
          "max_random_teleport_time": 30,
          "random_teleport_cube": [
            8,
            32,
            8
          ],
          "target_distance": 16,
          "target_teleport_chance": 0.05,
          "light_teleport_chance": 0.05
        }
      }
    },
    "components": {
      "minecraft:despawn": {
        "despawn_from_distance": {
          "min_distance": 40,
          "max_distance": 40
        }
      },
      "minecraft:fire_immune": true,
      "minecraft:experience_reward": {
        "on_death": "query.last_hit_by_player ? 400 : 0"
      },
      "minecraft:type_family": {
        "family": [
          "monster",
          "abyssal_controller",
          "mob",
          "boss"
        ]
      },
      "minecraft:loot": {
        "table": "loot_tables/entities/abyssal_controller.json"
      },
      "minecraft:breathable": {
        "totalSupply": 15,
        "suffocateTime": 0
      },
      "minecraft:health": {
        "value": 100,
        "max": 100
      },
      "minecraft:knockback_resistance": {
        "value": 1
      },
      "minecraft:physics": {
        "has_gravity": false,
        "has_collision": true
      },
      "minecraft:can_fly": {
        "value": true
      },
      "minecraft:behavior.float_wander": {
        "xz_dist": 10,
        "y_dist": 7,
        "y_offset": -2.0,
        "random_reselect": true,
        "float_duration": [
          0.1,
          0.07
        ]
      },
      "minecraft:shooter": {
        "type": "nonyl_plug_trident",
        "def": "dec:nonyl_plug_trident"
      },
      "minecraft:behavior.ranged_attack": {
        "attack_interval_min": 3,
        "attack_interval_max": 5,
        "attack_radius": 64
      },
      "minecraft:movement": {
        "value": 0.005
      },
      "minecraft:collision_box": {
        "width": 0.6,
        "height": 1.8
      },
      "minecraft:navigation.walk": {
        "can_float": true
      },
      "minecraft:movement.basic": {},
      "minecraft:jump.static": {},
      "minecraft:can_climb": {},
      "minecraft:behavior.float": {
        "priority": 0
      },
      "minecraft:behavior.hurt_by_target": {
        "priority": 1
      },
      "minecraft:boss": {
        "should_darken_sky": false,
        "name": "boss.dec:abyssal_controller.name",
        "hud_range": 64
      },
      "minecraft:follow_range": {
        "value": 256,
        "max": 256
      },
      "minecraft:behavior.nearest_attackable_target": {
        "priority": 1,
        "entity_types": [
          {
            "filters": {
              "any_of": [
                {
                  "test": "is_family",
                  "subject": "other",
                  "value": "player"
                },
                {
                  "test": "is_family",
                  "subject": "other",
                  "value": "snowgolem"
                },
                {
                  "test": "is_family",
                  "subject": "other",
                  "value": "villager"
                },
                {
                  "test": "is_family",
                  "subject": "other",
                  "value": "wandering_trader"
                },
                {
                  "test": "is_family",
                  "subject": "other",
                  "value": "irongolem"
                }
              ]
            },
            "max_dist": 35
          }
        ],
        "must_see": false
      },
      "minecraft:behavior.melee_attack": {
        "priority": 3,
        "speed_multiplier": 1,
        "track_target": true
      },
      "minecraft:behavior.random_stroll": {
        "priority": 5,
        "speed_multiplier": 1
      },
      "minecraft:behavior.look_at_player": {
        "priority": 6,
        "look_distance": 8
      },
      "minecraft:behavior.random_look_around": {
        "priority": 6
      }
    },
    "events": {
      "minecraft:entity_spawned": {
        "sequence": [
          {
            "run_command": {
              "command": [
                "particle dec:abyssal_controller_spawn_particle ~~~",
                "particle dec:abyssal_controller_spawn_particle ~~~",
                "particle dec:abyssal_controller_spawn_particle ~~~"
              ]
            }
          },
          {
            "filters": {
              "test": "has_biome_tag",
              "operator": "!=",
              "value": "ocean"
            },
            "randomize": [
              {
                "add": {
                  "component_groups": [
                    "minecraft:angry"
                  ]
                }
              }
            ]
          }
        ]
      }
    }
  }
}