{
  "format_version": "1.12.0",
  "minecraft:entity": {
    "description": {
      "identifier": "dec:copper_dart",
      "runtime_identifier": "minecraft:snowball",
      "is_spawnable": false,
      "is_summonable": true,
      "is_experimental": false
    },
    "components": {
     "minecraft:explode": {
     "fuseLength": 2,
     "fuseLit": true,
     "power": 0,
     "causesFire": true,
     "fireAffectedByGriefing": true,
     "destroyAffectedByGriefing": true
    },
      "minecraft:collision_box": {
        "width": 0.25,
        "height": 0.25
      },
      "minecraft:projectile": {
        "onHit": {
          "impact_damage": {
            "damage": 5.5,
            "knockback": true
          },
          "remove_on_hit": { }
        },
        "power": 2.05,
        "gravity": 0.032,
        "inertia": 1.05,
        "offset": [ 0, 0.5, 0 ],
        "uncertaintyBase": 8.0,
        "angleoffset": 0.0
      },
      "minecraft:pushable": {
        "is_pushable": false,
        "is_pushable_by_piston": true
      }
    }
  }
}
