{
  "format_version": "1.13.0",
  "minecraft:entity": {
    "description": {
      "identifier": "dec:dark_snow_man",
      "is_spawnable": true,
      "is_summonable": true,
      "is_experimental": false
    },
      "components": {
        "minecraft:leashable": {
          "soft_distance": 4.0,
          "hard_distance": 6.0,
          "max_distance": 10.0
        },
        "minecraft:balloonable": {
        },
        "minecraft:experience_reward": {
          "on_death": "query.last_hit_by_player ? 5 : 0"
        },
        "minecraft:type_family": {
          "family": [ "tnt_snow_man", "monster", "mob", "snow_man", "frozen" ]
        },
        "minecraft:breathable": {
          "total_supply": 15,
          "suffocate_time": 0
        },
        "minecraft:nameable": {
        },
        "minecraft:collision_box": {
          "width": 0.4,
          "height": 1.8
        },
        "minecraft:movement": {
          "value": 0.2
        },
        "minecraft:navigation.walk": {
        "can_path_over_water": true
        },
        "minecraft:movement.basic": {

        },
        "minecraft:jump.static": {
        },
        "minecraft:can_climb": {
        },
        "minecraft:loot": {
          "table": "loot_tables/entities/dark_snow_man.json"
        },
        "minecraft:health": {
          "value": {
            "range_min": 8,
            "range_max": 15
          }
        },
        "minecraft:hurt_on_condition": {
          "damage_conditions": [
            {
              "filters": { "test": "in_lava", "subject": "self", "operator": "==", "value": true },
              "cause": "lava",
              "damage_per_tick": 4
            },
            {
              "filters": { "test": "is_temperature_value", "operator": ">", "value": 1.0 },
              "cause": "temperature",
              "damage_per_tick": 1
            },
            {
              "filters": { "test": "in_water_or_rain", "operator": "==", "value": true },
              "cause": "drowning",
              "damage_per_tick": 1
            }
          ]
        },
        "minecraft:attack": {
          "damage": 8
        },
        "minecraft:trail": {
          "block_type": "minecraft:snow_layer",
          "spawn_filter": { "test": "is_temperature_value", "operator": "<", "value": 0.81 }
        },
        "minecraft:behavior.float": {
          "priority": 0
        },
        "minecraft:behavior.swell": {
          "start_distance": 1.5,
          "priority": 2
        },
        "minecraft:behavior.melee_attack": {
          "priority": 4,
          "speed_multiplier": 1.25,
          "track_target": true,
          "reach_multiplier":  0.0
        },
        "minecraft:behavior.random_stroll": {
          "priority": 5,
          "speed_multiplier": 1
        },
        "minecraft:behavior.look_at_player": {
          "priority": 6,
          "look_distance": 8
        },
        "minecraft:behavior.random_look_around": {
          "priority": 6
        },
        "minecraft:behavior.nearest_attackable_target": {
          "priority": 1,
          "entity_types": [
            {
              "filters": {
                "any_of": [
                  {
                    "test": "is_family",
                    "subject": "other",
                    "value": "player"
                  },
                  {
                    "test": "is_family",
                    "subject": "other",
                    "value": "villager"
                  },
                  {
                    "test": "is_family",
                    "subject": "other",
                    "value": "wandering_trader"
                  }
                ]
              }
            }
          ],
          "must_see": false
        },
        "minecraft:behavior.hurt_by_target": {
          "priority": 2
        },
        "minecraft:physics": {
        },
        "minecraft:pushable": {
          "is_pushable": true,
          "is_pushable_by_piston": true
        }
      }
    }
  }
