{
  "format_version": "1.12.0",
 "minecraft:entity": {
  "description": {
    "identifier": "dec:lapis_bullet",
    "runtime_identifier": "minecraft:egg",
    "is_spawnable": false,
    "is_summonable": true,
    "is_experimental": false
  },
  "component_groups": {
    "minecraft:exploding": {
      "minecraft:transformation": {
        "into": "dec:lapis_bomb"
      }
    }
  },
  "components": {
    "minecraft:type_family": {
      "family": [
        "lapis_bomb"
      ]
    },
   "minecraft:collision_box": {
    "width": 0.31,
    "height": 0.31
   },
   "minecraft:explode": {
    "fuseLength": 3,
    "fuseLit": true,
    "power": 0,
    "causesFire": false
    },
   "minecraft:projectile": {
    "onHit": {
      "impact_damage": {
        "damage": 5,
        "knockback": true,
        "catchFire": false,
        "semirandomdiffdamage": false
      },
      "definition_event": {
        "affect_projectile": true,
        "event_trigger": {
          "event": "minecraft:explode",
          "target": "self"
        }
      }
    },
    "power": 0.15,
    "gravity": 0.00,
    "inertia": 1.1,
    "liquid_inertia": 1,
    "anchor": 1,
    "offset": [ 0, 0.5, 0 ],
    "semirandomdiffdamage": true,
    "uncertaintyBase": 6.0,
    "uncertaintyMultiplier": 6,
    "reflectOnHurt": true
   },
   "minecraft:pushable": {
    "is_pushable": false,
    "is_pushable_by_piston": true
   }
  },
  "events": {
    "minecraft:explode": {
     "add": {
      "component_groups": [
       "minecraft:exploding"
      ]
     }
    }
   }
 }
}
