{
    "format_version": "1.13.0",
    "minecraft:beards_and_shavers": {
        "description": {
            "identifier": "dec:enchanted_house_slat_feature"
        },
        "places_feature": "dec:enchanted_house_mcstructure",
        "bounding_box_min": [
            -16,
            0,
            -12
        ],
        "bounding_box_max": [
            16,
            8,
            12
        ],
        "y_delta": 2.0,
        "surface_block_type": "minecraft:grass",
        "subsurface_block_type": "minecraft:dirt",
        "beard_raggedness_min": 0.1,
        "beard_raggedness_max": 0.3
    }
}