{
  "format_version": "1.13.0",
  "minecraft:single_block_feature": {
    "description": {
      "identifier": "dec:frozen_crate_feature"
    },
    "places_block": "dec:frozen_crate_locked",
    "enforce_survivability_rules": true,
    "enforce_placement_rules": true,
    "may_replace": [
      "minecraft:air",
      "minecraft:snow",
      "minecraft:snow_layer"
    ],
    "may_attach_to": {
      "bottom": [
        "minecraft:grass",
        "minecraft:sand",
        "minecraft:stone",
        "minecraft:snow"
      ]
    }
  }
}