{
  "format_version": "1.13.0",
  "minecraft:scatter_feature": {
    "description": {
      "identifier": "wb:magic_grass_normal_feature"
    },
    "iterations": 180,
    "coordinate_eval_order": "zyx",
    "x": {
      "extent": [ -8, 8 ],
      "distribution": "uniform"
    },
    "z": {
      "extent": [ -8, 8 ],
      "distribution": "uniform"
    },
    "y": {
      "extent": [ -8, 8 ],
      "distribution": "uniform"
    },
    "project_input_to_floor": false,
    "places_feature": "wb:magic_grass_normal_single_feature"
  }
}