{
  "format_version": "1.13.0",
  "minecraft:tree_feature": {
    "description": {
      "identifier": "wb:magic_trees_feature"
    },
    "trunk": {
      "trunk_height": {
        "range_min": 14,
        "range_max": 16
      },
      "trunk_block": {
        "name": "minecraft:log",
        "states": {
          "old_log_type": "oak"
        }
      }
    },
    "fancy_canopy": {
      "height": 4,
      "radius": 4,
      "leaf_block": "wb:leaves_magic_tree"
    },
    
    "base_block": [
      "minecraft:dirt",
      {
        "name": "minecraft:dirt",
        "states": {
          "dirt_type": "coarse"
        }
      }
    ],
    "may_grow_on": [
      "wb:magic_forest_grass"
    ],
    "may_replace": [
      "minecraft:air",
      "wb:leaves_magic_tree",
      "wb:leaves_magic_lower_tree"
    ],
    "may_grow_through": [
      "wb:magic_forest_grass"
    ]
  }
}