{
	"format_version": "1.13.0",
	"minecraft:single_block_feature": {
		"description": {
			"identifier": "wb:magic_flowers_normal_single_feature"
		},
		"places_block": "wb:flowers_magic_normal",
		"enforce_survivability_rules": true,
		"enforce_placement_rules": true,
		"may_replace": [
			"minecraft:air",
			"minecraft:grass",
			"minecraft:dirt",
			"minecraft:leaves",
			{
				"name": "minecraft:double_plant",
				"states": {
					"double_plant_type": "grass",
					"upper_block_bit": false
				}
			},
			{
				"name": "minecraft:double_plant",
				"states": {
					"double_plant_type": "grass",
					"upper_block_bit": true
				}
			},
			{
				"name": "minecraft:double_plant",
				"states": {
					"double_plant_type": "sunflower",
					"upper_block_bit": false
				}
			},
			{
				"name": "minecraft:double_plant",
				"states": {
					"double_plant_type": "sunflower",
					"upper_block_bit": true
				}
			},
			{
				"name": "minecraft:double_plant",
				"states": {
					"double_plant_type": "fern",
					"upper_block_bit": false
				}
			},
			{
				"name": "minecraft:double_plant",
				"states": {
					"double_plant_type": "fern",
					"upper_block_bit": true
				}
			},
			"minecraft:sand",
			"minecraft:sandstone",
			"minecraft:tallgrass",
			"minecraft:stone",
			"minecraft:deadbush",
			"minecraft:cactus"
		]
	}
}