{
  "format_version": "1.13.0",
  "minecraft:scatter_feature": {
    "description": {
      "identifier": "dec:scatter_houttuynia_crop_feature"
    },
    "places_feature": "dec:houttuynia_crop_feature",
    "iterations": 10,
    "scatter_chance": 20.0,
    "x": {
      "distribution": "uniform",
      "extent": [ 0, 15 ]
    },
    "y": {
      "distribution": "uniform",
      "extent": [ "query.heightmap(variable.worldx, variable.worldz)", "query.heightmap(variable.worldx, variable.worldz) + 1" ]
    },
    "z": {
      "distribution": "uniform",
      "extent": [ 0, 15 ]
    }
  }
}