{
    "format_version": "1.13.0",
    "minecraft:weighted_random_feature": {
        "description": {
            "identifier": "dec:select_jungle_ruins_feature"
        },
        "features": [
            [
                "dec:jungle_ruins_1_mcstructure",
                1
            ],
            [
                "dec:jungle_ruins_2_mcstructure",
                1
            ],
            [
                "dec:jungle_ruins_3_mcstructure",
                1
            ]
        ]
    }
}