{
    "format_version": "1.13.0",
    "minecraft:weighted_random_feature": {
        "description": {
            "identifier": "dec:select_jungle_cave_feature"
        },
        "features": [
            [
                "dec:jungle_cave_1_mcstructure",
                1
            ],
            [
                "dec:jungle_cave_2_mcstructure",
                1
            ],
            [
                "dec:jungle_cave_3_mcstructure",
                1
            ],
            [
                "dec:jungle_cave_4_mcstructure",
                1
            ],
            [
                "dec:jungle_cave_5_mcstructure",
                1
            ],
            [
                "dec:jungle_cave_6_mcstructure",
                1
            ],
            [
                "dec:jungle_cave_7_mcstructure",
                1
            ],
            [
                "dec:jungle_cave_8_mcstructure",
                1
            ],
            [
                "dec:jungle_cave_9_mcstructure",
                1
            ],
            [
                "dec:jungle_cave_10_mcstructure",
                1
            ],
            [
                "dec:jungle_cave_11_mcstructure",
                1
            ],
            [
                "dec:jungle_cave_12_mcstructure",
                1
            ],
            [
                "dec:jungle_cave_13_mcstructure",
                1
            ],
            [
                "dec:jungle_cave_14_mcstructure",
                1
            ],
            [
                "dec:jungle_cave_15_mcstructure",
                1
            ],
            [
                "dec:jungle_cave_16_mcstructure",
                1
            ],
            [
                "dec:jungle_cave_17_mcstructure",
                1
            ],
            [
                "dec:jungle_cave_18_mcstructure",
                1
            ]
        ]
    }
}