{
    "format_version": "1.13.0",
    "minecraft:weighted_random_feature": {
        "description": {
            "identifier": "dec:select_guard_tower_feature"
        },
        "features": [
            [
                "dec:guard_tower_1_mcstructure",
                2
            ],
            [
                "dec:guard_tower_2_mcstructure",
                2
            ],
            [
                "dec:guard_tower_3_mcstructure",
                1
            ]
        ]
    }
}