{
  "format_version": "1.13.0",
  "minecraft:tree_feature": {
    "description": {
      "identifier": "wb:shallow_cava_natural_cave_tree_block_feature"
    },
    "trunk": {
      "trunk_height": {
        "range_min": 10,
        "range_max": 20
      },
      "trunk_block": "minecraft:crimson_stem"
    },
    "canopy": {
      "canopy_offset": {
        "min": -3,
        "max": 0
      },
      "variation_chance": [
         {
          "numerator": 1,
          "denominator": 2
        },
        {
          "numerator": 1,
          "denominator": 2
        },
        {
          "numerator": 1,
          "denominator": 2
        },
        {
          "numerator": 1,
          "denominator": 1
        }
      ],
      "leaf_block": "minecraft:basalt"
    },
    "base_block": [
      "minecraft:stone",
      "minecraft:warped_nylium"
    ],
    "may_grow_on": [
      "minecraft:stone",
      "minecraft:warped_nylium"
    ],
    "may_replace": [
      "minecraft:air",
      "minecraft:shroomlight"
    ],
    "may_grow_through": [
      "minecraft:stone",
      "minecraft:warped_nylium"
    ]
  }
}