{
  "format_version": "1.13.0",
  "minecraft:ore_feature": {
    "description": {
      "identifier": "wb:shallow_cava_natural_cave_grass_block_feature"
    },
    "count": 16,
    "replace_rules": [
      {
        "places_block": "minecraft:warped_nylium",
        "may_replace": [
          {
            "name": "minecraft:stone",
            "states": {
              "stone_type": "andesite"
            }
          },
          {
            "name": "minecraft:stone",
            "states": {
              "stone_type": "andesite_smooth"
            }
          },
          {
            "name": "minecraft:stone",
            "states": {
              "stone_type": "diorite"
            }
          },
          {
            "name": "minecraft:stone",
            "states": {
              "stone_type": "diorite_smooth"
            }
          },
          {
            "name": "minecraft:stone",
            "states": {
              "stone_type": "granite"
            }
          },
          {
            "name": "minecraft:stone",
            "states": {
              "stone_type": "granite_smooth"
            }
          },
          {
            "name": "minecraft:stone",
            "states": {
              "stone_type": "stone"
            }
          },
          {
            "name": "minecraft:air"
          }
        ]
      }
    ]
  }
}