{
    "format_version": "1.13.0",
    "minecraft:beards_and_shavers": {
        "description": {
            "identifier": "dec:warehouse_of_watcher_slat_feature"
        },
        "places_feature": "dec:warehouse_of_watcher_mcstructure",
        "bounding_box_min": [
            -13,
            0,
            -15
        ],
        "bounding_box_max": [
            13,
            8,
            15
        ],
        "y_delta": 2.0,
        "surface_block_type": "minecraft:red_sandstone",
        "subsurface_block_type": "minecraft:red_sandstone",
        "beard_raggedness_min": 0.1,
        "beard_raggedness_max": 0.3
    }
}