{
  "format_version": "1.12.0",
 "minecraft:entity": {
  "description": {
    "identifier": "dec:bullet_by_flintlock_pro",
    "runtime_identifier": "minecraft:egg",
    "is_spawnable": false,
    "is_summonable": true,
    "is_experimental": false,
    "scripts":{
      "animate":["spawn"]
    },
      "animations":{
        "spawn":"animation.playsound_random_explode"
    }
  },
  "components": {
   "minecraft:collision_box": {
    "width": 0.2,
    "height": 0.2
   },
   "minecraft:projectile": {
    "onHit": {
      "impact_damage": {
        "damage": 13,
        "knockback": true,
        "catchFire": false,
        "semirandomdiffdamage": false
      },
      "remove_on_hit": {}
    },
    "power": 1.7,
    "gravity": 0.02,
    "inertia": 1.15,
    "liquid_inertia": 0.95,
    "anchor": 1,
    "offset": [ 0, 0.5, 0 ],
    "semirandomdiffdamage": true,
    "uncertaintyBase": 8.0,
    "uncertaintyMultiplier": 2,
    "reflectOnHurt": true
   },
   "minecraft:pushable": {
    "is_pushable": false,
    "is_pushable_by_piston": true
   }
  }
 }
}
