{
	"format_version": "1.13.0",
	"minecraft:entity": {
		"description": {
			"identifier": "dec:ender_witch_puppet",
			"is_spawnable": false,
			"is_summonable": true,
			"is_experimental": false
		},
		"component_groups": {
		},
		"components": {
			"minecraft:despawn": {
			  "despawn_from_distance": {}
			},
			"minecraft:explode": {
				"fuseLength": 5,
				"fuseLit": true,
				"power": 0,
				"causesFire": false
			},
			"minecraft:teleport": {
				"random_teleports": true,
				"max_random_teleport_time": 20,
				"random_teleport_cube": [ 4, 4, 4 ],
				"target_distance": 4,
				"target_teleport_chance": 0.05,
				"light_teleport_chance": 0.05
			},
			"minecraft:follow_range": {
				"value": 64,
				"max": 64
			},
			"minecraft:nameable": {},
			"minecraft:type_family": {
				"family": [ "ender_witch", "monster", "mob", "witch", "ender", "puppet" ]
			},
			"minecraft:collision_box": {
				"width": 0.6,
				"height": 1.9
			},
			"minecraft:movement.basic": {},
			"minecraft:navigation.walk": {
				"is_amphibious": true,
				"can_pass_doors": true,
				"can_walk": true,
				"can_break_doors": true
			},
			"minecraft:annotation.break_door": {},
			"minecraft:jump.static": {},
			"minecraft:can_climb": {},
			"minecraft:health": {
				"value": 2,
				"max": 2
			},
			"minecraft:breathable": {
				"total_supply": 15,
				"suffocate_time": 0,
				"breathes_air": true,
				"breathes_water": true
			},
			"minecraft:behavior.melee_attack": {
				"priority": 3,
				"speed_multiplier": 1,
				"track_target": true
			},
			"minecraft:attack": {
				"damage": 4,
				"effect_name": "blindness",
				"effect_duration": 3
			},
			"minecraft:behavior.random_stroll": {
				"priority": 6,
				"speed_multiplier": 1
			},
			"minecraft:behavior.look_at_player": {
				"priority": 7,
				"look_distance": 6,
				"probability": 0.02
			},
			"minecraft:behavior.random_look_around": {
				"priority": 7
			},
			"minecraft:movement": {
				"value": 0.25
			},
			"minecraft:behavior.nearest_attackable_target": {
				"priority": 0,
				"within_radius": 64,
				"reselect_targets": true,
				"entity_types": [
					{
						"filters": {
							"any_of": [
								{
									"test": "is_family",
									"subject": "other",
									"value": "player"
								},
								{
									"test": "is_family",
									"subject": "other",
									"value": "snowgolem"
								},
								{
									"test": "is_family",
									"subject": "other",
									"value": "irongolem"
								}
							]
						},
						"max_dist": 64
					},
					{
						"filters": {
							"any_of": [
								{
									"test": "is_family",
									"subject": "other",
									"value": "villager"
								},
								{
									"test": "is_family",
									"subject": "other",
									"value": "wandering_trader"
								}
							]
						},
						"max_dist": 64,
						"must_see": false
					}
				],
				"must_see": true
			},
			"minecraft:physics": {},
			"minecraft:pushable": {
				"is_pushable": true,
				"is_pushable_by_piston": true
			}
		},
		"events": {
		}
	}
}