{
  "format_version": "1.16.0",
  "minecraft:block": {
    "description": {
      "identifier": "dec:ash"
    },
    "components": {
      "minecraft:creative_category": {
        "group": "itemGroup.name.outside",
        "category": "nature"
      },
      "minecraft:light_dampening": 15,
      "minecraft:light_emission": 0,
      "minecraft:destroy_time": 0.5,
      "minecraft:explosion_resistance": 0,
      "minecraft:map_color": "#383429",
      "minecraft:loot": "loot_tables/blocks/ash.json"
    }
  }
}