{
  "format_version": "1.16.0",
  "minecraft:block": {
    "description": {
      "identifier": "dec:soul_soil_diamond_ore"
    },
     "components": {
		  "minecraft:creative_category": {
				"group": "itemGroup.name.ore",
				"category": "nature"
			},
        "minecraft:light_dampening": 15,
        "minecraft:light_emission": 0,
        "minecraft:destroy_time": 1.6,
        "minecraft:explosion_resistance": 10,
        "minecraft:map_color": "#49372C",
        "minecraft:loot": "loot_tables/blocks/soul_soil_diamond_ore.json"
    }
  }
}