{
  "format_version": "1.16.0",
  "minecraft:block": {
    "description": {
      "identifier": "dec:sunny_summoner"
    },
    "components": {
      "minecraft:creative_category": {
        "group": "itemGroup.name.outside",
        "category": "items"
      },
      "minecraft:light_dampening": 15,
      "minecraft:light_emission": 0,
      "minecraft:destroy_time": 3,
      "minecraft:explosion_resistance": 10,
      "minecraft:map_color": "#ECECEC",
      "minecraft:loot": "loot_tables/blocks/sunny_summoner.json",
      "tag:stone": {},
      "minecraft:on_interact": {
        "event": "activate",
        "condition": "query.get_equipped_item_name('main_hand') == 'pulse_stone'"
      }
    },
    "events": {
      "activate": {
        "run_command": {
          "command": [
            "weather clear"
          ]
        },
        "decrement_stack": {}
      }
    }
  }
}