{
  "format_version": "1.10.0",
  "minecraft:client_entity": {
    "description": {
      "identifier": "dec:goblin",
      "materials": { "default": "zombie" },
      "textures": { "default": "textures/entity/goblin" },
      "geometry": { "default": "geometry.goblin" },
      "animations": {
        "look_at_target": "animation.common.look_at_target",
        "walk": "animation.humanoid.move.v1.0",
        "attacking": "animation.humanoid.attack.rotations.v1.0",
        "staying": "animation.goblin.stay"
      },
      "scripts": {
        "pre_animation": [
          "variable.tcos0 = (Math.cos(query.modified_distance_moved * 38.17) * query.modified_move_speed / variable.gliding_speed_value) * 57.3;"
        ],
        "animate": [
          "walk",
          {"attacking":"variable.attack_time >= 0.0"},
          "staying",
          "look_at_target"
        ]
      },
      "render_controllers": [ "controller.render.zombie" ],
      "enable_attachables": true,
      "spawn_egg": {
        "base_color": "#77870D",
        "overlay_color": "#604716"
      }
    }
  }
}
