{
  "format_version": "1.8.0",
  "minecraft:client_entity": {
    "description": {
      "identifier": "wb:ancient_stone",
      "materials": { 
        "default": "spider",
        "invisible": "spider_invisible",
        "baby":"wbarmor"
      },
      "textures": { 
          "default": "textures/wb/4_x/ancient_stone",
          "baby":"textures/wb/4_x/ball_ancient_stone_sword"
      },
      "geometry": { 
          "default": "geometry.ancient_stone",
          "baby": "geometry.ball_ancient_stone_swordx"
      },
      "scripts": {
        "pre_animation": [
          "variable.tcos0 = (Math.cos(query.modified_distance_moved * 38.17) * query.modified_move_speed / variable.gliding_speed_value) * 57.3;",
          "variable.tcos1 = -variable.tcos0;"
        ]
      },
      "animations": {
        "look_at_target_default": "animation.humanoid.look_at_target.default.v1.0",
        "look_at_target_gliding": "animation.humanoid.look_at_target.gliding.v1.0",
        "look_at_target_swimming": "animation.humanoid.look_at_target.swimming.v1.0",
        "spell":"animation.ancient_stone.spell",
        "base":"animation.ancient_stone.base",
        "attack":"animation.ancient_stone.attack",
        "z":"animation.ancient_stone.chopping",
        "d":"animation.ancient_stone.swordx",
        "j":"animation.ancient_stone.sword"
      },
      "animation_controllers": [
        { "look_at_target": "controller.animation.humanoid.look_at_target" },
        { "spell":"controller.animation.ancient_stone.spell" },
        { "base":"controller.animation.base.base" },
        { "attack":"controller.animation.base.attackx" },
        { "basex":"controller.animation.ancient_stone.base" }
      ],
     "particle_effects": {
        "spell": "wb:ancient_stone_para",
        "effect":"wb:ancient_stone_parb"
      },
      "render_controllers": [
      	"controller.render.spider",
        "controller.render.ancient_stoneb"
      ],
      "spawn_egg": {
        "texture": "ancient_stone",
        "texture_index": 0
      }
    }
  }
}
