{
    "format_version": "1.13.0",
    "minecraft:feature_rules": {
        "description": {
            "identifier": "dec:abyssal_tower_feature_rule",
            "places_feature": "dec:abyssal_tower_mcstructure"
        },
        "conditions": {
            "placement_pass": "underground_pass",
            "minecraft:biome_filter": {
                "test": "has_biome_tag",
                "operator": "==",
                "value": "ocean"
            }
        },
        "distribution": {
            "iterations": 1,
            "scatter_chance": 0.1,
            "x": {
                "extent": [
                    0,
                    16
                ],
                "distribution": "uniform"
            },
            "y": -60,
            "z": {
                "extent": [
                    0,
                    16
                ],
                "distribution": "uniform"
            }
        }
    }
}