{
  "format_version": "1.13.0",
  "minecraft:feature_rules": {
    "description": {
      "identifier": "dec:bat_cave_feature_rule",
      "places_feature": "dec:bat_cave_mcstructure"
    },
    "conditions": {
        "placement_pass": "surface_pass",
        "minecraft:biome_filter": [
            {
                "all_of": [
                    {
                        "test": "has_biome_tag",
                        "operator": "!=",
                        "value": "lakes"
                    },
                    {
                        "test": "has_biome_tag",
                        "operator": "!=",
                        "value": "ocean"
                    },
                    {
                        "test": "has_biome_tag",
                        "operator": "!=",
                        "value": "river"
                    },
                    {
                        "any_of": [
                            {
                                "test": "has_biome_tag",
                                "operator": "==",
                                "value": "mesa"
                            }
                        ]
                    }
                ]
            }
        ]
    },
    "distribution": {
        "iterations": 1,
        "scatter_chance": 0.2,
        "x": 0,
        "y": "query.heightmap(variable.worldx, variable.worldz) - 24",
        "z": 0
    }
  }
}