{
  "format_version": "1.13.0",
  "minecraft:feature_rules": {
    "description": {
      "identifier": "dec:challenger_tower_feature_rules",
      "places_feature": "dec:challenger_tower_mcstructure"
    },
    "conditions": {
      "placement_pass": "underground_pass",
      "minecraft:biome_filter": [
        {
          "all_of": [
            {
              "test": "has_biome_tag",
              "operator": "!=",
              "value": "lakes"
            },
            {
              "test": "has_biome_tag",
              "operator": "!=",
              "value": "ocean"
            },
            {
              "test": "has_biome_tag",
              "operator": "!=",
              "value": "river"
            },
            {
              "test": "has_biome_tag",
              "operator": "!=",
              "value": "nether"
            },
            {
              "test": "has_biome_tag",
              "operator": "!=",
              "value": "the_end"
            }
          ]
        }
      ]
    },
    "distribution": {
      "iterations": 1,
      "scatter_chance": 0.015,
      "x": {
        "distribution": "uniform",
        "extent": [
          0,
          16
        ]
      },
      "y": "query.heightmap(variable.worldx, variable.worldz) - 65",
      "z": {
        "distribution": "uniform",
        "extent": [
          0,
          16
        ]
      }
    }
  }
}