{
	"format_version": "1.13.0",
	"minecraft:feature_rules": {
		"description": {
			"identifier": "dec:deep_garden_mcstructure_rule",
			"places_feature": "dec:deep_garden_mcstructure"
		},
		"conditions": {
			"placement_pass": "surface_pass",
			"minecraft:biome_filter": [
				{
					"test": "has_biome_tag",
					"operator": "==",
					"value": "crimson_forest"
				}
			]
		},
		"distribution": {
			"iterations": 1,
			"x": {
				"distribution": "uniform",
				"extent": [
					0,
					16
				]
			},
			"y": {
				"distribution": "uniform",
				"extent": [
					15,
					83
				]
			},
			"z": {
				"distribution": "uniform",
				"extent": [
					0,
					16
				]
			},
			"scatter_chance": 0.50
		}
	}
}