{
	"format_version": "1.13.0",
	"minecraft:feature_rules": {
		"description": {
			"identifier": "wb:desolation_forest_grass_feature",
			"places_feature": "wb:desolation_forest_grass_block_feature"
		},
		"conditions": {
			"placement_pass": "surface_pass",
			"minecraft:biome_filter": [
				{
					"test": "has_biome_tag",
					"operator": "==",
					"value": "desolation_forest"
				}
			]
		},
		"distribution": {
			"iterations": 350,
			"scatter_chance": "variable.is_legacy ? 0.0 : 100.0",
			"x": {
				"distribution": "uniform",
				"extent": [
					0,
					16
				]
			},
			"y": {
				"distribution": "uniform",
				"extent": [
					"query.heightmap(variable.worldx, variable.worldz)",
					"query.heightmap(variable.worldx, variable.worldz)+1"
				]
			},
			"z": {
				"distribution": "uniform",
				"extent": [
					0,
					16
				]
			}
		}
	}
}