{
	"format_version": "1.16.0",
	"minecraft:feature_rules": {
		"description": {
			"identifier": "dec:end_diamond_ore_feature_rule",
			"places_feature": "dec:end_diamond_ore_feature"
		},
		"conditions": {
			"placement_pass": "underground_pass",
			"minecraft:biome_filter": {
				"any_of": [
					{
						"test": "has_biome_tag",
						"operator": "==",
						"value": "the_end"
					}
				]
			}
		},
		"distribution": {
			"iterations": 2,
			"coordinate_eval_order": "zyx",
			"x": {
				"distribution": "uniform",
				"extent": [
					0,
					16
				]
			},
			"y": {
				"distribution": "uniform",
				"extent": [
					0,
					30
				]
			},
			"z": {
				"distribution": "uniform",
				"extent": [
					0,
					16
				]
			}
		}
	}
}