{
    "format_version": "1.13.0",
    "minecraft:feature_rules": {
        "description": {
            "identifier": "dec:everlasting_winter_tower_feature_rule",
            "places_feature": "dec:everlasting_winter_tower_mcstructure"
        },
        "conditions": {
            "placement_pass": "surface_pass",
            "minecraft:biome_filter": [
                {
                    "all_of": [
                        {
                            "any_of": [
                                {
                                    "test": "has_biome_tag",
                                    "operator": "==",
                                    "value": "frozen"
                                }
                            ]
                        }
                    ]
                }
            ]
        },
        "distribution": {
            "iterations": 1,
            "scatter_chance": 0.32,
            "x": 0,
            "y": "query.heightmap(variable.worldx, variable.worldz) - 11",
            "z": 0
        }
    }
}