{
    "format_version": "1.13.0",
    "minecraft:feature_rules": {
        "description": {
            "identifier": "dec:giant_tree_feature_rule",
            "places_feature": "dec:giant_tree_mcstructure"
        },
        "conditions": {
            "placement_pass": "surface_pass"
            // ,
            // "minecraft:biome_filter": [
            //     {
            //         "all_of": [
            //             {
            //                 "test": "has_biome_tag",
            //                 "operator": "!=",
            //                 "value": "lakes"
            //             },
            //             {
            //                 "test": "has_biome_tag",
            //                 "operator": "!=",
            //                 "value": "ocean"
            //             },
            //             {
            //                 "test": "has_biome_tag",
            //                 "operator": "!=",
            //                 "value": "river"
            //             },
            //             {
            //                 "any_of": [
            //                     {
            //                         "test": "has_biome_tag",
            //                         "operator": "==",
            //                         "value": "forest"
            //                     }
            //                 ]
            //             }
            //         ]
            //     }
            // ]
        },
        "distribution": {
            "iterations": 1,
            "x": 0,
            "y": "query.heightmap(variable.worldx, variable.worldz) - 1",
            "z": 0,
            "scatter_chance": "v.distance = 384;v.x2 = math.floor((variable.originx)/v.distance)*v.distance;v.z2 = math.floor((variable.originz)/v.distance)*v.distance;v.c1 = math.round(10000*math.abs(query.noise((v.x2+64) / 200.0, (v.x2+64) / 200.0)));v.c2 = math.round(10000*math.abs(query.noise((v.x2+128)  / 200.0, (v.z2+128) / 200.0)));v.r1 = math.mod((v.c1 * 9301 + 49297),233280) / 233280.0;v.r2 = math.mod((v.c2 * 9301 + 49297),233280) / 233280.0;v.x1 = v.x2 + math.round(v.r1*(v.distance/16/2))*16 + v.distance/4;v.z1 = v.z2 + math.round(v.r2*(v.distance/16/2))*16 + v.distance/4;v.len = math.sqrt(math.pow(variable.originx-v.x1,2)+math.pow(variable.originz-v.z1,2));return v.len == 0 ? 100 : 0;"
            /*
            v.distance = 384;
            v.x2 = math.floor((variable.originx)/v.distance)*v.distance;
            v.z2 = math.floor((variable.originz)/v.distance)*v.distance;
            v.c1 = math.round(10000*math.abs(query.noise((v.x2+64) / 200.0, (v.x2+64) / 200.0)));
            v.c2 = math.round(10000*math.abs(query.noise((v.x2+128)  / 200.0, (v.z2+128) / 200.0)));
            v.r1 = math.mod((v.c1 * 9301 + 49297),233280) / 233280.0;
            v.r2 = math.mod((v.c2 * 9301 + 49297),233280) / 233280.0;
            v.x1 = v.x2 + math.round(v.r1*(v.distance/16/2))*16 + v.distance/4;
            v.z1 = v.z2 + math.round(v.r2*(v.distance/16/2))*16 + v.distance/4;
            v.len = math.sqrt(math.pow(variable.originx-v.x1,2)+math.pow(variable.originz-v.z1,2));
            return v.len == 0 ? 100 : 0;
            */
        }
    }
}