{
    "format_version": "1.13.0",
    "minecraft:feature_rules": {
        "description": {
            "identifier": "dec:jungle_cave_1_feature_rule",
            "places_feature": "dec:jungle_cave_1_mcstructure"
        },
        "conditions": {
            "placement_pass": "surface_pass",
            "minecraft:biome_filter": [
                {
                    "all_of": [ 
                        {
                            "test": "has_biome_tag",
                            "operator": "==",
                            "value": "jungle"
                        },
                        {
                            "test": "has_biome_tag",
                            "operator": "!=",
                            "value": "lakes"
                        },
                        {
                            "test": "has_biome_tag",
                            "operator": "!=",
                            "value": "ocean"
                        },
                        {
                            "test": "has_biome_tag",
                            "operator": "!=",
                            "value": "river"
                        },
                        {
                            "any_of": [
                                {
                                    "test": "has_biome_tag",
                                    "operator": "==",
                                    "value": "overworld"
                                },
                                {
                                    "test": "has_biome_tag",
                                    "operator": "==",
                                    "value": "overworld_generation"
                                }
                            ]
                        }
                    ]
                }
            ]
        },
        "distribution": {
            "iterations": 1,
            "scatter_chance": 2,
            "x": {
                "extent": [0,16],
                "distribution": "uniform"
            },
            "y": "variable.random = (Math.random(37, 18)); return variable.random > (query.above_top_solid(variable.worldx, variable.worldz) - 15) ? -999 : variable.random;",
            "z": {
                "extent": [0,16],
                "distribution": "uniform"
            }
        }
    }
}