{
  "format_version": "1.13.0",
  "minecraft:feature_rules": {
    "description": {
      "identifier": "wb:magic_forest_grass_normal_feature_rule",
      "places_feature": "wb:magic_grass_normal_feature"
    },
    "conditions": {
      "placement_pass": "first_pass",
      "minecraft:biome_filter": [
        {
          "test": "has_biome_tag",
          "operator": "==",
          "value": "magic_forest"
        }
      ]
    },
    "distribution": {
      "iterations": 10,
      "x": {
        "distribution": "uniform",
        "extent": [ 0, 16 ]
      },
      "y": {
        "distribution": "uniform",
        "extent": [ 0, "query.heightmap(variable.worldx, variable.worldz) + 16" ]
      },
      "z": {
        "distribution": "uniform",
        "extent": [ 0, 16 ]
      }
    }
  }
}
