{
    "format_version": "1.13.0",
    "minecraft:feature_rules": {
        "description": {
            "identifier": "dec:pirate_ship_small_1_feature_rule",
            "places_feature": "dec:pirate_ship_aggregate"
        },
        "conditions": {
            "placement_pass": "surface_pass",
            "minecraft:biome_filter": {
                "test": "has_biome_tag",
                "operator": "==",
                "value": "ocean"
            }
        },
        "distribution": {
            "iterations": 1,
            "scatter_chance": 0.02,//0.02
            "x": 0,
            "y": 0,
            "z": 0
        }
    }
}