{
    "format_version": "1.13.0",
    "minecraft:feature_rules": {
        "description": {
            "identifier": "dec:shadow_altar_feature_rule",
            "places_feature": "dec:shadow_altar_mcstructure"
        },
        "conditions": {
            "placement_pass": "surface_pass",
			"minecraft:biome_filter": {
				"any_of": [
					{
						"test": "has_biome_tag",
						"operator": "==",
						"value": "the_end"
					}
				]
			}
        },
        "distribution": {
            "iterations": 1,
            "scatter_chance": 0.04,
            "x": 0,
            "y": "query.heightmap(variable.worldx, variable.worldz) - 1",
            "z": 0
        }
    }
}