{
	"format_version": "1.13.0",
	"minecraft:feature_rules": {
		"description": {
			"identifier": "wb:shallow_cava_natural_cave_tree_feature",
			"places_feature": "wb:shallow_cava_natural_cave_tree_block_feature"
		},
		"conditions": {
			"placement_pass": "underground_pass",
			"minecraft:biome_filter": [
				{
					"test": "has_biome_tag",
					"operator": "==",
					"value": "shallow_cava_natural"
				}
			]
		},
		"distribution": {
			"iterations": 100,
			"scatter_chance": "variable.is_legacy ? 0.0 : 100.0",
			"x": {
				"distribution": "uniform",
				"extent": [
					0,
					16
				]
			},
			"y": {
				"distribution": "uniform",
				"extent": [
					"query.heightmap(variable.worldx, variable.worldz) * 0.4-10",
					"query.heightmap(variable.worldx, variable.worldz) * 0.4+10"
				]
			},
			"z": {
				"distribution": "uniform",
				"extent": [
					0,
					16
				]
			}
		}
	}
}