{
    "format_version": "1.13.0",
    "minecraft:feature_rules": {
        "description": {
            "identifier": "dec:small_radiate_tree4_feature_rule",
            "places_feature": "dec:small_radiate_tree4_mcstructure"
        },
        "conditions": {
            "placement_pass": "surface_pass",
            "minecraft:biome_filter": [
                {
                    "all_of": [
                        {
                            "test": "has_biome_tag",
                            "operator": "!=",
                            "value": "lakes"
                        },
                        {
                            "test": "has_biome_tag",
                            "operator": "!=",
                            "value": "ocean"
                        },
                        {
                            "test": "has_biome_tag",
                            "operator": "!=",
                            "value": "river"
                        },
                        {
                            "any_of": [
                                {
                                    "test": "has_biome_tag",
                                    "operator": "==",
                                    "value": "radiate_waste"
                                }
                            ]
                        }
                    ]
                }
            ]
        },
        "distribution": {
            "iterations": 1,
            "scatter_chance": 2,
            "x": 0,
            "y": "query.heightmap(variable.worldx, variable.worldz) + 1",
            "z": 0
        }
    }
}