{
    "format_version": "1.13.0",
    "minecraft:feature_rules": {
        "description": {
            "identifier": "dec:soul_room_feature_rule",
            "places_feature": "dec:soul_room_mcstructure"
        },
        "conditions": {
            "placement_pass": "underground_pass",
            "minecraft:biome_filter": [
                {
                    "any_of": [
                        {
                            "test": "has_biome_tag",
                            "operator": "==",
                            "value": "soulsand_valley"
                        }
                    ]
                }
            ]
        },
        "distribution": {
            "iterations": 1,
            "scatter_chance": 0.26,
            "x": {
                "extent": [
                    0,
                    16
                ],
                "distribution": "uniform"
            },
            "y": 0,
            "z": {
                "extent": [
                    0,
                    16
                ],
                "distribution": "uniform"
            }
        }
    }
}