{
  "format_version": "1.13.0",
  "minecraft:feature_rules": {
    "description": {
      "identifier": "dec:stone_heap_feature_rule",
      "places_feature": "dec:stone_heap_feature"
    },
    "conditions": {
      "placement_pass": "surface_pass",
      "minecraft:biome_filter": [
        {
          "test": "has_biome_tag",
          "operator": "!=",
          "value": "beach"
        },
        {
          "test": "has_biome_tag",
          "operator": "!=",
          "value": "ocean"
        },
        {
          "test": "has_biome_tag",
          "operator": "!=",
          "value": "river"
        },
        {
          "test": "has_biome_tag",
          "operator": "!=",
          "value": "lakes"
        },
        {
          "test": "has_biome_tag",
          "operator": "!=",
          "value": "nether"
        },
        {
          "test": "has_biome_tag",
          "operator": "!=",
          "value": "the_end"
        }
      ]
    },
    "distribution": {
      "iterations": 40,
      "scatter_chance": 2,
      "x": 0,
      "y": {
        "distribution": "uniform",
        "extent": [
          "query.heightmap(variable.worldx, variable.worldz)",
          "query.heightmap(variable.worldx, variable.worldz) + 1"
        ]
      },
      "z": 0
    }
  }
}