{
	"format_version": "1.13.0",
	"minecraft:feature_rules": {
		"description": {
			"identifier": "dec:tower_of_watcher_mcstructure_rule",
			"places_feature": "dec:tower_of_watcher_mcstructure"
		},
		"conditions": {
			"placement_pass": "surface_pass",
			"minecraft:biome_filter": [
				{
				  "test": "has_biome_tag",
				  "operator": "==",
				  "value": "plains"
				},
				{
				  "any_of": [
					{
					  "test": "has_biome_tag",
					  "operator": "!=",
					  "value": "river"
					},
					{
					  "test": "has_biome_tag",
					  "operator": "!=",
					  "value": "lakes"
					},
					{
						"test": "has_biome_tag",
						"operator": "!=",
						"value": "ocean"
					},
					{
						"test": "has_biome_tag",
						"operator": "!=",
						"value": "mountain"
					},
					{
						"test": "has_biome_tag",
						"operator": "!=",
						"value": "hills"
					}
				  ]
				}
			  ]
		},
		"distribution": {
			"iterations": 1,
			"scatter_chance": 0.06,
			"x": 0,
			"y": "query.heightmap(variable.worldx, variable.worldz) - 12",
			"z": 0
		}
	}
}