{
  "format_version": "1.8.0",
  "animations": {
    "animation.intentions_third.wb": {
      "timeline": {
        "0.1": [
          "/execute @s[tag=gj] ~ ~ ~ summon wb:ball_intentions_third_sword ~9.10030737416728 ~19.910660796425272 ~-24.237971930201944",
          "/execute @s[tag=gj] ~ ~ ~ summon wb:ball_intentions_third_sword ~21.115411966069026 ~21.101320155644725 ~-15.224263195065753",
          "/execute @s[tag=gj] ~ ~ ~ summon wb:ball_intentions_third_sword ~8.468954489185158 ~20.166896266153692 ~5.538447729492411"
        ],
        "0.2": [
          "/execute @s[tag=gj] ~ ~ ~ summon wb:ball_intentions_third_sword ~-24.082107228340632 ~19.447591736329503 ~12.42817443178231",
          "/execute @s[tag=gj] ~ ~ ~ summon wb:ball_intentions_third_sword ~24.271828393199065 ~21.64384423737742 ~-9.205459519997682",
          "/execute @s[tag=gj] ~ ~ ~ summon wb:ball_intentions_third_sword ~31.04511550110712 ~20.38075168557626 ~-13.396597997459843"
        ],
        "0.30000000000000004": [
          "/execute @s[tag=gj] ~ ~ ~ summon wb:ball_intentions_third_sword ~1.5376838398361343 ~21.986768370405528 ~-15.731118768165906",
          "/execute @s[tag=gj] ~ ~ ~ summon wb:ball_intentions_third_sword ~-14.101808431578142 ~19.659231172668918 ~-19.057791393443516",
          "/execute @s[tag=gj] ~ ~ ~ summon wb:ball_intentions_third_sword ~20.240935506650445 ~21.92205419732501 ~-18.966256550253014"
        ],
        "0.4": [
          "/execute @s[tag=gj] ~ ~ ~ summon wb:ball_intentions_third_sword ~-1.812352516251245 ~21.58912632202387 ~-25.5997076514482",
          "/execute @s[tag=gj] ~ ~ ~ summon wb:ball_intentions_third_sword ~31.640074380057 ~20.476192881128746 ~22.60439560028977",
          "/execute @s[tag=gj] ~ ~ ~ summon wb:ball_intentions_third_sword ~2.8138939696783254 ~18.84277307839642 ~-3.1208950705696736"
        ],
        "0.5": [
          "/execute @s[tag=gj] ~ ~ ~ summon wb:ball_intentions_third_sword ~-16.881407478757268 ~21.0198936319021 ~-5.497975342167358",
          "/execute @s[tag=gj] ~ ~ ~ summon wb:ball_intentions_third_sword ~22.700811719818397 ~20.090414826629996 ~-0.8168204683190936",
          "/execute @s[tag=gj] ~ ~ ~ summon wb:ball_intentions_third_sword ~-8.940691080972528 ~20.7476130069953 ~20.01773552522434"
        ],
        "0.6": [
          "/execute @s[tag=gj] ~ ~ ~ summon wb:ball_intentions_third_sword ~-6.539905805615334 ~19.944422565180794 ~8.165703471874785",
          "/execute @s[tag=gj] ~ ~ ~ summon wb:ball_intentions_third_sword ~-5.547887850786317 ~18.695909792075152 ~-12.51125844123105",
          "/execute @s[tag=gj] ~ ~ ~ summon wb:ball_intentions_third_sword ~12.07970240478879 ~21.29494446054388 ~26.478133927380902"
        ],
        "0.7": [
          "/execute @s[tag=gj] ~ ~ ~ summon wb:ball_intentions_third_sword ~-7.77449276103048 ~21.129329278742674 ~11.020221791160964",
          "/execute @s[tag=gj] ~ ~ ~ summon wb:ball_intentions_third_sword ~-23.70218958544455 ~20.57004428664161 ~6.483382593571157",
          "/execute @s[tag=gj] ~ ~ ~ summon wb:ball_intentions_third_sword ~4.516151087716992 ~18.224525225425705 ~22.079707111845565"
        ],
        "0.7999999999999999": [
          "/execute @s[tag=gj] ~ ~ ~ summon wb:ball_intentions_third_sword ~-26.743571800339623 ~20.77059973506899 ~25.93828300402037",
          "/execute @s[tag=gj] ~ ~ ~ summon wb:ball_intentions_third_sword ~19.060582544566522 ~21.54407435075012 ~-24.43215028936922",
          "/execute @s[tag=gj] ~ ~ ~ summon wb:ball_intentions_third_sword ~-10.260832988190643 ~21.736265701515038 ~10.312011015233011"
        ],
        "0.8999999999999999": [
          "/execute @s[tag=gj] ~ ~ ~ summon wb:ball_intentions_third_sword ~8.42189044852011 ~20.830453599429113 ~-6.357442791237077",
          "/execute @s[tag=gj] ~ ~ ~ summon wb:ball_intentions_third_sword ~-10.902394542645112 ~20.856942383894364 ~1.3954843794927498",
          "/execute @s[tag=gj] ~ ~ ~ summon wb:ball_intentions_third_sword ~2.6637425975345863 ~19.124971303723527 ~27.555120227418826"
        ],
        "0.9999999999999999": [
          "/execute @s[tag=gj] ~ ~ ~ summon wb:ball_intentions_third_sword ~-15.82688250237279 ~18.65519908719641 ~-22.515071950310755",
          "/execute @s[tag=gj] ~ ~ ~ summon wb:ball_intentions_third_sword ~17.167428302573725 ~21.02059500595907 ~-5.140211796399697",
          "/execute @s[tag=gj] ~ ~ ~ summon wb:ball_intentions_third_sword ~18.438297766252596 ~19.067282663566083 ~3.203300228460094"
        ],
        "1.0999999999999999": [
          "/execute @s[tag=gj] ~ ~ ~ summon wb:ball_intentions_third_sword ~-0.6330736952486333 ~18.823638896450376 ~-3.605398433984142",
          "/execute @s[tag=gj] ~ ~ ~ summon wb:ball_intentions_third_sword ~15.526631650886124 ~20.019457625120186 ~-5.731341242848444",
          "/execute @s[tag=gj] ~ ~ ~ summon wb:ball_intentions_third_sword ~7.064953260342463 ~20.29668849985867 ~-12.78625160992582"
        ],
        "1.2": [
          "/execute @s[tag=gj] ~ ~ ~ summon wb:ball_intentions_third_sword ~7.603556634142592 ~18.64576930169083 ~-1.4587673398076362",
          "/execute @s[tag=gj] ~ ~ ~ summon wb:ball_intentions_third_sword ~11.50196271458153 ~21.19098313608241 ~-12.007187458417249",
          "/execute @s[tag=gj] ~ ~ ~ summon wb:ball_intentions_third_sword ~-30.031235302332057 ~21.273671222387776 ~-15.206481057069183"
        ],
        "1.3": [
          "/execute @s[tag=gj] ~ ~ ~ summon wb:ball_intentions_third_sword ~4.292722278054185 ~19.595277865839655 ~-10.859595951962696",
          "/execute @s[tag=gj] ~ ~ ~ summon wb:ball_intentions_third_sword ~28.18124738031578 ~19.60359394016589 ~11.16261679754409",
          "/execute @s[tag=gj] ~ ~ ~ summon wb:ball_intentions_third_sword ~-12.466232638649728 ~21.812000536672656 ~16.745438164493628"
        ],
        "1.4000000000000001": [
          "/execute @s[tag=gj] ~ ~ ~ summon wb:ball_intentions_third_sword ~-28.822469267237622 ~19.253239170376677 ~-8.526231529275087",
          "/execute @s[tag=gj] ~ ~ ~ summon wb:ball_intentions_third_sword ~0.6324144140383083 ~21.539830785641932 ~30.38115863102312",
          "/execute @s[tag=gj] ~ ~ ~ summon wb:ball_intentions_third_sword ~-11.377673092644194 ~21.3904370618233 ~3.8810956098209033"
        ],
        "1.5000000000000002": [
          "/execute @s[tag=gj] ~ ~ ~ summon wb:ball_intentions_third_sword ~-19.473646592474218 ~19.051696275714026 ~-24.512548450905918",
          "/execute @s[tag=gj] ~ ~ ~ summon wb:ball_intentions_third_sword ~-2.597993430722724 ~20.34058873431777 ~9.868523646256087",
          "/execute @s[tag=gj] ~ ~ ~ summon wb:ball_intentions_third_sword ~-26.235111862083073 ~20.203130545237972 ~24.374525840499615"
        ],
        "1.6000000000000003": [
          "/execute @s[tag=gj] ~ ~ ~ summon wb:ball_intentions_third_sword ~-5.942751533377681 ~18.064317335353447 ~20.90310555255902",
          "/execute @s[tag=gj] ~ ~ ~ summon wb:ball_intentions_third_sword ~-3.7790229744245636 ~18.82000301280213 ~-16.353836031723503",
          "/execute @s[tag=gj] ~ ~ ~ summon wb:ball_intentions_third_sword ~-14.635421363807744 ~21.933738814617154 ~-27.752948393026443"
        ],
        "1.7000000000000004": [
          "/execute @s[tag=gj] ~ ~ ~ summon wb:ball_intentions_third_sword ~-19.19009913473537 ~18.566342478224765 ~18.841961714369127",
          "/execute @s[tag=gj] ~ ~ ~ summon wb:ball_intentions_third_sword ~17.529664665500974 ~21.405031058143457 ~-27.073699995638556",
          "/execute @s[tag=gj] ~ ~ ~ summon wb:ball_intentions_third_sword ~4.3181919973265295 ~18.989368336880627 ~5.157788926695694"
        ],
        "1.8000000000000005": [
          "/execute @s[tag=gj] ~ ~ ~ summon wb:ball_intentions_third_sword ~29.860765921961537 ~21.54150068939582 ~2.934660260979271",
          "/execute @s[tag=gj] ~ ~ ~ summon wb:ball_intentions_third_sword ~3.1078230907349393 ~20.22443721464402 ~-24.96535732123455",
          "/execute @s[tag=gj] ~ ~ ~ summon wb:ball_intentions_third_sword ~28.661094280632874 ~18.873407000004622 ~-0.26368689388433353"
        ],
        "1.9000000000000006": [
          "/execute @s[tag=gj] ~ ~ ~ summon wb:ball_intentions_third_sword ~-25.131883148397534 ~19.89945821503244 ~13.020506929349324",
          "/execute @s[tag=gj] ~ ~ ~ summon wb:ball_intentions_third_sword ~25.72653475981216 ~21.214177220232152 ~-12.67216743373006",
          "/execute @s[tag=gj] ~ ~ ~ summon wb:ball_intentions_third_sword ~31.55391789387489 ~20.125934441493875 ~-29.57951082088207"
        ],
        "2.0000000000000004": [
          "/execute @s[tag=gj] ~ ~ ~ summon wb:ball_intentions_third_sword ~14.572743364459598 ~21.650626855720752 ~-9.153191407129441",
          "/execute @s[tag=gj] ~ ~ ~ summon wb:ball_intentions_third_sword ~3.985725550835731 ~21.05920585047776 ~24.669645251624218",
          "/execute @s[tag=gj] ~ ~ ~ summon wb:ball_intentions_third_sword ~10.655523687655354 ~19.28815403790714 ~29.279781785139406"
        ],
        "2.1000000000000005": [
          "/execute @s[tag=gj] ~ ~ ~ summon wb:ball_intentions_third_sword ~-20.891789079278425 ~21.24821338807352 ~-10.096766803918705",
          "/execute @s[tag=gj] ~ ~ ~ summon wb:ball_intentions_third_sword ~14.703116989982078 ~19.19889701962034 ~-7.459787931864113",
          "/execute @s[tag=gj] ~ ~ ~ summon wb:ball_intentions_third_sword ~9.420438793445129 ~19.70721769574833 ~17.67296558827897"
        ],
        "2.2000000000000006": [
          "/execute @s[tag=gj] ~ ~ ~ summon wb:ball_intentions_third_sword ~25.161112016809803 ~20.567308797488273 ~-17.629894421137195",
          "/execute @s[tag=gj] ~ ~ ~ summon wb:ball_intentions_third_sword ~-25.583500257639756 ~18.097914857663724 ~-13.02216635489512",
          "/execute @s[tag=gj] ~ ~ ~ summon wb:ball_intentions_third_sword ~-16.027357791623494 ~18.86678669245019 ~-24.520926943819262"
        ],
        "2.3000000000000007": [
          "/execute @s[tag=gj] ~ ~ ~ summon wb:ball_intentions_third_sword ~-13.178177674818691 ~20.317327134625447 ~-13.443361217809183",
          "/execute @s[tag=gj] ~ ~ ~ summon wb:ball_intentions_third_sword ~21.790742610614515 ~18.083692953183753 ~-14.61529903866996",
          "/execute @s[tag=gj] ~ ~ ~ summon wb:ball_intentions_third_sword ~11.790566557628829 ~21.78924351600716 ~26.539011532442792"
        ],
        "2.400000000000001": [
          "/execute @s[tag=gj] ~ ~ ~ summon wb:ball_intentions_third_sword ~-18.44107408485759 ~20.01957846633369 ~4.870457206206645",
          "/execute @s[tag=gj] ~ ~ ~ summon wb:ball_intentions_third_sword ~-18.144309840086002 ~19.43687030523895 ~26.884941354660285",
          "/execute @s[tag=gj] ~ ~ ~ summon wb:ball_intentions_third_sword ~21.512420185732516 ~20.474474249401347 ~27.144622612873654"
        ],
        "2.500000000000001": [
          "/execute @s[tag=gj] ~ ~ ~ summon wb:ball_intentions_third_sword ~16.108126394105845 ~19.191258958682752 ~9.372240309691414",
          "/execute @s[tag=gj] ~ ~ ~ summon wb:ball_intentions_third_sword ~-24.641144270983247 ~20.007010745951778 ~4.978308503829247",
          "/execute @s[tag=gj] ~ ~ ~ summon wb:ball_intentions_third_sword ~23.637406260126774 ~19.4210386268205 ~-27.970784570566465"
        ],
        "2.600000000000001": [
          "/execute @s[tag=gj] ~ ~ ~ summon wb:ball_intentions_third_sword ~-4.9941774047137955 ~18.781658255054644 ~-13.36495528782362",
          "/execute @s[tag=gj] ~ ~ ~ summon wb:ball_intentions_third_sword ~22.50555200745505 ~20.24852583383772 ~4.668951529601031",
          "/execute @s[tag=gj] ~ ~ ~ summon wb:ball_intentions_third_sword ~-0.9738094263164001 ~21.987818964289733 ~-22.40881299349246"
        ],
        "2.700000000000001": [
          "/execute @s[tag=gj] ~ ~ ~ summon wb:ball_intentions_third_sword ~-6.738318165602685 ~19.677441853823243 ~1.3741537153979522",
          "/execute @s[tag=gj] ~ ~ ~ summon wb:ball_intentions_third_sword ~16.402927767135594 ~21.125639207396496 ~-10.801988126093725",
          "/execute @s[tag=gj] ~ ~ ~ summon wb:ball_intentions_third_sword ~-21.95105821141223 ~21.067773894407754 ~13.220276316147164"
        ],
        "2.800000000000001": [
          "/execute @s[tag=gj] ~ ~ ~ summon wb:ball_intentions_third_sword ~-4.714167814639843 ~20.2125188444628 ~-0.13468416416008466",
          "/execute @s[tag=gj] ~ ~ ~ summon wb:ball_intentions_third_sword ~7.520670297653396 ~18.96080178127481 ~-21.97805559335133",
          "/execute @s[tag=gj] ~ ~ ~ summon wb:ball_intentions_third_sword ~0.8355867398560548 ~21.22315994759484 ~-15.634863106864216"
        ],
        "2.9000000000000012": [
          "/execute @s[tag=gj] ~ ~ ~ summon wb:ball_intentions_third_sword ~29.88156949639317 ~19.726501453966 ~-13.743895282217387",
          "/execute @s[tag=gj] ~ ~ ~ summon wb:ball_intentions_third_sword ~-5.961563855820792 ~20.82290015652653 ~30.77535511947751",
          "/execute @s[tag=gj] ~ ~ ~ summon wb:ball_intentions_third_sword ~-9.785350963479296 ~21.05847188490493 ~11.367325865024576"
        ],
        "3.0000000000000013": [
          "/execute @s[tag=gj] ~ ~ ~ summon wb:ball_intentions_third_sword ~-21.04002989679119 ~19.114794915853203 ~1.7189276525034245",
          "/execute @s[tag=gj] ~ ~ ~ summon wb:ball_intentions_third_sword ~15.658241298178396 ~18.997734958277345 ~29.20877746845165",
          "/execute @s[tag=gj] ~ ~ ~ summon wb:ball_intentions_third_sword ~-5.418455241681791 ~19.5587371232326 ~1.2178232212925906"
        ],
        "3.1000000000000014": [
          "/execute @s[tag=gj] ~ ~ ~ summon wb:ball_intentions_third_sword ~-22.22791733375844 ~20.88326401408235 ~19.229103409835062",
          "/execute @s[tag=gj] ~ ~ ~ summon wb:ball_intentions_third_sword ~-18.55970458575893 ~19.736598657908278 ~1.983913099087907",
          "/execute @s[tag=gj] ~ ~ ~ summon wb:ball_intentions_third_sword ~-14.610346822341839 ~19.29844094949493 ~-2.006815014814265"
        ],
        "3.2000000000000015": [
          "/execute @s[tag=gj] ~ ~ ~ summon wb:ball_intentions_third_sword ~-23.914107362847396 ~21.969247224689838 ~18.62458976424592",
          "/execute @s[tag=gj] ~ ~ ~ summon wb:ball_intentions_third_sword ~-5.791613542555183 ~18.540842658375816 ~-2.4638352697017964",
          "/execute @s[tag=gj] ~ ~ ~ summon wb:ball_intentions_third_sword ~-11.81322164982413 ~21.1150944947442 ~19.36123156042874"
        ],
        "3.3000000000000016": [
          "/execute @s[tag=gj] ~ ~ ~ summon wb:ball_intentions_third_sword ~-8.867760555009411 ~18.157366425884646 ~27.707585357108684",
          "/execute @s[tag=gj] ~ ~ ~ summon wb:ball_intentions_third_sword ~9.27809498550507 ~20.808864858086345 ~-1.2436389006220736",
          "/execute @s[tag=gj] ~ ~ ~ summon wb:ball_intentions_third_sword ~16.765155683053727 ~21.364728564665555 ~-3.1214521434001767"
        ],
        "3.4000000000000017": [
          "/execute @s[tag=gj] ~ ~ ~ summon wb:ball_intentions_third_sword ~-15.04479971516902 ~20.984310943115247 ~27.93286863857616",
          "/execute @s[tag=gj] ~ ~ ~ summon wb:ball_intentions_third_sword ~10.271619000420365 ~21.361364374581456 ~23.971943604472408",
          "/execute @s[tag=gj] ~ ~ ~ summon wb:ball_intentions_third_sword ~21.093350607161916 ~19.253926713977386 ~13.158583218968474"
        ],
        "3.5000000000000018": [
          "/execute @s[tag=gj] ~ ~ ~ summon wb:ball_intentions_third_sword ~-18.115824875071525 ~20.212734564617527 ~14.546611916024972",
          "/execute @s[tag=gj] ~ ~ ~ summon wb:ball_intentions_third_sword ~11.728048000698884 ~18.518100827873226 ~-28.225796472177898",
          "/execute @s[tag=gj] ~ ~ ~ summon wb:ball_intentions_third_sword ~-8.539875693761715 ~19.677544687493924 ~-20.566940411244317"
        ],
        "3.600000000000002": [
          "/execute @s[tag=gj] ~ ~ ~ summon wb:ball_intentions_third_sword ~-27.125648065889727 ~19.408896186283584 ~6.574674856636122",
          "/execute @s[tag=gj] ~ ~ ~ summon wb:ball_intentions_third_sword ~23.48301171549356 ~18.494439408550488 ~17.993849412749462",
          "/execute @s[tag=gj] ~ ~ ~ summon wb:ball_intentions_third_sword ~-8.890381998227731 ~18.640513805244357 ~27.22603721328378"
        ],
        "3.700000000000002": [
          "/execute @s[tag=gj] ~ ~ ~ summon wb:ball_intentions_third_sword ~-18.418482544495745 ~21.661869548918716 ~8.278323242945326",
          "/execute @s[tag=gj] ~ ~ ~ summon wb:ball_intentions_third_sword ~19.505074706996673 ~19.27778624840101 ~22.424022345696464",
          "/execute @s[tag=gj] ~ ~ ~ summon wb:ball_intentions_third_sword ~15.81147186266184 ~18.450083575159912 ~16.971386206489953"
        ],
        "3.800000000000002": [
          "/execute @s[tag=gj] ~ ~ ~ summon wb:ball_intentions_third_sword ~-13.219972255034236 ~20.0215208874204 ~-7.410213106259043",
          "/execute @s[tag=gj] ~ ~ ~ summon wb:ball_intentions_third_sword ~19.428392897243484 ~21.553095350378186 ~-28.087635644116666",
          "/execute @s[tag=gj] ~ ~ ~ summon wb:ball_intentions_third_sword ~13.680610821178604 ~21.958471797326528 ~12.26465763798766"
        ],
        "3.900000000000002": [
          "/execute @s[tag=gj] ~ ~ ~ summon wb:ball_intentions_third_sword ~3.4807249152493895 ~21.127055702491226 ~8.894730282204513",
          "/execute @s[tag=gj] ~ ~ ~ summon wb:ball_intentions_third_sword ~-30.134456442670782 ~20.384922278514004 ~-26.678000967579706",
          "/execute @s[tag=gj] ~ ~ ~ summon wb:ball_intentions_third_sword ~-8.909649772409281 ~21.614243329512792 ~-20.736604919694173"
        ],
        "4.000000000000002": [
          "/execute @s[tag=gj] ~ ~ ~ summon wb:ball_intentions_third_sword ~-21.67327637344873 ~18.274611941727766 ~16.973033189853197",
          "/execute @s[tag=gj] ~ ~ ~ summon wb:ball_intentions_third_sword ~25.569400157669293 ~18.300916350955358 ~-8.684205373720857",
          "/execute @s[tag=gj] ~ ~ ~ summon wb:ball_intentions_third_sword ~-11.10484738709875 ~20.149801260800345 ~25.616865485298725"
        ],
        "4.100000000000001": [
          "/execute @s[tag=gj] ~ ~ ~ summon wb:ball_intentions_third_sword ~-26.63653889403627 ~20.52206255826664 ~21.498558385303483",
          "/execute @s[tag=gj] ~ ~ ~ summon wb:ball_intentions_third_sword ~18.995292222319726 ~18.39193634692517 ~17.185825088229443",
          "/execute @s[tag=gj] ~ ~ ~ summon wb:ball_intentions_third_sword ~-4.976561442815758 ~18.26369013865594 ~-21.314234385141518"
        ],
        "4.200000000000001": [
          "/execute @s[tag=gj] ~ ~ ~ summon wb:ball_intentions_third_sword ~-1.17420409428059 ~19.696416650598408 ~10.07791828378749",
          "/execute @s[tag=gj] ~ ~ ~ summon wb:ball_intentions_third_sword ~16.804080686630464 ~19.518231501889357 ~-24.759930908806865",
          "/execute @s[tag=gj] ~ ~ ~ summon wb:ball_intentions_third_sword ~18.874319611116178 ~19.172678966734537 ~10.36117682898962"
        ],
        "4.300000000000001": [
          "/execute @s[tag=gj] ~ ~ ~ summon wb:ball_intentions_third_sword ~-1.1209909912478722 ~20.952936021525236 ~-26.093163967264353",
          "/execute @s[tag=gj] ~ ~ ~ summon wb:ball_intentions_third_sword ~-29.56880401270344 ~18.69196001836733 ~-18.007436810364794",
          "/execute @s[tag=gj] ~ ~ ~ summon wb:ball_intentions_third_sword ~23.362563925842352 ~18.024322889232387 ~4.686439341127787"
        ],
        "4.4": [
          "/execute @s[tag=gj] ~ ~ ~ summon wb:ball_intentions_third_sword ~15.863672730710306 ~18.103975276064922 ~17.629315912116",
          "/execute @s[tag=gj] ~ ~ ~ summon wb:ball_intentions_third_sword ~-16.84972478000958 ~21.32088738762741 ~0.4833781238333472",
          "/execute @s[tag=gj] ~ ~ ~ summon wb:ball_intentions_third_sword ~25.161683904868347 ~21.931132675723738 ~-26.46437557317305"
        ],
        "4.5": [
          "/execute @s[tag=gj] ~ ~ ~ summon wb:ball_intentions_third_sword ~-21.155084062492733 ~18.2858412688364 ~-20.64440264797254",
          "/execute @s[tag=gj] ~ ~ ~ summon wb:ball_intentions_third_sword ~-4.0197633943501145 ~21.593068912567844 ~19.41495854363864",
          "/execute @s[tag=gj] ~ ~ ~ summon wb:ball_intentions_third_sword ~14.536319019447184 ~21.143736431507243 ~22.395579489041815"
        ],
        "4.6": [
          "/execute @s[tag=gj] ~ ~ ~ summon wb:ball_intentions_third_sword ~-25.60503890756184 ~19.041029956193512 ~-25.95941081370063",
          "/execute @s[tag=gj] ~ ~ ~ summon wb:ball_intentions_third_sword ~-28.237066638027457 ~18.34892055939087 ~20.479187456521245",
          "/execute @s[tag=gj] ~ ~ ~ summon wb:ball_intentions_third_sword ~-9.831359925981197 ~21.254206818186322 ~-15.373576639601453"
        ],
        "4.699999999999999": [
          "/execute @s[tag=gj] ~ ~ ~ summon wb:ball_intentions_third_sword ~-22.58598372405008 ~20.64691638108169 ~18.131107280332685",
          "/execute @s[tag=gj] ~ ~ ~ summon wb:ball_intentions_third_sword ~25.810214257547514 ~19.169351609410313 ~15.289702420305659",
          "/execute @s[tag=gj] ~ ~ ~ summon wb:ball_intentions_third_sword ~23.44587939340395 ~20.28655265427173 ~23.38985041577685"
        ],
        "4.799999999999999": [
          "/execute @s[tag=gj] ~ ~ ~ summon wb:ball_intentions_third_sword ~24.40623162312339 ~18.5191302571106 ~2.0188803323825297",
          "/execute @s[tag=gj] ~ ~ ~ summon wb:ball_intentions_third_sword ~12.896149488189629 ~18.373017063197107 ~-31.37717148443287",
          "/execute @s[tag=gj] ~ ~ ~ summon wb:ball_intentions_third_sword ~17.43050228365683 ~18.41948808423368 ~-24.413400206043832"
        ],
        "4.899999999999999": [
          "/execute @s[tag=gj] ~ ~ ~ summon wb:ball_intentions_third_sword ~-22.40074883927177 ~20.079498230890344 ~-24.444215257637588",
          "/execute @s[tag=gj] ~ ~ ~ summon wb:ball_intentions_third_sword ~21.803485008788 ~21.48510445594552 ~-19.84834178075795",
          "/execute @s[tag=gj] ~ ~ ~ summon wb:ball_intentions_third_sword ~-2.95342587439805 ~18.644752286072194 ~-13.846840465430049"
        ],
        "4.999999999999998": [
          "/execute @s[tag=gj] ~ ~ ~ summon wb:ball_intentions_third_sword ~-8.309166196125311 ~21.315563154485506 ~-10.812362655642943",
          "/execute @s[tag=gj] ~ ~ ~ summon wb:ball_intentions_third_sword ~-1.1913422092071002 ~20.92031223409741 ~-3.770620538387085",
          "/execute @s[tag=gj] ~ ~ ~ summon wb:ball_intentions_third_sword ~14.21349267503458 ~18.371456150391683 ~14.172021255299448"
        ],
        "5.099999999999998": [
          "/execute @s[tag=gj] ~ ~ ~ summon wb:ball_intentions_third_sword ~-16.343280466887705 ~18.77617532892757 ~12.598059667356608",
          "/execute @s[tag=gj] ~ ~ ~ summon wb:ball_intentions_third_sword ~3.7018752847055367 ~19.975046423904804 ~2.4806053442063103",
          "/execute @s[tag=gj] ~ ~ ~ summon wb:ball_intentions_third_sword ~-15.200605267731845 ~18.947198333623273 ~15.989215923264716"
        ],
        "5.1999999999999975": [
          "/execute @s[tag=gj] ~ ~ ~ summon wb:ball_intentions_third_sword ~29.67672729143969 ~21.287624090646634 ~-12.529650159095283",
          "/execute @s[tag=gj] ~ ~ ~ summon wb:ball_intentions_third_sword ~-20.6997677858528 ~18.86112350130585 ~-29.303754704006366",
          "/execute @s[tag=gj] ~ ~ ~ summon wb:ball_intentions_third_sword ~9.691684450459626 ~19.936077760753122 ~15.111977099022532"
        ],
        "5.299999999999997": [
          "/execute @s[tag=gj] ~ ~ ~ summon wb:ball_intentions_third_sword ~-17.425270309424945 ~21.527686316292385 ~-11.232747630692877",
          "/execute @s[tag=gj] ~ ~ ~ summon wb:ball_intentions_third_sword ~-19.160263077909654 ~20.222754971672785 ~12.064144633488283",
          "/execute @s[tag=gj] ~ ~ ~ summon wb:ball_intentions_third_sword ~-13.304954862437924 ~21.518651511517294 ~-30.658349173066043"
        ],
        "5.399999999999997": [
          "/execute @s[tag=gj] ~ ~ ~ summon wb:ball_intentions_third_sword ~-16.579581380683784 ~21.73117949203332 ~3.0763935132678526",
          "/execute @s[tag=gj] ~ ~ ~ summon wb:ball_intentions_third_sword ~9.86845768043991 ~21.200410599849025 ~-10.734551093237272",
          "/execute @s[tag=gj] ~ ~ ~ summon wb:ball_intentions_third_sword ~-27.701039134281352 ~18.248911454035635 ~9.38076433542772"
        ],
        "5.4999999999999964": [
          "/execute @s[tag=gj] ~ ~ ~ summon wb:ball_intentions_third_sword ~26.71468246427331 ~19.400996874932044 ~-16.79030852168804",
          "/execute @s[tag=gj] ~ ~ ~ summon wb:ball_intentions_third_sword ~28.175410295052536 ~18.318562411025137 ~-22.405476170101792",
          "/execute @s[tag=gj] ~ ~ ~ summon wb:ball_intentions_third_sword ~24.659778933612657 ~19.246545760210395 ~-25.021317375784186"
        ],
        "5.599999999999996": [
          "/execute @s[tag=gj] ~ ~ ~ summon wb:ball_intentions_third_sword ~31.63331760120181 ~18.886988184073846 ~20.92134186120702",
          "/execute @s[tag=gj] ~ ~ ~ summon wb:ball_intentions_third_sword ~13.703098927722152 ~20.57039926173762 ~-11.659616631240162",
          "/execute @s[tag=gj] ~ ~ ~ summon wb:ball_intentions_third_sword ~-2.2334303246217715 ~18.376762372907933 ~8.417998001145797"
        ],
        "5.699999999999996": [
          "/execute @s[tag=gj] ~ ~ ~ summon wb:ball_intentions_third_sword ~4.81104280549264 ~19.600739320447683 ~-23.646801448067954",
          "/execute @s[tag=gj] ~ ~ ~ summon wb:ball_intentions_third_sword ~21.701745606481282 ~21.41646435337237 ~-19.899231127433772",
          "/execute @s[tag=gj] ~ ~ ~ summon wb:ball_intentions_third_sword ~17.05982705599937 ~20.026878709405132 ~-25.38616131960096"
        ],
        "5.799999999999995": [
          "/execute @s[tag=gj] ~ ~ ~ summon wb:ball_intentions_third_sword ~-4.24551382792761 ~18.237875829262165 ~21.012569738282295",
          "/execute @s[tag=gj] ~ ~ ~ summon wb:ball_intentions_third_sword ~-26.79860896472634 ~20.424660361997034 ~12.922430142799527",
          "/execute @s[tag=gj] ~ ~ ~ summon wb:ball_intentions_third_sword ~-29.40561850697766 ~21.61715121759251 ~0.37120661311523406"
        ],
        "5.899999999999995": [
          "/execute @s[tag=gj] ~ ~ ~ summon wb:ball_intentions_third_sword ~-29.625232556976286 ~21.71985940462263 ~13.36622929298506",
          "/execute @s[tag=gj] ~ ~ ~ summon wb:ball_intentions_third_sword ~-16.0437904581429 ~20.879195917681354 ~19.883189234247148",
          "/execute @s[tag=gj] ~ ~ ~ summon wb:ball_intentions_third_sword ~11.041862876723819 ~21.15456730349514 ~-18.425528933590478"
        ],
        "5.999999999999995": [
          "/execute @s[tag=gj] ~ ~ ~ summon wb:ball_intentions_third_sword ~-11.561482114957265 ~18.013125607295926 ~12.549016922174992",
          "/execute @s[tag=gj] ~ ~ ~ summon wb:ball_intentions_third_sword ~-16.295623427590222 ~21.30230418669708 ~-14.293282946206148",
          "/execute @s[tag=gj] ~ ~ ~ summon wb:ball_intentions_third_sword ~-8.913925723891282 ~18.912576736889008 ~23.117153117315226"
        ],
        "6.099999999999994": [
          "/execute @s[tag=gj] ~ ~ ~ summon wb:ball_intentions_third_sword ~11.370017390583996 ~21.197575681546464 ~-10.582013274358118",
          "/execute @s[tag=gj] ~ ~ ~ summon wb:ball_intentions_third_sword ~15.073049314451161 ~19.146071338134778 ~-31.9224589030757",
          "/execute @s[tag=gj] ~ ~ ~ summon wb:ball_intentions_third_sword ~10.893584631665014 ~19.686809933768114 ~2.408426081488166"
        ],
        "6.199999999999994": [
          "/execute @s[tag=gj] ~ ~ ~ summon wb:ball_intentions_third_sword ~-25.798461373615197 ~19.90539276424257 ~24.034001199115757",
          "/execute @s[tag=gj] ~ ~ ~ summon wb:ball_intentions_third_sword ~-7.9654125641758355 ~20.68959037170485 ~20.025888506547965",
          "/execute @s[tag=gj] ~ ~ ~ summon wb:ball_intentions_third_sword ~-20.582458902895084 ~19.737280220318677 ~-17.229331399672304"
        ],
        "6.299999999999994": [
          "/execute @s[tag=gj] ~ ~ ~ summon wb:ball_intentions_third_sword ~2.1602176407583755 ~19.13889179594444 ~17.55900468266512",
          "/execute @s[tag=gj] ~ ~ ~ summon wb:ball_intentions_third_sword ~-22.563579472719162 ~20.63648154006646 ~12.643345026299173",
          "/execute @s[tag=gj] ~ ~ ~ summon wb:ball_intentions_third_sword ~-11.206757055258976 ~19.84114830076078 ~-3.851459990134572"
        ],
        "6.399999999999993": [
          "/execute @s[tag=gj] ~ ~ ~ summon wb:ball_intentions_third_sword ~-25.825374008780223 ~18.804598680447103 ~-0.605415203914383",
          "/execute @s[tag=gj] ~ ~ ~ summon wb:ball_intentions_third_sword ~0.4712367544372924 ~21.193468127503227 ~-0.5311892036468109",
          "/execute @s[tag=gj] ~ ~ ~ summon wb:ball_intentions_third_sword ~6.3164852998718 ~20.034999852535645 ~28.42428300417346"
        ],
        "6.499999999999993": [
          "/execute @s[tag=gj] ~ ~ ~ summon wb:ball_intentions_third_sword ~28.459000015112835 ~19.385696548205843 ~2.3008016769267883",
          "/execute @s[tag=gj] ~ ~ ~ summon wb:ball_intentions_third_sword ~-1.6831234752892144 ~18.88263327931299 ~29.257647175427046",
          "/execute @s[tag=gj] ~ ~ ~ summon wb:ball_intentions_third_sword ~-1.4474298331159474 ~19.10633721474781 ~-30.352729366814707"
        ],
        "6.5999999999999925": [
          "/execute @s[tag=gj] ~ ~ ~ summon wb:ball_intentions_third_sword ~-16.235223168449465 ~18.569645342206694 ~-7.247420838849642",
          "/execute @s[tag=gj] ~ ~ ~ summon wb:ball_intentions_third_sword ~-0.6566849791336722 ~18.508114444892655 ~8.939725290049566",
          "/execute @s[tag=gj] ~ ~ ~ summon wb:ball_intentions_third_sword ~14.621844189399333 ~20.451564313160137 ~-7.209208328484429"
        ],
        "6.699999999999992": [
          "/execute @s[tag=gj] ~ ~ ~ summon wb:ball_intentions_third_sword ~-30.31313631762039 ~20.8532197820453 ~-2.0295337583213993",
          "/execute @s[tag=gj] ~ ~ ~ summon wb:ball_intentions_third_sword ~11.716643377189087 ~20.750232469551218 ~28.11429261500183",
          "/execute @s[tag=gj] ~ ~ ~ summon wb:ball_intentions_third_sword ~-24.443578325598367 ~20.369567730911196 ~-15.737830553719455"
        ],
        "6.799999999999992": [
          "/execute @s[tag=gj] ~ ~ ~ summon wb:ball_intentions_third_sword ~-9.668594313172228 ~21.511942686070014 ~-23.08658509283051",
          "/execute @s[tag=gj] ~ ~ ~ summon wb:ball_intentions_third_sword ~-24.234081740326367 ~19.86472128905711 ~9.475490762560483",
          "/execute @s[tag=gj] ~ ~ ~ summon wb:ball_intentions_third_sword ~-5.923145299011061 ~21.173142396292484 ~16.05699957038378"
        ],
        "6.8999999999999915": [
          "/execute @s[tag=gj] ~ ~ ~ summon wb:ball_intentions_third_sword ~1.0379598998452835 ~20.958066377211274 ~-10.035848073009348",
          "/execute @s[tag=gj] ~ ~ ~ summon wb:ball_intentions_third_sword ~11.824140908388586 ~20.94988166284603 ~2.7921190872696826",
          "/execute @s[tag=gj] ~ ~ ~ summon wb:ball_intentions_third_sword ~-15.622866825186861 ~21.736349975603154 ~-0.47037742451911413"
        ],
        "6.999999999999991": [
          "/execute @s[tag=gj] ~ ~ ~ summon wb:ball_intentions_third_sword ~26.563744971804894 ~21.18669403865288 ~20.64231230014503",
          "/execute @s[tag=gj] ~ ~ ~ summon wb:ball_intentions_third_sword ~2.503419941150476 ~18.482375292935195 ~21.61623232639038",
          "/execute @s[tag=gj] ~ ~ ~ summon wb:ball_intentions_third_sword ~-6.9981435833866925 ~21.91908210660864 ~-0.5877121307293223"
        ],
        "7.099999999999991": [
          "/execute @s[tag=gj] ~ ~ ~ summon wb:ball_intentions_third_sword ~17.015733513001614 ~20.078507665546685 ~25.434856087634223",
          "/execute @s[tag=gj] ~ ~ ~ summon wb:ball_intentions_third_sword ~-5.202190738303017 ~20.772020040299132 ~28.9758430661184",
          "/execute @s[tag=gj] ~ ~ ~ summon wb:ball_intentions_third_sword ~1.8044882363128494 ~21.89021242264415 ~12.621713236572212"
        ],
        "7.19999999999999": [
          "/execute @s[tag=gj] ~ ~ ~ summon wb:ball_intentions_third_sword ~3.903964315337774 ~21.92316436063673 ~-25.805136510929557",
          "/execute @s[tag=gj] ~ ~ ~ summon wb:ball_intentions_third_sword ~-17.1729035660237 ~21.472151401620724 ~-16.159145682019457",
          "/execute @s[tag=gj] ~ ~ ~ summon wb:ball_intentions_third_sword ~-0.19534261913308626 ~18.62955784975514 ~11.203297034085146"
        ],
        "7.29999999999999": [
          "/execute @s[tag=gj] ~ ~ ~ summon wb:ball_intentions_third_sword ~-6.486200411188783 ~18.329947439115777 ~-26.963033562768032",
          "/execute @s[tag=gj] ~ ~ ~ summon wb:ball_intentions_third_sword ~6.875882416614509 ~19.61380845993034 ~-14.296710381883784",
          "/execute @s[tag=gj] ~ ~ ~ summon wb:ball_intentions_third_sword ~18.595962820953517 ~20.171605347262364 ~30.651849882383175"
        ],
        "7.39999999999999": [
          "/execute @s[tag=gj] ~ ~ ~ summon wb:ball_intentions_third_sword ~5.914764359588922 ~20.730801067988875 ~-20.826139933431186",
          "/execute @s[tag=gj] ~ ~ ~ summon wb:ball_intentions_third_sword ~-17.142826532874047 ~20.488295179646393 ~24.845678499014333",
          "/execute @s[tag=gj] ~ ~ ~ summon wb:ball_intentions_third_sword ~-5.56989080694354 ~20.527237762177215 ~31.29801897520465"
        ],
        "7.499999999999989": [
          "/execute @s[tag=gj] ~ ~ ~ summon wb:ball_intentions_third_sword ~20.01182870252935 ~21.746784118882132 ~-30.5744461868306",
          "/execute @s[tag=gj] ~ ~ ~ summon wb:ball_intentions_third_sword ~23.854922459543666 ~19.73948473639896 ~29.784558759391203",
          "/execute @s[tag=gj] ~ ~ ~ summon wb:ball_intentions_third_sword ~30.4288700193271 ~19.72478211048398 ~-4.408690057861918"
        ],
        "7.599999999999989": [
          "/execute @s[tag=gj] ~ ~ ~ summon wb:ball_intentions_third_sword ~-16.248830966047244 ~21.063610548793108 ~20.408514244016416",
          "/execute @s[tag=gj] ~ ~ ~ summon wb:ball_intentions_third_sword ~15.55231799041185 ~19.28286949127034 ~9.57461568840835",
          "/execute @s[tag=gj] ~ ~ ~ summon wb:ball_intentions_third_sword ~1.6388487046715454 ~20.72591093276007 ~-8.168241228577998"
        ],
        "7.699999999999989": [
          "/execute @s[tag=gj] ~ ~ ~ summon wb:ball_intentions_third_sword ~27.43790858791641 ~19.787042196427027 ~-29.41543403281024",
          "/execute @s[tag=gj] ~ ~ ~ summon wb:ball_intentions_third_sword ~-10.391915619756325 ~19.970917413077366 ~-4.094831483674589",
          "/execute @s[tag=gj] ~ ~ ~ summon wb:ball_intentions_third_sword ~30.638843649826306 ~20.05626254805381 ~-23.006314672839807"
        ],
        "7.799999999999988": [
          "/execute @s[tag=gj] ~ ~ ~ summon wb:ball_intentions_third_sword ~-26.32318477981314 ~20.492652449206684 ~6.008477250695314",
          "/execute @s[tag=gj] ~ ~ ~ summon wb:ball_intentions_third_sword ~-31.453996672340296 ~18.629280435516208 ~-3.78482188298954",
          "/execute @s[tag=gj] ~ ~ ~ summon wb:ball_intentions_third_sword ~26.250557309449142 ~21.42701151607255 ~-12.133952218543158"
        ],
        "7.899999999999988": [
          "/execute @s[tag=gj] ~ ~ ~ summon wb:ball_intentions_third_sword ~-3.968672594117727 ~20.78141807347339 ~19.047606236017486",
          "/execute @s[tag=gj] ~ ~ ~ summon wb:ball_intentions_third_sword ~26.336787619466968 ~18.59940256125136 ~-11.501318348226043",
          "/execute @s[tag=gj] ~ ~ ~ summon wb:ball_intentions_third_sword ~-13.329844505194394 ~18.46952614437662 ~-18.790207823584197"
        ],
        "7.999999999999988": [
          "/execute @s[tag=gj] ~ ~ ~ summon wb:ball_intentions_third_sword ~19.677516774971558 ~21.52043060795042 ~23.845909236043894",
          "/execute @s[tag=gj] ~ ~ ~ summon wb:ball_intentions_third_sword ~30.741302002523355 ~19.573944247838217 ~-20.831177702110587",
          "/execute @s[tag=gj] ~ ~ ~ summon wb:ball_intentions_third_sword ~-11.998059408034393 ~19.819270880773974 ~3.4322428666830973"
        ]
      },
      "animation_length": 8,
      "loop": true
    }
  }
}