{
    "format_version": "1.13.0",
    "minecraft:feature_rules": {
        "description": {
            "identifier": "ys:herobrine_tree_feature",
            "places_feature": "ys:herobrine_tree_feature"
        },
        "conditions": {
            "placement_pass": "surface_pass",
            "minecraft:biome_filter": {
                "all_of": [{
                        "any_of": [{
                                "test": "has_biome_tag",
                                "operator": "==",
                                "value": "overworld"
                            },
                            {
                                "test": "has_biome_tag",
                                "operator": "==",
                                "value": "overworld_generation"
                            }
                        ]
                    },
                    {
                        "test": "has_biome_tag",
                        "operator": "!=",
                        "value": "forest"
                    }
                ]
            }
        },
        "distribution": {
            "iterations": 1,
            "scatter_chance": {
                "numerator": 1,
                "denominator": 60
            },
            "x": 0,
            "y": 0,
            "z": 0
        }
    }
}