{
	"format_version": "1.13.0",
	"minecraft:feature_rules": {
		"description": {
			"identifier": "ysl:herobrine_cave_rt_feature",
			"places_feature": "ys:herobrine_cave_rt_feature"
		},
		"conditions": {
			"placement_pass": "surface_pass",
			"minecraft:biome_filter": {
				"any_of": [
					{
						"test": "has_biome_tag",
						"operator": "==",
						"value": "overworld"
					},
					{
						"test": "has_biome_tag",
						"operator": "==",
						"value": "overworld_generation"
					}
				]
			}
		},
		"distribution": {
			"iterations": 100,
			"scatter_chance": {
				"numerator": 1,
				"denominator": 2
			},
			"x": {
				"distribution": "uniform",
				"extent": [0, 15]
			},
			"y": {
				"distribution": "uniform",
				"extent": [-60, 60]
			},
			"z": {
				"distribution": "uniform",
				"extent": [0, 15]
			}
		}
	}
}