{
    "zh": {
        "maxSingleDamage": "最大单体伤害",
        "maxSecondaryDamage": "最大秒伤",
        "talentWanxiang": "万象",
        "talentChuanyun": "穿云",
        "talentChuanjia": "穿甲",
        "talentZhicai": "制裁",
        "talentFangyu": "防御",
        "talentChongneng": "充能",
        "talentChongzhuang": "重装",
        "talentYuanquan": "源泉",
        "talentTuxi": "突袭",
        "talentZaisheng": "再生",
        "talentWeizhi": "未知",
        "talentWanxiangDesc": "生命值增加 {0} 点",
        "talentChuanyunDesc": "对0 ~ 64距离远处目标造成 {0} 额外伤害，距离越近额外伤害越小",
        "talentChuanjiaDesc": "对目标造成 {0} * (自身最大生命值) 额外伤害",
        "talentZhicaiDesc": "对0 ~ 16距离远处目标造成 {0} 额外伤害，距离越远额外伤害越小",
        "talentFangyuDesc": "受到一切伤害减免 {0} ，致命伤无效",
        "talentChongnengDesc": "武器冷却回复加快 {0}",
        "talentChongzhuangDesc": "盔甲冷却回复加快 {0}",
        "talentYuanquanDesc": "法力值回复加快 {0}",
        "talentTuxiDesc": "攻击造成额外 {0} 伤害，该效果冷却10s",
        "talentZaishengDesc": "每10s为18半径内血量最少玩家回复 {0} 点血量，敌对模式下该技能不发动",
        "talentWeizhiDesc": "未知",
        "occupationEmpty": "空",
        "occupationGuard": "近卫",
        "occupationWarrior": "战士",
        "occupationAssassin": "暗杀者",
        "occupationArcher": "射手",
        "occupationWarlock": "术士",
        "occupationPriest": "牧师",
        "menuUISubtitleGonggao": "公告",
        "menuUIMsgGonggao1": "稳定版更新啦！本次更新2个活动，快去看看吧！",
        "menuUISubtitleHuodong": "活动",
        "menuUISubtitleBanben": "版本",
        "menuUIMsgBanben1": "版本信息",
        "menuUIMsgBanben2": "当前Addon版本: ",
        "menuUIMsgBanben3": "补丁包信息请到以下链接查看：",
        "menuUIMsgBanben4": "版本须知",
        "menuUIMsgBanben6": "致谢名单",
        "menuUIMsgBanben5": "冬诗可能存在卡顿现象，因此我们建议您先输入/tag @s add owner，再前往菜单设置中，打开实体清理选项。如果您担心重要实体被清，请不要开启。",
        "menuUIMsgBailan1": "主页",
        "menuUIMsgBailan2": "宣传赢好礼",
        "menuUIMsgBailan3": "本作品是耗时三年制作的大型模组，但奈何并无人气，我们决定举办本活动",
        "menuUIMsgBailan4": "征稿活动：",
        "menuUIMsgBailan5": "版本",
        "menuUIMsgBailan6": "最终用户许可协议",
        "menuUIMsgBailan7": "为什么无法召唤BOSS",
        "menuUIMsgBailan8": "现在部分boss有专属的召唤者方块了。在他们的群系中，概率生成BOSS建筑，建筑内有召唤者方块。使用 钥匙 类物品点击即可召唤boss。对于未激活的召唤者方块，使用特定物品可以再次激活。如果找不到特定建筑，说明脸黑。请在特定的群系找。",
        "menuUIMsgBailan9": "为什么那么卡",
        "menuUIMsgBailan10": "卡顿多半是因为实体过多导致的。请尝试在 管理 界面（只有带有owner tag的玩家才能进入）打开实体清理功能，并调整最低保留实体数。建议350，配置好就往上调，配置差就往下调。",
        "menuUIMsgBailan11": "如何升级、天赋点数怎么获得",
        "menuUIMsgBailan12": "可以通过升级台挂机，以及在线时间来升级。升级可获得点数。",
        "menuUIMsgBailan13": "个人",
        "menuUIMsgBailan14": "信息",
        "menuUIMsgBailan15": "是",
        "menuUIMsgBailan16": "否",
        "menuUIMsgBailan17": "是",
        "menuUIMsgBailan18": "否",
        "menuUIMsgBailan19": "加成",
        "menuUIMsgBailan20": "等级效果",
        "menuUIMsgBailan21": "到达一定等级可以获得药水增益",
        "menuUIMsgBailan22": "等级效果 开",
        "menuUIMsgBailan23": "粒子效果",
        "menuUIMsgBailan24": "可以通过合成相应的药水来获得粒子，用腻了再来这里取消",
        "menuUIMsgBailan25": "去除火焰",
        "menuUIMsgBailan26": "去除光环",
        "menuUIMsgBailan27": "去除符文",
        "menuUIMsgBailan28": "去除爱心",
        "menuUIMsgBailan29": "天赋",
        "menuUIMsgBailan30": "剩余可使用点数 ： ",
        "menuUIMsgBailan31": "选择你的职业",
        "menuUIMsgBailan32": "传送点",
        "menuUIMsgBailan33": "传送点记录",
        "menuUIMsgBailan34": "传送点：",
        "menuUIMsgBailan35": "前往点：",
        "menuUIMsgBailan36": "§b背包无传送石，传送失败",
        "menuUIMsgBailan37": "§b传送成功",
        "menuUIMsgBailan38": "备注点：",
        "menuUIMsgBailan39": "输入备注",
        "menuUIMsgBailan40": "删除点：",
        "menuUIMsgBailan41": "记录当前点",
        "menuUIMsgBailan42": "禁止记录传送点",
        "menuUIMsgBailan43": "死亡点：",
        "menuUIMsgBailan44": "前往点",
        "menuUIMsgBailan45": "禁止死亡回溯",
        "menuUIMsgBailan46": "交往",
        "menuUIMsgBailan47": "交往设置",
        "menuUIMsgBailan48": "敌对模式",
        "menuUIMsgBailan49": "在敌对模式下，你可以攻击任何玩家，名字显示为红色；在友好模式下你无法攻击处于 友好模式 的玩家，名字显示为绿色。",
        "menuUIMsgBailan50": "即：如果一个玩家名字是绿色，那么他是无威胁的；如果他开了红，那么他可能有攻击倾向。",
        "menuUIMsgBailan51": "友好模式",
        "menuUIMsgBailan52": "敌对模式",
        "menuUIMsgBailan53": "传送",
        "menuUIMsgBailan54": "不允许使用传送",
        "menuUIMsgBailan55": "传送至",
        "menuUIMsgBailan56": "§b背包无传送石，传送失败",
        "menuUIMsgBailan57": "§b你向对方发起了请求",
        "menuUIMsgBailan58": "传送请求",
        "menuUIMsgBailan59": "是",
        "menuUIMsgBailan60": "§b传送成功",
        "menuUIMsgBailan61": "§b传送成功",
        "menuUIMsgBailan62": "否",
        "menuUIMsgBailan63": "§b对方拒绝了你的请求",
        "menuUIMsgBailan64": "§b你拒绝了对方的请求",
        "menuUIMsgBailan65": "邀请传送到你的位置",
        "menuUIMsgBailan66": "§b背包无传送石，传送失败",
        "menuUIMsgBailan67": "§b你向对方发起了邀请",
        "menuUIMsgBailan68": "传送请求",
        "menuUIMsgBailan69": "是",
        "menuUIMsgBailan70": "§b传送成功",
        "menuUIMsgBailan71": "§b传送成功",
        "menuUIMsgBailan72": "否",
        "menuUIMsgBailan73": "§b对方拒绝了你的邀请",
        "menuUIMsgBailan74": "§b你拒绝了对方的邀请",
        "menuUIMsgBailan75": "设置",
        "menuUIMsgBailan76": "管理",
        "menuUIMsgBailan77": "游戏内容",
        "menuUIMsgBailan78": "玩家传送",
        "menuUIMsgBailan79": "任何传送需要传送石",
        "menuUIMsgBailan80": "开启实体清理",
        "menuUIMsgBailan81": "开启死亡点回溯",
        "menuUIMsgBailan82": "允许记录传送点",
        "menuUIMsgBailan83": "无权限访问此页面。如果你是 op ，请输入/tag @s add owner 来获取管理权限",
        "menuUIMsgBailan84": "高级设置",
        "menuUIMsgBailan85": "实体清理设置",
        "menuUIMsgBailan86": "开启实体清理",
        "menuUIMsgBailan87": "保留实体数(最低实体数)",
        "menuUIMsgBailan88": "清理灵敏度(瞬时卡顿处理)",
        "menuUIMsgBailan89": "清理频次(长期清理强度)",
        "menuUIMsgBailan90": "无权限访问此页面。如果你是 op ，请输入/tag @s add owner 来获取管理权限",
        "menuUIMsgBailan91": "保留实体数(最低实体数)",
        "menuUIMsgBailan92": "清理灵敏度(瞬时卡顿处理)",
        "menuUIMsgBailan93": "清理频次(长期清理强度)",
        "menuUIMsgBailan94": "玩家ID",
        "menuUIMsgBailan95": "玩家等级",
        "menuUIMsgBailan96": "法力值",
        "menuUIMsgBailan97": "武器技能冷却",
        "menuUIMsgBailan98": "盔甲技能冷却",
        "menuUIMsgBailan99": "友好模式是否开启",
        "menuUIMsgBailan100": "等级加成是否开启",
        "menuUIMsgBailan101": "个人设置",
        "menuUIMsgBailan102": "语言选择",
        "menuUIMsgBailan103": "向作者提问",
        "menuUIMsgBailan104": "你可以通过qq联系，Bilibili联系（找作者很容易的）LiLeyi 和 aa剑侠"
    },
    "en": {
        "maxSingleDamage": "Maximum monomer damage",
        "maxSecondaryDamage": "Maximum second injury",
        "talentWanxiang": "Juvenation",
        "talentChuanyun": "Precision",
        "talentChuanjia": "Bloodrage",
        "talentZhicai": "Overheat",
        "talentFangyu": "DamageAbsorption",
        "talentChongneng": "WeaponRecharge",
        "talentChongzhuang": "ArmorRecharge",
        "talentYuanquan": "MagicRecharge",
        "talentTuxi": "Frenzy",
        "talentZaisheng": "Regeneration",
        "talentWeizhi": "unknown",
        "talentWanxiangDesc": "HP increases {0}",
        "talentChuanyunDesc": "Deal {0} extra damage to targets within 0-64 blocks",
        "talentChuanjiaDesc": "Deal extra damage ({0} * your HP) to targets",
        "talentZhicaiDesc": "Deal {0} extra damage to targets within 0-16 blocks, the closer the distance, the higher the damage.",
        "talentFangyuDesc": "Absorb {0} of the damage.",
        "talentChongnengDesc": "Reduce {0} of your weapon's CD",
        "talentChongzhuangDesc": "Reduce {0} of your armor's CD",
        "talentYuanquanDesc": "Mana recharge speed up {0}",
        "talentTuxiDesc": "Deal {0} extra damage to targets. CD: 10s",
        "talentZaishengDesc": "Cure the players {0} HP around you every 10s, this talent is invalid when you are in hostile mode",
        "talentWeizhiDesc": "unknown",
        "occupationEmpty": "null",
        "occupationGuard": "Guard",
        "occupationWarrior": "warrior",
        "occupationAssassin": "Assassin",
        "occupationArcher": "Archer",
        "occupationWarlock": "Warlock",
        "occupationPriest": "Priest",
        "menuUISubtitleGonggao": "announcement",
        "menuUIMsgGonggao1": "Our new update is out, Let's take a look!",
        "menuUISubtitleHuodong": "Activity",
        "menuUISubtitleBanben": "Version",
        "menuUIMsgBanben1": "Version Information",
        "menuUIMsgBanben2": "Basic information",
        "menuUIMsgBanben3": "Addon's version: 1.6.32, more info about the addon:",
        "menuUIMsgBanben4": "Edition notice",
        "menuUIMsgBanben6": "Thanks list",
        "menuUIMsgBanben5": "Winter poetry may have a stuttering phenomenon, so we recommend that you first enter/tag @s add owner, then go to the menu settings to open the entity cleanup option.If you are worried that the important entity will be cleared, please don't open it.",
        "menuUIMsgBailan1": "Homepage",
        "menuUIMsgBailan2": "Propaganda and winning gifts",
        "menuUIMsgBailan3": "This work is a large module made for three years, but it is no popular, we decided to host this event",
        "menuUIMsgBailan4": "Payment activity:",
        "menuUIMsgBailan5": "Version",
        "menuUIMsgBailan6": "End User License Agreement",
        "menuUIMsgBailan7": "How to summon the bosses?",
        "menuUIMsgBailan8": "Now some of the bosses have their own summon blocks, in some biomes, there will be structures with summon blocks inside. With different items, you can unlock the block to summon the boss. It may takes you a long time to find these summon blocks, good luck!",
        "menuUIMsgBailan9": "Why it is so laggy?",
        "menuUIMsgBailan10": "Too many mobs may cause the problem, you can go to the Manage page to opem the 'Mob Cleanup'.(Only players with owner tag can visit the Manage page)",
        "menuUIMsgBailan11": "How can I upgrade?",
        "menuUIMsgBailan12": "You can upgrade your level through the level up table, and you can get some talent points to upgrade your talents when your level is up.",
        "menuUIMsgBailan13": "personal",
        "menuUIMsgBailan14": "information",
        "menuUIMsgBailan15": "Yes",
        "menuUIMsgBailan16": "no",
        "menuUIMsgBailan17": "Yes",
        "menuUIMsgBailan18": "no",
        "menuUIMsgBailan19": "addition",
        "menuUIMsgBailan20": "Level effect",
        "menuUIMsgBailan21": "You can get some powerful buffs when you reach some special levels.",
        "menuUIMsgBailan22": "Level effect",
        "menuUIMsgBailan23": "Particles",
        "menuUIMsgBailan24": "You can craft special potions to get particles, remove them here if you don't like it.",
        "menuUIMsgBailan25": "Remove flame particle",
        "menuUIMsgBailan26": "Remove halo particle",
        "menuUIMsgBailan27": "Remove rune particle",
        "menuUIMsgBailan28": "Remove love particle",
        "menuUIMsgBailan29": "talent",
        "menuUIMsgBailan30": "Talent points:",
        "menuUIMsgBailan31": "Choose your career",
        "menuUIMsgBailan32": "Transmission point",
        "menuUIMsgBailan33": "Transfer point record",
        "menuUIMsgBailan34": "Transfer point:",
        "menuUIMsgBailan35": "Go to point:",
        "menuUIMsgBailan36": "§bbackpack without transmission stones, transmission failed",
        "menuUIMsgBailan37": "§bsuccessful transmission",
        "menuUIMsgBailan38": "Remarks:",
        "menuUIMsgBailan39": "Enter remarks",
        "menuUIMsgBailan40": "Delete point:",
        "menuUIMsgBailan41": "Record the current point",
        "menuUIMsgBailan42": "Forbidden record transmission point",
        "menuUIMsgBailan43": "Death point:",
        "menuUIMsgBailan44": "Go to the point",
        "menuUIMsgBailan45": "Destroy retrospective",
        "menuUIMsgBailan46": "Exchanges",
        "menuUIMsgBailan47": "Associated settings",
        "menuUIMsgBailan48": "Hostile mode",
        "menuUIMsgBailan49": "When you are in hostile mode, you can attack other players and your name will turn into red. When you are in friendly mode, you can't attack other players and your name will turn into green.",
        "menuUIMsgBailan50": "That is, if a player's name is green, then he is not threatened; if he starts red, then he may have a tendency to attack.",
        "menuUIMsgBailan51": "Friendly mode",
        "menuUIMsgBailan52": "Hostile mode",
        "menuUIMsgBailan53": "Teleport",
        "menuUIMsgBailan54": "transmission not allowed",
        "menuUIMsgBailan55": "Teleport to",
        "menuUIMsgBailan56": "§bbackpack without transmission stones, transmission failed",
        "menuUIMsgBailan57": "§byou initiated a request to the other party",
        "menuUIMsgBailan58": "Transmission request",
        "menuUIMsgBailan59": "Yes",
        "menuUIMsgBailan60": "§bsuccessful transmission",
        "menuUIMsgBailan61": "§bsuccessful transmission",
        "menuUIMsgBailan62": "no",
        "menuUIMsgBailan63": "§bthe other party rejected your request",
        "menuUIMsgBailan64": "§byou reject the other party's request",
        "menuUIMsgBailan65": "Invite the player to teleport to your position",
        "menuUIMsgBailan66": "§bbackpack without transmission stones, transmission failed",
        "menuUIMsgBailan67": "§byou initiated an invitation to the other party",
        "menuUIMsgBailan68": "Transmission request",
        "menuUIMsgBailan69": "Yes",
        "menuUIMsgBailan70": "§bsuccessful transmission",
        "menuUIMsgBailan71": "§bsuccessful transmission",
        "menuUIMsgBailan72": "no",
        "menuUIMsgBailan73": "§bthe target player rejected your invitation",
        "menuUIMsgBailan74": "§byou rejected the invitation.",
        "menuUIMsgBailan75": "set up",
        "menuUIMsgBailan76": "manage",
        "menuUIMsgBailan77": "Game content",
        "menuUIMsgBailan78": "Player transmission",
        "menuUIMsgBailan79": "Any transmission requires transmission stone",
        "menuUIMsgBailan80": "Open the entity cleanup",
        "menuUIMsgBailan81": "Starting the death point back",
        "menuUIMsgBailan82": "Allow record transmission point",
        "menuUIMsgBailan83": "Access to this page without permissions.If you are OP, enter/tag @s add owner to obtain management permissions",
        "menuUIMsgBailan84": "advanced settings",
        "menuUIMsgBailan85": "Sport cleaning settings",
        "menuUIMsgBailan86": "Open the entity cleanup",
        "menuUIMsgBailan87": "Reserve the number of entities (minimum entity)",
        "menuUIMsgBailan88": "Clean up sensitivity (instantaneous stuck processing)",
        "menuUIMsgBailan89": "Cleaning frequency (long -term cleaning intensity)",
        "menuUIMsgBailan90": "Access to this page without permissions.If you are OP, enter/tag @s add owner to obtain management permissions",
        "menuUIMsgBailan91": "Reserve the number of entities (minimum entity)",
        "menuUIMsgBailan92": "Clean up sensitivity (instantaneous stuck processing)",
        "menuUIMsgBailan93": "Cleaning frequency (long -term cleaning intensity)",
        "menuUIMsgBailan94": "Player ID",
        "menuUIMsgBailan95": "Player level",
        "menuUIMsgBailan96": "Mana",
        "menuUIMsgBailan97": "Weapon skill cooling",
        "menuUIMsgBailan98": "Armor skills cooling",
        "menuUIMsgBailan99": "Whether the friendly mode is opened",
        "menuUIMsgBailan100": "Whether the level bonus is turned on",
        "menuUIMsgBailan101": "Personal settings",
        "menuUIMsgBailan102": "language selection",
        "menuUIMsgBailan103": "How can I contact the creator?",
        "menuUIMsgBailan104": "Twitter: @le_lyii or @EAT_YOUR_PANTS      (issues)Github: https://github.com/AAswordman/ThePoetryOfWinter"
    }
}