{
    "dependencies": [

    ],
    "format_version": 1,
    "header": {
        "description": "",
        "name": "behavior_pack",
        "uuid": "14d45c5c-124f-4a6e-8604-103cbec41e73",
        "version": [
            0,
            0,
            1
        ]
    },
    "modules": [
        {
            "description": "",
            "type": "data",
            "uuid": "696d4227-7fdb-4042-8f6e-88be14581d0f",
            "version": [
                0,
                0,
                1
            ]
        }
    ]
}