{
  "format_version": "1.8.0",
  "minecraft:entity": {
    "description": {
      "identifier": "wb:ball_ancient_stonec",
      "is_spawnable": false,
      "is_summonable": true,
      "is_experimental": false,
      "runtime_identifier": "minecraft:snowball"
    },
    "components": {
      "minecraft:explode": {
        "fuseLength": 4,
        "fuseLit": true,
        "breaks_blocks": false,
        "power": 0,
        "destroyAffectedByGriefing": true
      },
      "minecraft:collision_box": {
        "width": 0.8,
        "height": 0.8
      },
      "minecraft:scale": {
        "value": 0.5
      },
      "minecraft:projectile": {
        "onHit": {
          "impact_damage": {
            "damage": 28,
            "knockback": true,
            "catchFire": false,
            "semirandomdiffdamage": false
          },
          "remove_on_hit": {}
        },
        "power": 1.2,
        "gravity": 0,
        "inertia": 1,
        "anchor": 2,
        "offset": [0,1,0],
        "semirandomdiffdamage": false,
        "uncertaintyBase": 0,
        "reflectOnHurt": true
      },
      "minecraft:physics": {}
    }
  }
}