{
  "format_version": "1.11.0",
  "minecraft:entity": {
    "description": {
      "identifier": "wb:array_intentions_thirda",
      "is_spawnable": false,
      "is_summonable": true,
      "is_experimental": false
          },
    "components": {
         
        "minecraft:damage_sensor": [
        {
          "cause": "all",
          "deals_damage": false
        }
      ],
       "minecraft:knockback_resistance": {
        "value": 1.0
      },
        "minecraft:explode": {
     "fuseLength": 20,
     "fuseLit": true,
     "breaks_blocks":false,
     "power":0,
     "destroyAffectedByGriefing": true
    },
      "minecraft:fire_immune": true,
      "minecraft:type_family": {
        "family": [ "moster","intentions"]
      },
      "minecraft:scale":{
      	"value":0.5
      },
      "minecraft:collision_box": {
        "width": 0.1,
        "height": 0.1
      },
      "minecraft:health": {
        "value": 1100,
        "max": 1100
      },
      "minecraft:movement": {
        "value": 0.0
      },
      "minecraft:navigation.walk": {
      },
      "minecraft:movement.basic": {
        
      },
      "minecraft:jump.static": {
      },
      "minecraft:can_climb": {
      },
      "minecraft:behavior.random_stroll": {
        "priority": 6,
        "speed_multiplier": 1,
        "xz_dist": 16
      },
      "minecraft:behavior.look_at_player": {
        "priority": 7,
        "look_distance": 6.0,
        "probability": 0.02
      },
      "minecraft:behavior.random_look_around": {
        "priority": 8
      },
      "minecraft:behavior.hurt_by_target": {
        "priority": 2
      },
      "minecraft:physics": {
      },
      "minecraft:follow_range": {
        "value": 64
      }
    }
  }
}