{
  "format_version": "1.8.0",
  "minecraft:client_entity": {
    "description": {
      "identifier": "dec:ghost_wooden_staff",
      
      "materials": {
        "default": "zombie"
      },
      "textures": {
        "default": "textures/entity/ghost_wooden_staff"
      },
      "geometry": {
        "default": "geometry.wooden_staff"
      },
      "spawn_egg": {
        "base_color": "#894B10",
        "overlay_color": "#DB771A"
      },
      "scripts": {
        "scale": "1"
      },
      "render_controllers": [ "controller.render.sword" ],
      "enable_attachables": true
    }
  }
}
