{
	"format_version" : "1.8.0",
	"animations" : {
	    "animation.werewolf.move" : {
			"loop" : true,
			"bones" : {
				"leftarm" : {
					"rotation" : [ "variable.tcos0 * 0.8", 0.0, 0.0 ]
				},
				"leftleg" : {
					"rotation" : [ "variable.tcos0 * -1.5", 0.0, 0.0 ]
				},
				"rightarm" : {
					"rotation" : [ "variable.tcos0 * 0.8", 0.0, 0.0 ]
				},
				"rightleg" : {
					"rotation" : [ "variable.tcos0 * 1.5", 0.0, 0.0 ]
				}
			}
		},
	    "animation.werewolf.base_pose" : {
			"loop" : true,
			"bones" : {
			    "waist" : {
					"rotation" : [ 40, 0.0, 0.0 ]
				},
				"rightleg" : {
					"rotation" : [ 10, 0.0, 0.0 ],
					"scale" : 1.2
				},
				"leftleg" : {
					"rotation" : [ 10, 0.0, 0.0 ],
					"scale" : 1.2
				},
				"rightarm" : {
					"rotation" : [ -30.0, 0.0, 0.0 ],
					"scale" : 1.3
				},
				"leftarm" : {
					"rotation" : [ -30.0, 0.0, 0.0 ],
					"scale" : 1.3
				}
			}
		},
		"animation.werewolf.attack0" : {
			"loop" : true,
			"bones" : {
			    "waist" : {
					"rotation" : [ 5.0, 0.0, 0.0 ]
				},
				"rightarm" : {
					"rotation" : [ -100.0, 0.0, 0.0 ]
				},
				"leftarm" : {
					"rotation" : [ -100.0, 0.0, 0.0 ]
				}
			}
		},
		"animation.werewolf.attack" : {
			"loop" : true,
			"bones" : {
				"rightarm" : {
					"rotation" : [ "variable.attack_time * 50", 0.0, 0.0 ]
				},
				"leftarm" : {
					"rotation" : [ "variable.attack_time * 50", 0.0, 0.0 ]
				}
			}
		}
	}
}
