{
  "format_version": "1.10.0",
  "minecraft:client_entity": {
    "description": {
      "identifier": "dec:angry_chicken",
      "materials": {
        "default": "chicken",
        "legs": "chicken_legs"
      },
      "textures": {
        "default": "textures/entity/angry_chicken"
      },
      "geometry": {
        "default": "geometry.chicken"
      },
      "animations": {
        "move": "animation.chicken.move",
        "general": "animation.chicken.general.v1.0",
        "look_at_target": "animation.common.look_at_target",
        "baby_transform": "animation.chicken.baby_transform"
      },
      "scripts": {
        "animate": [
          "general",
          { "move": "query.modified_move_speed" },
          "look_at_target",
          { "baby_transform": "query.is_baby" }
        ]
      },
      "render_controllers": [ "controller.render.chicken" ]
    }
  }
}
