{"format_version":"1.8.0","animation_controllers":{"controller.animation.wb_magic_spider_a":{"states":{"default":{"transitions":[{"lttizolfhayk":"query.variant == 8"},{"eykijhzyzexn":"query.variant == 6"},{"qdcuzkdajhzj":"query.variant == 4"},{"abljlygwrwxr":"query.variant == 2"},{"oo":"query.variant == 1000"},{"pblobfrexyeo":"query.variant == 1"},{"hocsivctfjet":"query.variant == 3"},{"dkvykitockrv":"query.variant == 5"},{"wadueegdnwqz":"query.variant == 7"},{"cojbhtwdcicf":"query.variant == 9"}]},"oo":{"transitions":[{"default":"!query.variant != 1000"}]},"pblobfrexyeo":{"transitions":[{"default":"query.variant != 1"}],"on_entry":["/tellraw @a[r=14] {\"rawtext\":[{\"text\":\"[魔化蜘蛛]…\"}]}"]},"abljlygwrwxr":{"transitions":[{"default":"query.variant != 2"}],"on_entry":["/tellraw @a[r=14] {\"rawtext\":[{\"text\":\"[魔化蜘蛛]...\"}]}"]},"hocsivctfjet":{"transitions":[{"default":"query.variant != 3"}],"on_entry":["/tellraw @a[r=14] {\"rawtext\":[{\"text\":\"[魔化蜘蛛...\"}]}"]},"qdcuzkdajhzj":{"transitions":[{"default":"query.variant != 4"}],"on_entry":["/tellraw @a[r=14] {\"rawtext\":[{\"text\":\"[魔化蜘蛛]……\"}]}"]},"dkvykitockrv":{"transitions":[{"default":"query.variant != 5"}],"on_entry":["/tellraw @a[r=14] {\"rawtext\":[{\"text\":\"[魔化蜘蛛]……\"}]}"]},"eykijhzyzexn":{"transitions":[{"default":"query.variant != 6"}],"on_entry":["/tellraw @a[r=14] {\"rawtext\":[{\"text\":\"[魔化蜘蛛]……\"}]}"]},"wadueegdnwqz":{"transitions":[{"default":"query.variant != 7"}],"on_entry":["/tellraw @a[r=14] {\"rawtext\":[{\"text\":\"[魔化蜘蛛]……\"}]}"]},"lttizolfhayk":{"transitions":[{"default":"query.variant != 8"}],"on_entry":["/tellraw @a[r=14] {\"rawtext\":[{\"text\":\"[魔化蜘蛛]......\"}]}"]},"cojbhtwdcicf":{"transitions":[{"default":"query.variant != 9"}],"on_entry":["/tellraw @a[r=14] {\"rawtext\":[{\"text\":\"§a魔化蜘蛛 逃跑了！\n地上掉下了一张纸，赶紧捡起来看看。\"}]}"]}}}}}