{
  "format_version": "1.10.0",
  "minecraft:client_entity": {
    "description": {
      "identifier": "takile:havoc_baby_egg",
      "materials": {
        "default": "skeleton"
      },
      "textures": {
        "default": "textures/entity/havoc_baby_egg"
      },
      "geometry": {
        "default": "geometry.havoc_baby_egg"
      },
      "scripts": {
        "animate": [
          "base", "par"
        ]
      },
      "animations": {
        "base": "animation.havoc_baby_egg",
        "par": "controller.animation.havoc.egg"
      },
      "particle_effects": {
        "spell": "takile:havoc_baby_egg_par"
      },
      "render_controllers": ["controller.render.base.base"],
      "spawn_egg": {
        "texture": "havoc_baby_egg",
        "texture_index": 0
      }
    }
  }
}