{
  "format_version": "1.8.0",
  "minecraft:client_entity": {
    "description": {
      "identifier": "wb:ball_staff_burna",
      "materials": { 
          "default": "skeleton",
          "roaring":"wbarmor"
      },
      "textures": { 
          "default": "textures/wb/1_x/spell_fire",
          "roaring":"textures/wb/3_x/ball_staff"
      },
      "geometry": { 
          "default": "geometry.spell_fire",
          "roaring":"geometry.block_ballxb"
      },
      "animations": {
        "roaring":"animation.border_fugitive.roaring"
      },
      "animation_controllers": [
        { "roaring":"controller.animation.base.roaring" }
      ],
      "render_controllers": [ "controller.render.base","controller.render.border_fugitive_armorb"]
    }
  }
}
