{
  "format_version": "1.8.0",
  "minecraft:entity": {
    "description": {
      "identifier": "wb:spell_fire",
      "is_spawnable": true,
      "is_summonable": true,
      "is_experimental": false
    },

    "components": {
    	"minecraft:scale":{
    		"value":2.2
    	},
    	   "minecraft:knockback_resistance": {
        "value": 1.0
      },
   	"minecraft:behavior.summon_entity": {
        "priority": 0,
        "summon_choices": [
          {
            "min_activation_range": 0.0,
            "weight": 2,
            "cooldown_time": 0,
            "cast_duration": 0.1,
            "particle_color": "#FF664D59",
            "sequence": [
              {
                "shape": "circle",
                "target": "self",
                "base_delay": 0.02,
                "delay_per_summon": 0.1,
                "num_entities_spawned": 1,
                "entity_type": "minecraft:fireball",
                "size": 1,
                "entity_lifespan": 1.1,
                "sound_event": "prepare.attack"
              },
              {
                "shape": "circle",
                "target": "self",
                "base_delay": 0.02,
                "delay_per_summon": 0.1,
                "num_entities_spawned": 5,
                "entity_type": "minecraft:fireball",
                "size": 2,
                "entity_lifespan": 1.1,
                "sound_event": "prepare.attack"
              },
               {
                "shape": "circle",
                "target": "self",
                "base_delay": 0.02,
                "delay_per_summon": 0.0,
                "num_entities_spawned": 15,
                "entity_type": "minecraft:fireball",
                "size": 3,
                "entity_lifespan": 1.1,
                "sound_event": "prepare.attack"
              }
            ]
          }
        ]
      },
       "minecraft:explode": {
     "fuseLength": 5,
     "fuseLit": true,
     "power": 0,
     "causesFire": true,
     "fireAffectedByGriefing": true,
     "destroyAffectedByGriefing": true
    },
    	"minecraft:behavior.nearest_attackable_target": {
        "priority": 2,
        "within_radius": 25,
        "reselect_targets": true,
        "entity_types": [
          {
            "filters": {
              "any_of": [
                { "test": "is_family","operator":"!=","subject": "other", "value": "permanent" }
              ]
            },
            "max_dist": 35
          }
        ],
        "must_see": true,
        "must_see_forget_duration": 17.0
      },
      "minecraft:type_family": {
        "family": [ "fire"]
      },
      "minecraft:breathable": {
        "totalSupply": 15,
        "suffocateTime": 0
      },
      "minecraft:navigation.walk": {
        "can_path_over_water": true,
        "avoid_water": true,
        "avoid_damage_blocks": true
      },
      "minecraft:movement.basic": {

      },
      "minecraft:jump.static": {
      },
      "minecraft:can_climb": {
      },
      "minecraft:collision_box": {
        "width": 0.1,
        "height": 0.1
      },
      "minecraft:nameable": {
      },
      "minecraft:health": {
        "value": 500,
        "max": 500
      },
      "minecraft:movement": {
        "value": 0.0
      },
      "minecraft:behavior.float": {
        "priority": 0
      },
      "minecraft:behavior.random_stroll": {
        "priority": 6,
        "speed_multiplier": 0.8
      },
      "minecraft:behavior.look_at_player": {
        "priority": 7,
        "look_distance": 6.0,
        "probability": 0.02
      },
      "minecraft:behavior.random_look_around": {
        "priority": 9
      },
      "minecraft:balloonable": {
      },
      "minecraft:physics": {
      }
    }
  }
}
