{
  "format_version": "1.8.0",
  "minecraft:entity": {
    "description": {
      "identifier": "wb:block_stone_division",
      "is_spawnable": false,
      "is_summonable": true,
      "is_experimental": false,
      "runtime_identifier": "minecraft:snowball"
    },

    "component_groups": {
      "minecraft:exploding": {
        "minecraft:spawn_entity": [{
          "min_wait_time": 0.0,
          "max_wait_time": 0.0,
          "spawn_entity": "wb:small_block_ball",
          "num_to_spawn": 10,
          "single_use": true
        }],
        "minecraft:explode": {
          "fuseLength": 0.0,
          "fuseLit": true,
          "breaks_blocks": false,
          "power": 3,
          "causesFire": true,
          "fireAffectedByGriefing": true,
          "destroyAffectedByGriefing": true
        }
      }
    },

    "components": {
      "minecraft:explode": {
        "fuseLength": 5,
        "fuseLit": true,
        "power": 0,
        "causesFire": true,
        "fireAffectedByGriefing": true,
        "destroyAffectedByGriefing": true
      },
      "minecraft:physics": {},
      "minecraft:collision_box": {
        "width": 0.5,
        "height": 0.5
      },
      "minecraft:projectile": {

        "onHit": {
          "definition_event": {
            "affectProjectile": true,
            "eventTrigger": {
              "event": "minecraft:explode",
              "target": "self"
            }
          }
        },
        "power": 0.8,
        "gravity": 0.00,
        "inertia": 1,
        "uncertaintyBase": 0,
        "uncertaintyMultiplier": 0,
        "anchor": 1,
        "reflectOnHurt": true,
        "catchFire": true
      }
    },
    "events": {
      "minecraft:explode": {
        "add": {
          "component_groups": [
            "minecraft:exploding"
          ]
        }
      }
    }
  }
}