{
	"format_version": "1.8.0",
	"animations": {
		"animation.crab.move": {
			"loop": true,
			"animation_length": 0.52,
			"bones": {
				"bone9": {
					"rotation": {
						"0.0": [-35, 0, 0],
						"0.2833": [5, 0, 0],
						"0.5167": [-35, 0, 0]
					}
				},
				"bone10": {
					"rotation": {
						"0.0": [20, 0, 0],
						"0.2833": [-30, 0, 0],
						"0.5167": [20, 0, 0]
					}
				},
				"bone11": {
					"rotation": {
						"0.0": [-25, 0, 0],
						"0.2833": [5, 0, 0],
						"0.5167": [-25, 0, 0]
					}
				},
				"bone12": {
					"rotation": {
						"0.0": [-20, 0, 0],
						"0.2833": [30, 0, 0],
						"0.5167": [-20, 0, 0]
					}
				},
				"bone13": {
					"rotation": {
						"0.0": [20, 0, 0],
						"0.2833": [-35, 0, 0],
						"0.5167": [20, 0, 0]
					}
				},
				"bone14": {
					"rotation": {
						"0.0": [-30, 0, 0],
						"0.2833": [25, 0, 0],
						"0.5167": [-30, 0, 0]
					}
				}
			}
		}
	}
}