{
	"format_version": "1.8.0",
	"animations": {
		"animation.mushroom_monster.move": {
			"loop": true,
			"animation_length": 0.56,
			"bones": {
				"body": {
					"scale": {
						"0.0": [1, 1, 1],
						"0.28": [1, 0.8, 1],
						"0.56": [1, 1, 1]
					}
				},
				"head": {
					"position": {
						"0.0": [0, 0, 0],
						"0.28": [0, -1, 0],
						"0.56": [0, 0, 0]
					},
					"scale": {
						"0.0": [1, 1, 1],
						"0.28": [1, 1, 1],
						"0.56": [1, 1, 1]
					}
				}
			}
		}
	}
}