{
  "format_version": "1.8.0",
  "minecraft:entity": {
    "description": {
      "identifier": "wb:ball_fly",
      "is_spawnable": false,
      "is_summonable": true,
      "is_experimental": false,
      "runtime_identifier": "minecraft:snowball"
    },
    "components": {
      "minecraft:explode": {
        "fuseLength": 1,
        "fuseLit": true,
        "power": 0,
        "causesFire": false,
        "fireAffectedByGriefing": true,
        "destroyAffectedByGriefing": true
      },
      "minecraft:collision_box": {
        "width": 0.18,
        "height": 0.18
      },
      "minecraft:projectile": {
        "onHit": {
          "impact_damage": {
            "damage": 60,
            "knockback": false,
            "catchFire": false,
            "semirandomdiffdamage": false
          },
          "remove_on_hit": {}
        },
        "power": 1.7,
        "gravity": 0,
        "inertia": 1,
        "anchor": 2,
        "offset": [0,0,0],
        "semirandomdiffdamage": false,
        "uncertaintyBase": 0,
        "reflectOnHurt": true
      },
      "minecraft:physics": {}
    }
  }
}