{
  "format_version": "1.8.0",
  "minecraft:client_entity": {
    "description": {
      "identifier": "wb:ball_intentions_seconda",
      "materials": { "default": "skeleton" },
      "textures": {
        "default": "textures/wb/5_x/ball_intentions_firstb"
      },
      "particle_effects": {
        "flame": "wb:intentions_second_para"
      },
      "animations":{
          "par":"animation.ball_border_fugitivea.par"
      },
      "animation_controllers": [
        { "par": "controller.animation.base.par" }
      ],
      "geometry": {
        "default": "geometry.ball_staff_light"
      },
      "render_controllers": [ "controller.render.base" ]
    }
  }
}