{
  "format_version": "1.8.0", 
  "animations": {
      "animation.wood_armor": {
        "timeline": {
            "7": [
                "/scoreboard players add @s[scores={wbfl=..15}] wbfl 5",
                "/execute @s[scores={wbfl=..15}] ~ ~ ~ particle dec:wood_armor_magic_increase_particle ~~~"
            ],
            "17": [
                "/scoreboard players add @s[scores={wbfl=..15}] wbfl 5",
                "/execute @s[scores={wbfl=..15}] ~ ~ ~ particle dec:wood_armor_magic_increase_particle ~~~"
            ]
        }, 
        "animation_length": 20, 
        "loop": true
      }
   }
}