{"5_137":"https://bbs.aurora-sky.top/static/image/smiley/Emotion/31.png","5_138":"https://bbs.aurora-sky.top/static/image/smiley/Emotion/6.png","5_139":"https://bbs.aurora-sky.top/static/image/smiley/Emotion/3.png","5_140":"https://bbs.aurora-sky.top/static/image/smiley/Emotion/22.png","5_141":"https://bbs.aurora-sky.top/static/image/smiley/Emotion/32.png","5_142":"https://bbs.aurora-sky.top/static/image/smiley/Emotion/2.png","5_143":"https://bbs.aurora-sky.top/static/image/smiley/Emotion/11.png","5_144":"https://bbs.aurora-sky.top/static/image/smiley/Emotion/9.png","5_145":"https://bbs.aurora-sky.top/static/image/smiley/Emotion/24.png","5_146":"https://bbs.aurora-sky.top/static/image/smiley/Emotion/12.png","5_147":"https://bbs.aurora-sky.top/static/image/smiley/Emotion/16.png","5_148":"https://bbs.aurora-sky.top/static/image/smiley/Emotion/25.png","5_149":"https://bbs.aurora-sky.top/static/image/smiley/Emotion/20.png","5_150":"https://bbs.aurora-sky.top/static/image/smiley/Emotion/27.png","5_151":"https://bbs.aurora-sky.top/static/image/smiley/Emotion/5.png","5_152":"https://bbs.aurora-sky.top/static/image/smiley/Emotion/13.png","5_153":"https://bbs.aurora-sky.top/static/image/smiley/Emotion/7.png","5_154":"https://bbs.aurora-sky.top/static/image/smiley/Emotion/30.png","5_155":"https://bbs.aurora-sky.top/static/image/smiley/Emotion/19.png","5_156":"https://bbs.aurora-sky.top/static/image/smiley/Emotion/26.png","5_157":"https://bbs.aurora-sky.top/static/image/smiley/Emotion/14.png","5_158":"https://bbs.aurora-sky.top/static/image/smiley/Emotion/21.png","5_159":"https://bbs.aurora-sky.top/static/image/smiley/Emotion/28.png","5_160":"https://bbs.aurora-sky.top/static/image/smiley/Emotion/10.png","5_161":"https://bbs.aurora-sky.top/static/image/smiley/Emotion/4.png","5_162":"https://bbs.aurora-sky.top/static/image/smiley/Emotion/29.png","5_163":"https://bbs.aurora-sky.top/static/image/smiley/Emotion/15.png","5_164":"https://bbs.aurora-sky.top/static/image/smiley/Emotion/1.png","5_165":"https://bbs.aurora-sky.top/static/image/smiley/Emotion/8.png","5_166":"https://bbs.aurora-sky.top/static/image/smiley/Emotion/23.png","5_167":"https://bbs.aurora-sky.top/static/image/smiley/Emotion/18.png","5_168":"https://bbs.aurora-sky.top/static/image/smiley/Emotion/17.png"}