{
  "format_version": "1.14",
  "minecraft:npc_dialogue": {
    "scenes": [
      {
        "scene_tag": "wb_base_help0",
        "npc_name": {
          "rawtext": [
            {
              "text": "???"
            }
          ]
        },
        "text": {
          "rawtext": [
            {
              "text": "欢迎使用《冬之纪行诗》"
            }
          ]
        },
        "buttons": [
          {
            "name": {
              "rawtext": [
                {
                  "text": "Next"
                }
              ]
            },
            "commands": [
              "/dialogue open @e[c=1,type=wb:plot_talk_npc] @initiator wb_base_help1"
            ]
          }
        ],
        "on_close_commands": []
      },
      {
        "scene_tag": "wb_base_help1",
        "npc_name": {
          "rawtext": [
            {
              "text": "???"
            }
          ]
        },
        "text": {
          "rawtext": [
            {
              "text": "左上角三个条子分别是"
            }
          ]
        },
        "buttons": [
          {
            "name": {
              "rawtext": [
                {
                  "text": "Next"
                }
              ]
            },
            "commands": [
              "/dialogue open @e[c=1,type=wb:plot_talk_npc] @initiator wb_base_help2"
            ]
          }
        ],
        "on_close_commands": []
      },
      {
        "scene_tag": "wb_base_help2",
        "npc_name": {
          "rawtext": [
            {
              "text": "???"
            }
          ]
        },
        "text": {
          "rawtext": [
            {
              "text": "法力值、武器冷却、盔甲被动冷却"
            }
          ]
        },
        "buttons": [
          {
            "name": {
              "rawtext": [
                {
                  "text": "Next"
                }
              ]
            },
            "commands": [
              "/dialogue open @e[c=1,type=wb:plot_talk_npc] @initiator wb_base_help3"
            ]
          }
        ],
        "on_close_commands": []
      },
      {
        "scene_tag": "wb_base_help3",
        "npc_name": {
          "rawtext": [
            {
              "text": "???"
            }
          ]
        },
        "text": {
          "rawtext": [
            {
              "text": "打开背包，点击右侧显眼的按钮\n就可以显示boss流程介绍\n以及其他帮助内容"
            }
          ]
        },
        "buttons": [
          {
            "name": {
              "rawtext": [
                {
                  "text": "Next"
                }
              ]
            },
            "commands": [
              "/dialogue open @e[c=1,type=wb:plot_talk_npc] @initiator wb_base_help4"
            ]
          }
        ],
        "on_close_commands": []
      },
      {
        "scene_tag": "wb_base_help4",
        "npc_name": {
          "rawtext": [
            {
              "text": "???"
            }
          ]
        },
        "text": {
          "rawtext": [
            {
              "text": "本Addon添加了很多新的玩法"
            }
          ]
        },
        "buttons": [
          {
            "name": {
              "rawtext": [
                {
                  "text": "Next"
                }
              ]
            },
            "commands": [
              "/dialogue open @e[c=1,type=wb:plot_talk_npc] @initiator wb_base_help5"
            ]
          }
        ],
        "on_close_commands": []
      },
      {
        "scene_tag": "wb_base_help5",
        "npc_name": {
          "rawtext": [
            {
              "text": "???"
            }
          ]
        },
        "text": {
          "rawtext": [
            {
              "text": "举个例子，当你长按[勇者之力]的时候，\n就可以开启等级的药水加成\n再次长按关闭"
            }
          ]
        },
        "buttons": [
          {
            "name": {
              "rawtext": [
                {
                  "text": "Next"
                }
              ]
            },
            "commands": [
              "/dialogue open @e[c=1,type=wb:plot_talk_npc] @initiator wb_base_help6"
            ]
          }
        ],
        "on_close_commands": []
      },
      {
        "scene_tag": "wb_base_help6",
        "npc_name": {
          "rawtext": [
            {
              "text": "???"
            }
          ]
        },
        "text": {
          "rawtext": [
            {
              "text": "像其他的很多名字旁边标注了技能的物品，技能可能是通过普通攻击、长按、潜行长按、潜行触发"
            }
          ]
        },
        "buttons": [
          {
            "name": {
              "rawtext": [
                {
                  "text": "Next"
                }
              ]
            },
            "commands": [
              "/dialogue open @e[c=1,type=wb:plot_talk_npc] @initiator wb_base_help7"
            ]
          }
        ],
        "on_close_commands": []
      },
      {
        "scene_tag": "wb_base_help7",
        "npc_name": {
          "rawtext": [
            {
              "text": "???"
            }
          ]
        },
        "text": {
          "rawtext": [
            {
              "text": "更详细的信息，在游戏指南里面"
            }
          ]
        },
        "buttons": [
          {
            "name": {
              "rawtext": [
                {
                  "text": "Next"
                }
              ]
            },
            "commands": [
              "/dialogue open @e[c=1,type=wb:plot_talk_npc] @initiator wb_base_help8"
            ]
          }
        ],
        "on_close_commands": []
      },
      {
        "scene_tag": "wb_base_help8",
        "npc_name": {
          "rawtext": [
            {
              "text": "???"
            }
          ]
        },
        "text": {
          "rawtext": [
            {
              "text": "我们建议生存游玩本Addon"
            }
          ]
        },
        "buttons": [
          {
            "name": {
              "rawtext": [
                {
                  "text": "Next"
                }
              ]
            },
            "commands": [
              "/dialogue open @e[c=1,type=wb:plot_talk_npc] @initiator wb_base_help9"
            ]
          }
        ],
        "on_close_commands": []
      },
      {
        "scene_tag": "wb_base_help9",
        "npc_name": {
          "rawtext": [
            {
              "text": "???"
            }
          ]
        },
        "text": {
          "rawtext": [
            {
              "text": "首先，通过翻阅流程，了解详情\n再召唤相应的boss"
            }
          ]
        },
        "buttons": [
          {
            "name": {
              "rawtext": [
                {
                  "text": "Next"
                }
              ]
            },
            "commands": [
              "/dialogue open @e[c=1,type=wb:plot_talk_npc] @initiator wb_base_help10"
            ]
          }
        ],
        "on_close_commands": []
      },
      {
        "scene_tag": "wb_base_help10",
        "npc_name": {
          "rawtext": [
            {
              "text": "???"
            }
          ]
        },
        "text": {
          "rawtext": [
            {
              "text": "祝各位游玩愉快\n以后如果想重复看本教程，\n可以拿出本物品再次长按触发"
            }
          ]
        },
        "buttons": [
          {
            "name": {
              "rawtext": [
                {
                  "text": "Next"
                }
              ]
            },
            "commands": [
              "/dialogue open @e[c=1,type=wb:plot_talk_npc] @initiator wb_base_help11"
            ]
          }
        ],
        "on_close_commands": []
      },
      {
        "scene_tag": "wb_base_help11",
        "npc_name": {
          "rawtext": [
            {
              "text": "???"
            }
          ]
        },
        "text": {
          "rawtext": [
            {
              "text": "…"
            }
          ]
        },
        "buttons": [
          {
            "name": {
              "rawtext": [
                {
                  "text": "Next"
                }
              ]
            },
            "commands": [
              "/dialogue open @e[c=1,type=wb:plot_talk_npc] @initiator wb_base_help12"
            ]
          }
        ],
        "on_close_commands": []
      },
      {
        "scene_tag": "wb_base_help12",
        "npc_name": {
          "rawtext": [
            {
              "text": "???"
            }
          ]
        },
        "text": {
          "rawtext": [
            {
              "text": "§6这里是 aa剑侠 。"
            }
          ]
        },
        "buttons": [
          {
            "name": {
              "rawtext": [
                {
                  "text": "Next"
                }
              ]
            },
            "commands": [
              "/dialogue open @e[c=1,type=wb:plot_talk_npc] @initiator wb_base_help13"
            ]
          }
        ],
        "on_close_commands": []
      },
      {
        "scene_tag": "wb_base_help13",
        "npc_name": {
          "rawtext": [
            {
              "text": "???"
            }
          ]
        },
        "text": {
          "rawtext": [
            {
              "text": "§6本Addon的主要作者:aa剑侠(Bilibili 传奇夜侠丶aa剑侠、 LiLeyi(Bilibili DEC-LiLeyi)"
            }
          ]
        },
        "buttons": [
          {
            "name": {
              "rawtext": [
                {
                  "text": "Next"
                }
              ]
            },
            "commands": [
              "/dialogue open @e[c=1,type=wb:plot_talk_npc] @initiator wb_base_help14"
            ]
          }
        ],
        "on_close_commands": []
      },
      {
        "scene_tag": "wb_base_help14",
        "npc_name": {
          "rawtext": [
            {
              "text": "???"
            }
          ]
        },
        "text": {
          "rawtext": [
            {
              "text": "§6以及感谢其他参与者:\nHim1025 - 部分贴图绘制、思路提供（BiliBili 未知）\nEnderghostScale - 人造肉、部分怪物、投掷炸药和技术支持（twitter @enderghost9736，BiliBili EnderghostScale）\nhaveyouwantto - 技术支持（BiliBili Haveyouwantto）\nhuo鱼一只 - 技术支持（BiliBili 熟鱼一只QAQ）\nAR_UnryAllenCN - 技术支持（BiliBili UnrisilvorAllen）\n世心 - 狼人，暗狼人（BiliBili 假世心)\n論娘 - 幻术师（BiliBili 桜灬幕府艦彡論娘）\n荷叶 - 提供灵感，新手指南\nQ儿 - 贴图、提供灵感（BiliBili Qrayek）\nSpiffyTerror - 模型、生物动画（BiliBili SpiffyTerror774）\n竹翼团队 - 皮肤、中国版发布\n悸动天使 - 指令支持（BiliBili Z悸动天使Z）\n晴风 - 霸体核心\n画盒豆腐 - 提供灵感（BiliBili 画盒豆腐）\n蓝怕君 - 提供灵感（BiliBili 蓝怕君xh）\n传说中阿库西斯教教徒 - 提供灵感、建筑（BiliBili 新昵禾尔）\n慕林MUUUUULIN - 提供灵感和贴图（BiliBili UID:23939720）\n碧月狐 - 技术支持（BiliBili 碧月狐DADA）\nFulank彡North cat - 提供贴图、灵感（BiliBili fulanke北猫）\n一只朴实无华的蒜头王八 - 提供贴图、灵感和测试（BiliBili 一只朴实无华的蒜头王八）\nKirisamePPSH - 提供建筑、贴图\nLone114514 - 提供贴图和测试（BiliBili 你真的想要昵称么）\nMr.龙灵 - Offer structures,some textures and charlet（BiliBili 龙灵z传说）\n不知名的琦玉 - 思路提供\n鸥吃鱼 - 某些翻译(twitter @Eat_Your_Pants)\n星城[柒柒] - 支持"
            }
          ]
        },
        "buttons": [
          {
            "name": {
              "rawtext": [
                {
                  "text": "Next"
                }
              ]
            },
            "commands": [
              "/dialogue open @e[c=1,type=wb:plot_talk_npc] @initiator wb_base_help15"
            ]
          }
        ],
        "on_close_commands": []
      },
      {
        "scene_tag": "wb_base_help15",
        "npc_name": {
          "rawtext": [
            {
              "text": "???"
            }
          ]
        },
        "text": {
          "rawtext": [
            {
              "text": "§6感谢支持和在一开始帮忙宣传的小伙伴们:风倾阳、Zhe纸盒、在矿里的小金"
            }
          ]
        },
        "buttons": [
          {
            "name": {
              "rawtext": [
                {
                  "text": "Next"
                }
              ]
            },
            "commands": [
              "/dialogue open @e[c=1,type=wb:plot_talk_npc] @initiator wb_base_help16"
            ]
          }
        ],
        "on_close_commands": []
      },
      {
        "scene_tag": "wb_base_help16",
        "npc_name": {
          "rawtext": [
            {
              "text": "???"
            }
          ]
        },
        "text": {
          "rawtext": [
            {
              "text": "§6这个新手教程的目的，在于防止各位忽略了Addon的正确使用方法。§6以及这一段开头[作者的话]也是这样——总有那么一些人不会通过长按钥匙来开启流程。"
            }
          ]
        },
        "buttons": [
          {
            "name": {
              "rawtext": [
                {
                  "text": "Next"
                }
              ]
            },
            "commands": [
              "/dialogue open @e[c=1,type=wb:plot_talk_npc] @initiator wb_base_help17"
            ]
          }
        ],
        "on_close_commands": []
      },
      {
        "scene_tag": "wb_base_help17",
        "npc_name": {
          "rawtext": [
            {
              "text": "???"
            }
          ]
        },
        "text": {
          "rawtext": [
            {
              "text": "§6(我知道玩家们习惯跳剧情，所以把句子尽量简化)"
            }
          ]
        },
        "buttons": [
          {
            "name": {
              "rawtext": [
                {
                  "text": "Next"
                }
              ]
            },
            "commands": [
              "/dialogue open @e[c=1,type=wb:plot_talk_npc] @initiator wb_base_help18"
            ]
          }
        ],
        "on_close_commands": []
      },
      {
        "scene_tag": "wb_base_help18",
        "npc_name": {
          "rawtext": [
            {
              "text": "???"
            }
          ]
        },
        "text": {
          "rawtext": [
            {
              "text": "§6本Addon分两个阶段:"
            }
          ]
        },
        "buttons": [
          {
            "name": {
              "rawtext": [
                {
                  "text": "Next"
                }
              ]
            },
            "commands": [
              "/dialogue open @e[c=1,type=wb:plot_talk_npc] @initiator wb_base_help19"
            ]
          }
        ],
        "on_close_commands": []
      },
      {
        "scene_tag": "wb_base_help19",
        "npc_name": {
          "rawtext": [
            {
              "text": "???"
            }
          ]
        },
        "text": {
          "rawtext": [
            {
              "text": "§6第一阶段为自由打boss的阶段，你可以根据指南里面的推荐流程，也可以自己跳着打BOSS。(ps.在你打败觉醒末影龙之前，你用不了启程钥匙，也无法获得高级锭)"
            }
          ]
        },
        "buttons": [
          {
            "name": {
              "rawtext": [
                {
                  "text": "Next"
                }
              ]
            },
            "commands": [
              "/dialogue open @e[c=1,type=wb:plot_talk_npc] @initiator wb_base_help20"
            ]
          }
        ],
        "on_close_commands": []
      },
      {
        "scene_tag": "wb_base_help20",
        "npc_name": {
          "rawtext": [
            {
              "text": "???"
            }
          ]
        },
        "text": {
          "rawtext": [
            {
              "text": "§6第二阶段，是使用启程钥匙开启的阶段。只有打败了觉醒末影龙，才可以进入这里。这里的BOSS对技术和装备要求很高。并且，你需要过指定的BOSS顺序。"
            }
          ]
        },
        "buttons": [
          {
            "name": {
              "rawtext": [
                {
                  "text": "Next"
                }
              ]
            },
            "commands": [
              "/dialogue open @e[c=1,type=wb:plot_talk_npc] @initiator wb_base_help21"
            ]
          }
        ],
        "on_close_commands": []
      },
      {
        "scene_tag": "wb_base_help21",
        "npc_name": {
          "rawtext": [
            {
              "text": "???"
            }
          ]
        },
        "text": {
          "rawtext": [
            {
              "text": "§6本Addon的交流群:915129342"
            }
          ]
        },
        "buttons": [
          {
            "name": {
              "rawtext": [
                {
                  "text": "Next"
                }
              ]
            },
            "commands": [
              "/dialogue open @e[c=1,type=wb:plot_talk_npc] @initiator wb_base_help22"
            ]
          }
        ],
        "on_close_commands": []
      },
      {
        "scene_tag": "wb_base_help22",
        "npc_name": {
          "rawtext": [
            {
              "text": "???"
            }
          ]
        },
        "text": {
          "rawtext": [
            {
              "text": "§6如果哪天群没了，那么就随缘更新吧"
            }
          ]
        },
        "buttons": [
          {
            "name": {
              "rawtext": [
                {
                  "text": "Next"
                }
              ]
            },
            "commands": [
              "/dialogue open @e[c=1,type=wb:plot_talk_npc] @initiator wb_base_help23"
            ]
          }
        ],
        "on_close_commands": []
      },
      {
        "scene_tag": "wb_base_help23",
        "npc_name": {
          "rawtext": [
            {
              "text": "???"
            }
          ]
        },
        "text": {
          "rawtext": [
            {
              "text": "[点击关闭]"
            }
          ]
        },
        "buttons": [
          {
            "name": {
              "rawtext": [
                {
                  "text": "Next"
                }
              ]
            },
            "commands": [
             
              "/scoreboard players set @initiator wbnjqbf 0",
              "/kill @s"
            ]
          }
        ],
        "on_close_commands": []
      }
    ]
  }
}