{
  "format_version": "1.14",
  "minecraft:npc_dialogue": {
    "scenes": [{
        "scene_tag": "wb_base_talk000",
        "npc_name": {
          "rawtext": [{
            "text": "???"
          }]
        },
        "text": {
          "rawtext": [{
            "translate": "dialog.wb.npc.plot.25"
          }]
        },
        "buttons": [{
          "name": {
            "rawtext": [{
              "text": "Next"
            }]
          },
          "commands": []
        }],
        "on_close_commands": []
      },
      {
        "scene_tag": "wb_base_talk0",
        "npc_name": {
          "rawtext": [{
            "text": "???"
          }]
        },
        "text": {
          "rawtext": [{
            "text": "…"
          }]
        },
        "buttons": [{
          "name": {
            "rawtext": [{
              "text": "Next"
            }]
          },
          "commands": [
            "/dialogue open @e[c=1,type=wb:plot_talk_npc] @initiator wb_base_talk1"
          ]
        }],
        "on_close_commands": []
      },
      {
        "scene_tag": "wb_base_talk1",
        "npc_name": {
          "rawtext": [{
            "text": "???"
          }]
        },
        "text": {
          "rawtext": [{
            "translate": "dialog.wb.npc.plot.26"
          }]
        },
        "buttons": [{
          "name": {
            "rawtext": [{
              "text": "Next"
            }]
          },
          "commands": [
            "/dialogue open @e[c=1,type=wb:plot_talk_npc] @initiator wb_base_talk2"
          ]
        }],
        "on_close_commands": []
      },
      {
        "scene_tag": "wb_base_talk2",
        "npc_name": {
          "rawtext": [{
            "text": "???"
          }]
        },
        "text": {
          "rawtext": [{
            "translate": "dialog.wb.npc.plot.27"
          }]
        },
        "buttons": [{
          "name": {
            "rawtext": [{
              "text": "Next"
            }]
          },
          "commands": [
            "/dialogue open @e[c=1,type=wb:plot_talk_npc] @initiator wb_base_talk3"
          ]
        }],
        "on_close_commands": []
      },
      {
        "scene_tag": "wb_base_talk3",
        "npc_name": {
          "rawtext": [{
            "text": "???"
          }]
        },
        "text": {
          "rawtext": [{
            "translate": "dialog.wb.npc.plot.28"
          }]
        },
        "buttons": [{
          "name": {
            "rawtext": [{
              "text": "Next"
            }]
          },
          "commands": [
            "/dialogue open @e[c=1,type=wb:plot_talk_npc] @initiator wb_base_talk4"
          ]
        }],
        "on_close_commands": []
      },
      {
        "scene_tag": "wb_base_talk4",
        "npc_name": {
          "rawtext": [{
            "text": "???"
          }]
        },
        "text": {
          "rawtext": [{
            "translate": "dialog.wb.npc.plot.29"
          }]
        },
        "buttons": [{
          "name": {
            "rawtext": [{
              "text": "Next"
            }]
          },
          "commands": [
            "/dialogue open @e[c=1,type=wb:plot_talk_npc] @initiator wb_base_talk5"
          ]
        }],
        "on_close_commands": []
      },
      {
        "scene_tag": "wb_base_talk5",
        "npc_name": {
          "rawtext": [{
            "text": "???"
          }]
        },
        "text": {
          "rawtext": [{
            "translate": "dialog.wb.npc.plot.30"
          }]
        },
        "buttons": [{
          "name": {
            "rawtext": [{
              "text": "Next"
            }]
          },
          "commands": [
            "/dialogue open @e[c=1,type=wb:plot_talk_npc] @initiator wb_base_talk6"
          ]
        }],
        "on_close_commands": []
      },
      {
        "scene_tag": "wb_base_talk6",
        "npc_name": {
          "rawtext": [{
            "text": "???"
          }]
        },
        "text": {
          "rawtext": [{
            "translate": "dialog.wb.npc.plot.31"
          }]
        },
        "buttons": [{
          "name": {
            "rawtext": [{
              "text": "Next"
            }]
          },
          "commands": [
            "/dialogue open @e[c=1,type=wb:plot_talk_npc] @initiator wb_base_talk7"
          ]
        }],
        "on_close_commands": []
      },
      {
        "scene_tag": "wb_base_talk7",
        "npc_name": {
          "rawtext": [{
            "text": "???"
          }]
        },
        "text": {
          "rawtext": [{
            "translate": "dialog.wb.npc.plot.32"
          }]
        },
        "buttons": [{
          "name": {
            "rawtext": [{
              "text": "Next"
            }]
          },
          "commands": [
            "/dialogue open @e[c=1,type=wb:plot_talk_npc] @initiator wb_base_talk8"
          ]
        }],
        "on_close_commands": []
      },
      {
        "scene_tag": "wb_base_talk8",
        "npc_name": {
          "rawtext": [{
            "text": "???"
          }]
        },
        "text": {
          "rawtext": [{
            "translate": "dialog.wb.npc.plot.33"
          }]
        },
        "buttons": [{
          "name": {
            "rawtext": [{
              "text": "Next"
            }]
          },
          "commands": [
            "/scoreboard players set @initiator wbnjqbf 1",
            "/kill @s"
          ]
        }],
        "on_close_commands": []
      },
      {
        "scene_tag": "wb_base_talk9",
        "npc_name": {
          "rawtext": [{
            "text": "???"
          }]
        },
        "text": {
          "rawtext": [{
            "translate": "dialog.wb.npc.plot.34"
          }]
        },
        "buttons": [{
          "name": {
            "rawtext": [{
              "text": "Next"
            }]
          },
          "commands": [
            "/dialogue open @e[c=1,type=wb:plot_talk_npc] @initiator wb_base_talk10"
          ]
        }],
        "on_close_commands": []
      },
      {
        "scene_tag": "wb_base_talk10",
        "npc_name": {
          "rawtext": [{
            "text": "???"
          }]
        },
        "text": {
          "rawtext": [{
            "translate": "dialog.wb.npc.plot.35"
          }]
        },
        "buttons": [{
          "name": {
            "rawtext": [{
              "text": "Next"
            }]
          },
          "commands": [
            "/dialogue open @e[c=1,type=wb:plot_talk_npc] @initiator wb_base_talk11"
          ]
        }],
        "on_close_commands": []
      },
      {
        "scene_tag": "wb_base_talk11",
        "npc_name": {
          "rawtext": [{
            "text": "???"
          }]
        },
        "text": {
          "rawtext": [{
            "translate": "dialog.wb.npc.plot.36"
          }]
        },
        "buttons": [{
          "name": {
            "rawtext": [{
              "text": "Next"
            }]
          },
          "commands": [
            "/dialogue open @e[c=1,type=wb:plot_talk_npc] @initiator wb_base_talk12"
          ]
        }],
        "on_close_commands": []
      },
      {
        "scene_tag": "wb_base_talk12",
        "npc_name": {
          "rawtext": [{
            "text": "???"
          }]
        },
        "text": {
          "rawtext": [{
            "translate": "dialog.wb.npc.plot.33"
          }]
        },
        "buttons": [{
          "name": {
            "rawtext": [{
              "text": "Next"
            }]
          },
          "commands": [
            "/scoreboard players set @initiator wbnjqbf 2",
            "/kill @s"
          ]
        }],
        "on_close_commands": []
      },
      {
        "scene_tag": "wb_base_talk13",
        "npc_name": {
          "rawtext": [{
            "text": "???"
          }]
        },
        "text": {
          "rawtext": [{
            "translate": "dialog.wb.npc.plot.38"
          }]
        },
        "buttons": [{
          "name": {
            "rawtext": [{
              "text": "Next"
            }]
          },
          "commands": [
            "/dialogue open @e[c=1,type=wb:plot_talk_npc] @initiator wb_base_talk14"
          ]
        }],
        "on_close_commands": []
      },
      {
        "scene_tag": "wb_base_talk14",
        "npc_name": {
          "rawtext": [{
            "text": "???"
          }]
        },
        "text": {
          "rawtext": [{
            "translate": "dialog.wb.npc.plot.39"
          }]
        },
        "buttons": [{
          "name": {
            "rawtext": [{
              "text": "Next"
            }]
          },
          "commands": [
            "/dialogue open @e[c=1,type=wb:plot_talk_npc] @initiator wb_base_talk15"
          ]
        }],
        "on_close_commands": []
      },
      {
        "scene_tag": "wb_base_talk15",
        "npc_name": {
          "rawtext": [{
            "text": "???"
          }]
        },
        "text": {
          "rawtext": [{
            "translate": "dialog.wb.npc.plot.40"
          }]
        },
        "buttons": [{
          "name": {
            "rawtext": [{
              "text": "Next"
            }]
          },
          "commands": [
            "/dialogue open @e[c=1,type=wb:plot_talk_npc] @initiator wb_base_talk16"
          ]
        }],
        "on_close_commands": []
      },
      {
        "scene_tag": "wb_base_talk16",
        "npc_name": {
          "rawtext": [{
            "text": "???"
          }]
        },
        "text": {
          "rawtext": [{
            "translate": "dialog.wb.npc.plot.41"
          }]
        },
        "buttons": [{
          "name": {
            "rawtext": [{
              "text": "Next"
            }]
          },
          "commands": [
            "/dialogue open @e[c=1,type=wb:plot_talk_npc] @initiator wb_base_talk17"
          ]
        }],
        "on_close_commands": []
      },
      {
        "scene_tag": "wb_base_talk17",
        "npc_name": {
          "rawtext": [{
            "text": "???"
          }]
        },
        "text": {
          "rawtext": [{
            "translate": "dialog.wb.npc.plot.42"
          }]
        },
        "buttons": [{
          "name": {
            "rawtext": [{
              "text": "Next"
            }]
          },
          "commands": [
            "/dialogue open @e[c=1,type=wb:plot_talk_npc] @initiator wb_base_talk18"
          ]
        }],
        "on_close_commands": []
      },
      {
        "scene_tag": "wb_base_talk18",
        "npc_name": {
          "rawtext": [{
            "text": "???"
          }]
        },
        "text": {
          "rawtext": [{
            "translate": "dialog.wb.npc.plot.33"
          }]
        },
        "buttons": [{
          "name": {
            "rawtext": [{
              "text": "Next"
            }]
          },
          "commands": [
            "/scoreboard players set @initiator wbnjqbf 3",
            "/kill @s"
          ]
        }],
        "on_close_commands": []
      },
      {
        "scene_tag": "wb_base_talk19",
        "npc_name": {
          "rawtext": [{
            "text": "???"
          }]
        },
        "text": {
          "rawtext": [{
            "translate": "dialog.wb.npc.plot.44"
          }]
        },
        "buttons": [{
          "name": {
            "rawtext": [{
              "text": "Next"
            }]
          },
          "commands": [
            "/dialogue open @e[c=1,type=wb:plot_talk_npc] @initiator wb_base_talk20"
          ]
        }],
        "on_close_commands": []
      },
      {
        "scene_tag": "wb_base_talk20",
        "npc_name": {
          "rawtext": [{
            "text": "???"
          }]
        },
        "text": {
          "rawtext": [{
            "translate": "dialog.wb.npc.plot.45"
          }]
        },
        "buttons": [{
          "name": {
            "rawtext": [{
              "text": "Next"
            }]
          },
          "commands": [
            "/dialogue open @e[c=1,type=wb:plot_talk_npc] @initiator wb_base_talk21"
          ]
        }],
        "on_close_commands": []
      },
      {
        "scene_tag": "wb_base_talk21",
        "npc_name": {
          "rawtext": [{
            "text": "???"
          }]
        },
        "text": {
          "rawtext": [{
            "translate": "dialog.wb.npc.plot.46"
          }]
        },
        "buttons": [{
          "name": {
            "rawtext": [{
              "text": "Next"
            }]
          },
          "commands": [
            "/dialogue open @e[c=1,type=wb:plot_talk_npc] @initiator wb_base_talk22"
          ]
        }],
        "on_close_commands": []
      },
      {
        "scene_tag": "wb_base_talk22",
        "npc_name": {
          "rawtext": [{
            "text": "???"
          }]
        },
        "text": {
          "rawtext": [{
            "translate": "dialog.wb.npc.plot.47"
          }]
        },
        "buttons": [{
          "name": {
            "rawtext": [{
              "text": "Next"
            }]
          },
          "commands": [
            "/dialogue open @e[c=1,type=wb:plot_talk_npc] @initiator wb_base_talk23"
          ]
        }],
        "on_close_commands": []
      },
      {
        "scene_tag": "wb_base_talk23",
        "npc_name": {
          "rawtext": [{
            "text": "???"
          }]
        },
        "text": {
          "rawtext": [{
            "translate": "dialog.wb.npc.plot.48"
          }]
        },
        "buttons": [{
          "name": {
            "rawtext": [{
              "text": "Next"
            }]
          },
          "commands": [
            "/dialogue open @e[c=1,type=wb:plot_talk_npc] @initiator wb_base_talk24"
          ]
        }],
        "on_close_commands": []
      },
      {
        "scene_tag": "wb_base_talk24",
        "npc_name": {
          "rawtext": [{
            "text": "???"
          }]
        },
        "text": {
          "rawtext": [{
            "translate": "dialog.wb.npc.plot.49"
          }]
        },
        "buttons": [{
          "name": {
            "rawtext": [{
              "text": "Next"
            }]
          },
          "commands": [
            "/dialogue open @e[c=1,type=wb:plot_talk_npc] @initiator wb_base_talk25"
          ]
        }],
        "on_close_commands": []
      },
      {
        "scene_tag": "wb_base_talk25",
        "npc_name": {
          "rawtext": [{
            "text": "???"
          }]
        },
        "text": {
          "rawtext": [{
            "translate": "dialog.wb.npc.plot.50"
          }]
        },
        "buttons": [{
          "name": {
            "rawtext": [{
              "text": "Next"
            }]
          },
          "commands": [
            "/dialogue open @e[c=1,type=wb:plot_talk_npc] @initiator wb_base_talk26"
          ]
        }],
        "on_close_commands": []
      },
      {
        "scene_tag": "wb_base_talk26",
        "npc_name": {
          "rawtext": [{
            "text": "???"
          }]
        },
        "text": {
          "rawtext": [{
            "translate": "dialog.wb.npc.plot.33"
          }]
        },
        "buttons": [{
          "name": {
            "rawtext": [{
              "text": "Next"
            }]
          },
          "commands": [
            "/scoreboard players set @initiator wbnjqbf 4",
            "/kill @s"
          ]
        }],
        "on_close_commands": []
      },
      {
        "scene_tag": "wb_base_talk27",
        "npc_name": {
          "rawtext": [{
            "text": "???"
          }]
        },
        "text": {
          "rawtext": [{
            "translate": "dialog.wb.npc.plot.52"
          }]
        },
        "buttons": [{
          "name": {
            "rawtext": [{
              "text": "Next"
            }]
          },
          "commands": [
            "/dialogue open @e[c=1,type=wb:plot_talk_npc] @initiator wb_base_talk28"
          ]
        }],
        "on_close_commands": []
      },
      {
        "scene_tag": "wb_base_talk28",
        "npc_name": {
          "rawtext": [{
            "text": "???"
          }]
        },
        "text": {
          "rawtext": [{
            "translate": "dialog.wb.npc.plot.53"
          }]
        },
        "buttons": [{
          "name": {
            "rawtext": [{
              "text": "Next"
            }]
          },
          "commands": [
            "/dialogue open @e[c=1,type=wb:plot_talk_npc] @initiator wb_base_talk29"
          ]
        }],
        "on_close_commands": []
      },
      {
        "scene_tag": "wb_base_talk29",
        "npc_name": {
          "rawtext": [{
            "text": "???"
          }]
        },
        "text": {
          "rawtext": [{
            "translate": "dialog.wb.npc.plot.54"
          }]
        },
        "buttons": [{
          "name": {
            "rawtext": [{
              "text": "Next"
            }]
          },
          "commands": [
            "/dialogue open @e[c=1,type=wb:plot_talk_npc] @initiator wb_base_talk30"
          ]
        }],
        "on_close_commands": []
      },
      {
        "scene_tag": "wb_base_talk30",
        "npc_name": {
          "rawtext": [{
            "text": "???"
          }]
        },
        "text": {
          "rawtext": [{
            "translate": "dialog.wb.npc.plot.55"
          }]
        },
        "buttons": [{
          "name": {
            "rawtext": [{
              "text": "Next"
            }]
          },
          "commands": [
            "/dialogue open @e[c=1,type=wb:plot_talk_npc] @initiator wb_base_talk31"
          ]
        }],
        "on_close_commands": []
      },
      {
        "scene_tag": "wb_base_talk31",
        "npc_name": {
          "rawtext": [{
            "text": "???"
          }]
        },
        "text": {
          "rawtext": [{
            "translate": "dialog.wb.npc.plot.56"
          }]
        },
        "buttons": [{
          "name": {
            "rawtext": [{
              "text": "Next"
            }]
          },
          "commands": [
            "/dialogue open @e[c=1,type=wb:plot_talk_npc] @initiator wb_base_talk32"
          ]
        }],
        "on_close_commands": []
      },
      {
        "scene_tag": "wb_base_talk32",
        "npc_name": {
          "rawtext": [{
            "text": "???"
          }]
        },
        "text": {
          "rawtext": [{
            "translate": "dialog.wb.npc.plot.57"
          }]
        },
        "buttons": [{
          "name": {
            "rawtext": [{
              "text": "Next"
            }]
          },
          "commands": [
            "/scoreboard players set @initiator wbnjqbf 5",
            "/kill @s"
          ]
        }],
        "on_close_commands": []
      },
      {
        "scene_tag": "wb_base_talk33",
        "npc_name": {
          "rawtext": [{
            "text": "???"
          }]
        },
        "text": {
          "rawtext": [{
            "translate": "dialog.wb.npc.plot.58"
          }]
        },
        "buttons": [{
          "name": {
            "rawtext": [{
              "text": "Next"
            }]
          },
          "commands": [
            "/kill @s"
          ]
        }],
        "on_close_commands": []
      },
      {
        "scene_tag": "wb_base_talk34",
        "npc_name": {
          "rawtext": [{
            "text": "???"
          }]
        },
        "text": {
          "rawtext": [{
            "translate": "dialog.wb.npc.plot.59"
          }]
        },
        "buttons": [{
          "name": {
            "rawtext": [{
              "text": "Next"
            }]
          },
          "commands": [


            "/function portal/startboss",
            "/summon wb:magic_stoneman ~ 195 ~ isboss",
            "/kill @s"
          ]
        }],
        "on_close_commands": []
      },
      {
        "scene_tag": "wb_base_talk35",
        "npc_name": {
          "rawtext": [{
            "text": "???"
          }]
        },
        "text": {
          "rawtext": [{
            "translate": "dialog.wb.npc.plot.60"
          }]
        },
        "buttons": [{
          "name": {
            "rawtext": [{
              "text": "Next"
            }]
          },
          "commands": [
            "/dialogue open @e[c=1,type=wb:plot_talk_npc] @initiator wb_base_talk36"
          ]
        }],
        "on_close_commands": []
      },
      {
        "scene_tag": "wb_base_talk36",
        "npc_name": {
          "rawtext": [{
            "text": "???"
          }]
        },
        "text": {
          "rawtext": [{
            "translate": "dialog.wb.npc.plot.33"
          }]
        },
        "buttons": [{
          "name": {
            "rawtext": [{
              "text": "Next"
            }]
          },
          "commands": [
            "/scoreboard players set @initiator wbnjqbf 7",
            "/kill @s"
          ]
        }],
        "on_close_commands": []
      },
      {
        "scene_tag": "wb_base_talk37",
        "npc_name": {
          "rawtext": [{
            "text": "???"
          }]
        },
        "text": {
          "rawtext": [{
            "translate": "dialog.wb.npc.plot.62"
          }]
        },
        "buttons": [{
          "name": {
            "rawtext": [{
              "text": "Next"
            }]
          },
          "commands": [
            "/dialogue open @e[c=1,type=wb:plot_talk_npc] @initiator wb_base_talk38"
          ]
        }],
        "on_close_commands": []
      },
      {
        "scene_tag": "wb_base_talk38",
        "npc_name": {
          "rawtext": [{
            "text": "???"
          }]
        },
        "text": {
          "rawtext": [{
            "translate": "dialog.wb.npc.plot.63"
          }]
        },
        "buttons": [{
          "name": {
            "rawtext": [{
              "text": "Next"
            }]
          },
          "commands": [
            "/dialogue open @e[c=1,type=wb:plot_talk_npc] @initiator wb_base_talk39"
          ]
        }],
        "on_close_commands": []
      },
      {
        "scene_tag": "wb_base_talk39",
        "npc_name": {
          "rawtext": [{
            "text": "???"
          }]
        },
        "text": {
          "rawtext": [{
            "translate": "dialog.wb.npc.plot.64"
          }]
        },
        "buttons": [{
          "name": {
            "rawtext": [{
              "text": "Next"
            }]
          },
          "commands": [
            "/dialogue open @e[c=1,type=wb:plot_talk_npc] @initiator wb_base_talk40"
          ]
        }],
        "on_close_commands": []
      },
      {
        "scene_tag": "wb_base_talk40",
        "npc_name": {
          "rawtext": [{
            "text": "???"
          }]
        },
        "text": {
          "rawtext": [{
            "translate": "dialog.wb.npc.plot.65"
          }]
        },
        "buttons": [{
          "name": {
            "rawtext": [{
              "text": "Next"
            }]
          },
          "commands": [
            "/dialogue open @e[c=1,type=wb:plot_talk_npc] @initiator wb_base_talk41"
          ]
        }],
        "on_close_commands": []
      },
      {
        "scene_tag": "wb_base_talk41",
        "npc_name": {
          "rawtext": [{
            "text": "???"
          }]
        },
        "text": {
          "rawtext": [{
            "translate": "dialog.wb.npc.plot.66"
          }]
        },
        "buttons": [{
          "name": {
            "rawtext": [{
              "text": "Next"
            }]
          },
          "commands": [
            "/dialogue open @e[c=1,type=wb:plot_talk_npc] @initiator wb_base_talk42"
          ]
        }],
        "on_close_commands": []
      },
      {
        "scene_tag": "wb_base_talk42",
        "npc_name": {
          "rawtext": [{
            "text": "???"
          }]
        },
        "text": {
          "rawtext": [{
            "translate": "dialog.wb.npc.plot.67"
          }]
        },
        "buttons": [{
          "name": {
            "rawtext": [{
              "text": "Next"
            }]
          },
          "commands": [
            "/dialogue open @e[c=1,type=wb:plot_talk_npc] @initiator wb_base_talk43"
          ]
        }],
        "on_close_commands": []
      },
      {
        "scene_tag": "wb_base_talk43",
        "npc_name": {
          "rawtext": [{
            "text": "???"
          }]
        },
        "text": {
          "rawtext": [{
            "translate": "dialog.wb.npc.plot.68"
          }]
        },
        "buttons": [{
          "name": {
            "rawtext": [{
              "text": "Next"
            }]
          },
          "commands": [
            "/dialogue open @e[c=1,type=wb:plot_talk_npc] @initiator wb_base_talk44"
          ]
        }],
        "on_close_commands": []
      },
      {
        "scene_tag": "wb_base_talk44",
        "npc_name": {
          "rawtext": [{
            "text": "???"
          }]
        },
        "text": {
          "rawtext": [{
            "translate": "dialog.wb.npc.plot.69"
          }]
        },
        "buttons": [{
          "name": {
            "rawtext": [{
              "text": "Next"
            }]
          },
          "commands": [
            "/dialogue open @e[c=1,type=wb:plot_talk_npc] @initiator wb_base_talk45"
          ]
        }],
        "on_close_commands": []
      },
      {
        "scene_tag": "wb_base_talk45",
        "npc_name": {
          "rawtext": [{
            "text": "???"
          }]
        },
        "text": {
          "rawtext": [{
            "translate": "dialog.wb.npc.plot.70"
          }]
        },
        "buttons": [{
          "name": {
            "rawtext": [{
              "text": "Next"
            }]
          },
          "commands": [
            "/dialogue open @e[c=1,type=wb:plot_talk_npc] @initiator wb_base_talk46"
          ]
        }],
        "on_close_commands": []
      },
      {
        "scene_tag": "wb_base_talk46",
        "npc_name": {
          "rawtext": [{
            "text": "???"
          }]
        },
        "text": {
          "rawtext": [{
            "translate": "dialog.wb.npc.plot.71"
          }]
        },
        "buttons": [{
          "name": {
            "rawtext": [{
              "text": "Next"
            }]
          },
          "commands": [
            "/dialogue open @e[c=1,type=wb:plot_talk_npc] @initiator wb_base_talk47"
          ]
        }],
        "on_close_commands": []
      },
      {
        "scene_tag": "wb_base_talk47",
        "npc_name": {
          "rawtext": [{
            "text": "???"
          }]
        },
        "text": {
          "rawtext": [{
            "translate": "dialog.wb.npc.plot.72"
          }]
        },
        "buttons": [{
          "name": {
            "rawtext": [{
              "text": "Next"
            }]
          },
          "commands": [
            "/dialogue open @e[c=1,type=wb:plot_talk_npc] @initiator wb_base_talk48"
          ]
        }],
        "on_close_commands": []
      },
      {
        "scene_tag": "wb_base_talk48",
        "npc_name": {
          "rawtext": [{
            "text": "???"
          }]
        },
        "text": {
          "rawtext": [{
            "translate": "dialog.wb.npc.plot.33"
          }]
        },
        "buttons": [{
          "name": {
            "rawtext": [{
              "text": "Next"
            }]
          },
          "commands": [
            "/scoreboard players set @initiator wbnjqbf 8",
            "/kill @s"
          ]
        }],
        "on_close_commands": []
      },
      {
        "scene_tag": "wb_base_talk49",
        "npc_name": {
          "rawtext": [{
            "text": "???"
          }]
        },
        "text": {
          "rawtext": [{
            "translate": "dialog.wb.npc.plot.74"
          }]
        },
        "buttons": [{
          "name": {
            "rawtext": [{
              "text": "Next"
            }]
          },
          "commands": [
            "/dialogue open @e[c=1,type=wb:plot_talk_npc] @initiator wb_base_talk50"
          ]
        }],
        "on_close_commands": []
      },
      {
        "scene_tag": "wb_base_talk50",
        "npc_name": {
          "rawtext": [{
            "text": "???"
          }]
        },
        "text": {
          "rawtext": [{
            "translate": "dialog.wb.npc.plot.75"
          }]
        },
        "buttons": [{
          "name": {
            "rawtext": [{
              "text": "Next"
            }]
          },
          "commands": [
            "/dialogue open @e[c=1,type=wb:plot_talk_npc] @initiator wb_base_talk51"
          ]
        }],
        "on_close_commands": []
      },
      {
        "scene_tag": "wb_base_talk51",
        "npc_name": {
          "rawtext": [{
            "text": "???"
          }]
        },
        "text": {
          "rawtext": [{
            "translate": "dialog.wb.npc.plot.76"
          }]
        },
        "buttons": [{
          "name": {
            "rawtext": [{
              "text": "Next"
            }]
          },
          "commands": [
            "/dialogue open @e[c=1,type=wb:plot_talk_npc] @initiator wb_base_talk52"
          ]
        }],
        "on_close_commands": []
      },
      {
        "scene_tag": "wb_base_talk52",
        "npc_name": {
          "rawtext": [{
            "text": "???"
          }]
        },
        "text": {
          "rawtext": [{
            "translate": "dialog.wb.npc.plot.77"
          }]
        },
        "buttons": [{
          "name": {
            "rawtext": [{
              "text": "Next"
            }]
          },
          "commands": [
            "/dialogue open @e[c=1,type=wb:plot_talk_npc] @initiator wb_base_talk53"
          ]
        }],
        "on_close_commands": []
      },
      {
        "scene_tag": "wb_base_talk53",
        "npc_name": {
          "rawtext": [{
            "text": "???"
          }]
        },
        "text": {
          "rawtext": [{
            "translate": "dialog.wb.npc.plot.78"
          }]
        },
        "buttons": [{
          "name": {
            "rawtext": [{
              "text": "Next"
            }]
          },
          "commands": [
            "/dialogue open @e[c=1,type=wb:plot_talk_npc] @initiator wb_base_talk54"
          ]
        }],
        "on_close_commands": []
      },
      {
        "scene_tag": "wb_base_talk54",
        "npc_name": {
          "rawtext": [{
            "text": "???"
          }]
        },
        "text": {
          "rawtext": [{
            "translate": "dialog.wb.npc.plot.79"
          }]
        },
        "buttons": [{
          "name": {
            "rawtext": [{
              "text": "Next"
            }]
          },
          "commands": [
            "/dialogue open @e[c=1,type=wb:plot_talk_npc] @initiator wb_base_talk55"
          ]
        }],
        "on_close_commands": []
      },
      {
        "scene_tag": "wb_base_talk55",
        "npc_name": {
          "rawtext": [{
            "text": "???"
          }]
        },
        "text": {
          "rawtext": [{
            "translate": "dialog.wb.npc.plot.80"
          }]
        },
        "buttons": [{
          "name": {
            "rawtext": [{
              "text": "Next"
            }]
          },
          "commands": [
            "/dialogue open @e[c=1,type=wb:plot_talk_npc] @initiator wb_base_talk56"
          ]
        }],
        "on_close_commands": []
      },
      {
        "scene_tag": "wb_base_talk56",
        "npc_name": {
          "rawtext": [{
            "text": "???"
          }]
        },
        "text": {
          "rawtext": [{
            "translate": "dialog.wb.npc.plot.33"
          }]
        },
        "buttons": [{
          "name": {
            "rawtext": [{
              "text": "Next"
            }]
          },
          "commands": [
            "/scoreboard players set @initiator wbnjqbf 9",
            "/kill @s"
          ]
        }],
        "on_close_commands": []
      },
      {
        "scene_tag": "wb_base_talk57",
        "npc_name": {
          "rawtext": [{
            "text": "???"
          }]
        },
        "text": {
          "rawtext": [{
            "translate": "dialog.wb.npc.plot.58"
          }]
        },
        "buttons": [{
          "name": {
            "rawtext": [{
              "text": "Next"
            }]
          },
          "commands": [
            "/kill @s"
          ]
        }],
        "on_close_commands": []
      },
      {
        "scene_tag": "wb_base_talk58",
        "npc_name": {
          "rawtext": [{
            "text": "???"
          }]
        },
        "text": {
          "rawtext": [{
            "translate": "dialog.wb.npc.plot.59"
          }]
        },
        "buttons": [{
          "name": {
            "rawtext": [{
              "text": "Next"
            }]
          },
          "commands": [


            "/function portal/startboss",
            "/summon wb:headless_guard ~ 195 ~ isboss",
            "/kill @s"
          ]
        }],
        "on_close_commands": []
      },
      {
        "scene_tag": "wb_base_talk59",
        "npc_name": {
          "rawtext": [{
            "text": "???"
          }]
        },
        "text": {
          "rawtext": [{
            "translate": "dialog.wb.npc.plot.84"
          }]
        },
        "buttons": [{
          "name": {
            "rawtext": [{
              "text": "Next"
            }]
          },
          "commands": [
            "/dialogue open @e[c=1,type=wb:plot_talk_npc] @initiator wb_base_talk60"
          ]
        }],
        "on_close_commands": []
      },
      {
        "scene_tag": "wb_base_talk60",
        "npc_name": {
          "rawtext": [{
            "text": "???"
          }]
        },
        "text": {
          "rawtext": [{
            "translate": "dialog.wb.npc.plot.85"
          }]
        },
        "buttons": [{
          "name": {
            "rawtext": [{
              "text": "Next"
            }]
          },
          "commands": [
            "/dialogue open @e[c=1,type=wb:plot_talk_npc] @initiator wb_base_talk61"
          ]
        }],
        "on_close_commands": []
      },
      {
        "scene_tag": "wb_base_talk61",
        "npc_name": {
          "rawtext": [{
            "text": "???"
          }]
        },
        "text": {
          "rawtext": [{
            "translate": "dialog.wb.npc.plot.86"
          }]
        },
        "buttons": [{
          "name": {
            "rawtext": [{
              "text": "Next"
            }]
          },
          "commands": [
            "/dialogue open @e[c=1,type=wb:plot_talk_npc] @initiator wb_base_talk62"
          ]
        }],
        "on_close_commands": []
      },
      {
        "scene_tag": "wb_base_talk62",
        "npc_name": {
          "rawtext": [{
            "text": "???"
          }]
        },
        "text": {
          "rawtext": [{
            "translate": "dialog.wb.npc.plot.87"
          }]
        },
        "buttons": [{
          "name": {
            "rawtext": [{
              "text": "Next"
            }]
          },
          "commands": [
            "/dialogue open @e[c=1,type=wb:plot_talk_npc] @initiator wb_base_talk63"
          ]
        }],
        "on_close_commands": []
      },
      {
        "scene_tag": "wb_base_talk63",
        "npc_name": {
          "rawtext": [{
            "text": "???"
          }]
        },
        "text": {
          "rawtext": [{
            "translate": "dialog.wb.npc.plot.88"
          }]
        },
        "buttons": [{
          "name": {
            "rawtext": [{
              "text": "Next"
            }]
          },
          "commands": [
            "/dialogue open @e[c=1,type=wb:plot_talk_npc] @initiator wb_base_talk64"
          ]
        }],
        "on_close_commands": []
      },
      {
        "scene_tag": "wb_base_talk64",
        "npc_name": {
          "rawtext": [{
            "text": "???"
          }]
        },
        "text": {
          "rawtext": [{
            "translate": "dialog.wb.npc.plot.33"
          }]
        },
        "buttons": [{
          "name": {
            "rawtext": [{
              "text": "Next"
            }]
          },
          "commands": [
            "/scoreboard players set @initiator wbnjqbf 11",
            "/kill @s"
          ]
        }],
        "on_close_commands": []
      },
      {
        "scene_tag": "wb_base_talk65",
        "npc_name": {
          "rawtext": [{
            "text": "???"
          }]
        },
        "text": {
          "rawtext": [{
            "translate": "dialog.wb.npc.plot.90"
          }]
        },
        "buttons": [{
          "name": {
            "rawtext": [{
              "text": "Next"
            }]
          },
          "commands": [
            "/dialogue open @e[c=1,type=wb:plot_talk_npc] @initiator wb_base_talk66"
          ]
        }],
        "on_close_commands": []
      },
      {
        "scene_tag": "wb_base_talk66",
        "npc_name": {
          "rawtext": [{
            "text": "???"
          }]
        },
        "text": {
          "rawtext": [{
            "translate": "dialog.wb.npc.plot.91"
          }]
        },
        "buttons": [{
          "name": {
            "rawtext": [{
              "text": "Next"
            }]
          },
          "commands": [
            "/dialogue open @e[c=1,type=wb:plot_talk_npc] @initiator wb_base_talk67"
          ]
        }],
        "on_close_commands": []
      },
      {
        "scene_tag": "wb_base_talk67",
        "npc_name": {
          "rawtext": [{
            "text": "???"
          }]
        },
        "text": {
          "rawtext": [{
            "translate": "dialog.wb.npc.plot.92"
          }]
        },
        "buttons": [{
          "name": {
            "rawtext": [{
              "text": "Next"
            }]
          },
          "commands": [
            "/dialogue open @e[c=1,type=wb:plot_talk_npc] @initiator wb_base_talk68"
          ]
        }],
        "on_close_commands": []
      },
      {
        "scene_tag": "wb_base_talk68",
        "npc_name": {
          "rawtext": [{
            "text": "???"
          }]
        },
        "text": {
          "rawtext": [{
            "translate": "dialog.wb.npc.plot.93"
          }]
        },
        "buttons": [{
          "name": {
            "rawtext": [{
              "text": "Next"
            }]
          },
          "commands": [
            "/dialogue open @e[c=1,type=wb:plot_talk_npc] @initiator wb_base_talk69"
          ]
        }],
        "on_close_commands": []
      },
      {
        "scene_tag": "wb_base_talk69",
        "npc_name": {
          "rawtext": [{
            "text": "???"
          }]
        },
        "text": {
          "rawtext": [{
            "translate": "dialog.wb.npc.plot.94"
          }]
        },
        "buttons": [{
          "name": {
            "rawtext": [{
              "text": "Next"
            }]
          },
          "commands": [
            "/dialogue open @e[c=1,type=wb:plot_talk_npc] @initiator wb_base_talk70"
          ]
        }],
        "on_close_commands": []
      },
      {
        "scene_tag": "wb_base_talk70",
        "npc_name": {
          "rawtext": [{
            "text": "???"
          }]
        },
        "text": {
          "rawtext": [{
            "translate": "dialog.wb.npc.plot.95"
          }]
        },
        "buttons": [{
          "name": {
            "rawtext": [{
              "text": "Next"
            }]
          },
          "commands": [
            "/dialogue open @e[c=1,type=wb:plot_talk_npc] @initiator wb_base_talk71"
          ]
        }],
        "on_close_commands": []
      },
      {
        "scene_tag": "wb_base_talk71",
        "npc_name": {
          "rawtext": [{
            "text": "???"
          }]
        },
        "text": {
          "rawtext": [{
            "translate": "dialog.wb.npc.plot.33"
          }]
        },
        "buttons": [{
          "name": {
            "rawtext": [{
              "text": "Next"
            }]
          },
          "commands": [
            "/scoreboard players set @initiator wbnjqbf 12",

            "/kill @s"
          ]
        }],
        "on_close_commands": []
      },
      {
        "scene_tag": "wb_base_talk72",
        "npc_name": {
          "rawtext": [{
            "text": "???"
          }]
        },
        "text": {
          "rawtext": [{
            "translate": "dialog.wb.npc.plot.97"
          }]
        },
        "buttons": [{
          "name": {
            "rawtext": [{
              "text": "Next"
            }]
          },
          "commands": [
            "/dialogue open @e[c=1,type=wb:plot_talk_npc] @initiator wb_base_talk73"
          ]
        }],
        "on_close_commands": []
      },
      {
        "scene_tag": "wb_base_talk73",
        "npc_name": {
          "rawtext": [{
            "text": "???"
          }]
        },
        "text": {
          "rawtext": [{
            "translate": "dialog.wb.npc.plot.98"
          }]
        },
        "buttons": [{
          "name": {
            "rawtext": [{
              "text": "Next"
            }]
          },
          "commands": [
            "/dialogue open @e[c=1,type=wb:plot_talk_npc] @initiator wb_base_talk74"
          ]
        }],
        "on_close_commands": []
      },
      {
        "scene_tag": "wb_base_talk74",
        "npc_name": {
          "rawtext": [{
            "text": "???"
          }]
        },
        "text": {
          "rawtext": [{
            "translate": "dialog.wb.npc.plot.99"
          }]
        },
        "buttons": [{
          "name": {
            "rawtext": [{
              "text": "Next"
            }]
          },
          "commands": [
            "/dialogue open @e[c=1,type=wb:plot_talk_npc] @initiator wb_base_talk75"
          ]
        }],
        "on_close_commands": []
      },
      {
        "scene_tag": "wb_base_talk75",
        "npc_name": {
          "rawtext": [{
            "text": "???"
          }]
        },
        "text": {
          "rawtext": [{
            "translate": "dialog.wb.npc.plot.100"
          }]
        },
        "buttons": [{
          "name": {
            "rawtext": [{
              "text": "Next"
            }]
          },
          "commands": [
            "/dialogue open @e[c=1,type=wb:plot_talk_npc] @initiator wb_base_talk76"
          ]
        }],
        "on_close_commands": []
      },
      {
        "scene_tag": "wb_base_talk76",
        "npc_name": {
          "rawtext": [{
            "text": "???"
          }]
        },
        "text": {
          "rawtext": [{
            "translate": "dialog.wb.npc.plot.101"
          }]
        },
        "buttons": [{
          "name": {
            "rawtext": [{
              "text": "Next"
            }]
          },
          "commands": [
            "/dialogue open @e[c=1,type=wb:plot_talk_npc] @initiator wb_base_talk77"
          ]
        }],
        "on_close_commands": []
      },
      {
        "scene_tag": "wb_base_talk77",
        "npc_name": {
          "rawtext": [{
            "text": "???"
          }]
        },
        "text": {
          "rawtext": [{
            "translate": "dialog.wb.npc.plot.102"
          }]
        },
        "buttons": [{
          "name": {
            "rawtext": [{
              "text": "Next"
            }]
          },
          "commands": [
            "/dialogue open @e[c=1,type=wb:plot_talk_npc] @initiator wb_base_talk78"
          ]
        }],
        "on_close_commands": []
      },
      {
        "scene_tag": "wb_base_talk78",
        "npc_name": {
          "rawtext": [{
            "text": "???"
          }]
        },
        "text": {
          "rawtext": [{
            "translate": "dialog.wb.npc.plot.103"
          }]
        },
        "buttons": [{
          "name": {
            "rawtext": [{
              "text": "Next"
            }]
          },
          "commands": [
            "/dialogue open @e[c=1,type=wb:plot_talk_npc] @initiator wb_base_talk79"
          ]
        }],
        "on_close_commands": []
      },
      {
        "scene_tag": "wb_base_talk79",
        "npc_name": {
          "rawtext": [{
            "text": "???"
          }]
        },
        "text": {
          "rawtext": [{
            "translate": "dialog.wb.npc.plot.104"
          }]
        },
        "buttons": [{
          "name": {
            "rawtext": [{
              "text": "Next"
            }]
          },
          "commands": [
            "/dialogue open @e[c=1,type=wb:plot_talk_npc] @initiator wb_base_talk80"
          ]
        }],
        "on_close_commands": []
      },
      {
        "scene_tag": "wb_base_talk80",
        "npc_name": {
          "rawtext": [{
            "text": "???"
          }]
        },
        "text": {
          "rawtext": [{
            "translate": "dialog.wb.npc.plot.105"
          }]
        },
        "buttons": [{
          "name": {
            "rawtext": [{
              "text": "Next"
            }]
          },
          "commands": [
            "/dialogue open @e[c=1,type=wb:plot_talk_npc] @initiator wb_base_talk81"
          ]
        }],
        "on_close_commands": []
      },
      {
        "scene_tag": "wb_base_talk81",
        "npc_name": {
          "rawtext": [{
            "text": "???"
          }]
        },
        "text": {
          "rawtext": [{
            "translate": "dialog.wb.npc.plot.106"
          }]
        },
        "buttons": [{
          "name": {
            "rawtext": [{
              "text": "Next"
            }]
          },
          "commands": [
            "/dialogue open @e[c=1,type=wb:plot_talk_npc] @initiator wb_base_talk82"
          ]
        }],
        "on_close_commands": []
      },
      {
        "scene_tag": "wb_base_talk82",
        "npc_name": {
          "rawtext": [{
            "text": "???"
          }]
        },
        "text": {
          "rawtext": [{
            "translate": "dialog.wb.npc.plot.107"
          }]
        },
        "buttons": [{
          "name": {
            "rawtext": [{
              "text": "Next"
            }]
          },
          "commands": [
            "/dialogue open @e[c=1,type=wb:plot_talk_npc] @initiator wb_base_talk83"
          ]
        }],
        "on_close_commands": []
      },
      {
        "scene_tag": "wb_base_talk83",
        "npc_name": {
          "rawtext": [{
            "text": "???"
          }]
        },
        "text": {
          "rawtext": [{
            "translate": "dialog.wb.npc.plot.108"
          }]
        },
        "buttons": [{
          "name": {
            "rawtext": [{
              "text": "Next"
            }]
          },
          "commands": [
            "/dialogue open @e[c=1,type=wb:plot_talk_npc] @initiator wb_base_talk84"
          ]
        }],
        "on_close_commands": []
      },
      {
        "scene_tag": "wb_base_talk84",
        "npc_name": {
          "rawtext": [{
            "text": "???"
          }]
        },
        "text": {
          "rawtext": [{
            "translate": "dialog.wb.npc.plot.109"
          }]
        },
        "buttons": [{
          "name": {
            "rawtext": [{
              "text": "Next"
            }]
          },
          "commands": [
            "/dialogue open @e[c=1,type=wb:plot_talk_npc] @initiator wb_base_talk85"
          ]
        }],
        "on_close_commands": []
      },
      {
        "scene_tag": "wb_base_talk85",
        "npc_name": {
          "rawtext": [{
            "text": "???"
          }]
        },
        "text": {
          "rawtext": [{
            "translate": "dialog.wb.npc.plot.33"
          }]
        },
        "buttons": [{
          "name": {
            "rawtext": [{
              "text": "Next"
            }]
          },
          "commands": [
            "/scoreboard players set @initiator wbnjqbf 13",
            "/kill @s"
          ]
        }],
        "on_close_commands": []
      },
      {
        "scene_tag": "wb_base_talk86",
        "npc_name": {
          "rawtext": [{
            "text": "???"
          }]
        },
        "text": {
          "rawtext": [{
            "translate": "dialog.wb.npc.plot.58"
          }]
        },
        "buttons": [{
          "name": {
            "rawtext": [{
              "text": "Next"
            }]
          },
          "commands": [
            "/kill @s"
          ]
        }],
        "on_close_commands": []
      },
      {
        "scene_tag": "wb_base_talk87",
        "npc_name": {
          "rawtext": [{
            "text": "???"
          }]
        },
        "text": {
          "rawtext": [{
            "translate": "dialog.wb.npc.plot.59"
          }]
        },
        "buttons": [{
          "name": {
            "rawtext": [{
              "text": "Next"
            }]
          },
          "commands": [


            "/function portal/startboss",
            "/summon wb:ancient_stone ~ 195 ~ isboss",
            "/kill @s"
          ]
        }],
        "on_close_commands": []
      },
      {
        "scene_tag": "wb_base_talk88",
        "npc_name": {
          "rawtext": [{
            "text": "???"
          }]
        },
        "text": {
          "rawtext": [{
            "translate": "dialog.wb.npc.plot.113"
          }]
        },
        "buttons": [{
          "name": {
            "rawtext": [{
              "text": "Next"
            }]
          },
          "commands": [
            "/dialogue open @e[c=1,type=wb:plot_talk_npc] @initiator wb_base_talk89"
          ]
        }],
        "on_close_commands": []
      },
      {
        "scene_tag": "wb_base_talk89",
        "npc_name": {
          "rawtext": [{
            "text": "???"
          }]
        },
        "text": {
          "rawtext": [{
            "translate": "dialog.wb.npc.plot.33"
          }]
        },
        "buttons": [{
          "name": {
            "rawtext": [{
              "text": "Next"
            }]
          },
          "commands": [
            "/scoreboard players set @initiator wbnjqbf 15",
            "/kill @s"
          ]
        }],
        "on_close_commands": []
      },
      {
        "scene_tag": "wb_base_talk90",
        "npc_name": {
          "rawtext": [{
            "text": "???"
          }]
        },
        "text": {
          "rawtext": [{
            "translate": "dialog.wb.npc.plot.115"
          }]
        },
        "buttons": [{
          "name": {
            "rawtext": [{
              "text": "Next"
            }]
          },
          "commands": [
            "/dialogue open @e[c=1,type=wb:plot_talk_npc] @initiator wb_base_talk91"
          ]
        }],
        "on_close_commands": []
      },
      {
        "scene_tag": "wb_base_talk91",
        "npc_name": {
          "rawtext": [{
            "text": "???"
          }]
        },
        "text": {
          "rawtext": [{
            "translate": "dialog.wb.npc.plot.116"
          }]
        },
        "buttons": [{
          "name": {
            "rawtext": [{
              "text": "Next"
            }]
          },
          "commands": [
            "/dialogue open @e[c=1,type=wb:plot_talk_npc] @initiator wb_base_talk92"
          ]
        }],
        "on_close_commands": []
      },
      {
        "scene_tag": "wb_base_talk92",
        "npc_name": {
          "rawtext": [{
            "text": "???"
          }]
        },
        "text": {
          "rawtext": [{
            "translate": "dialog.wb.npc.plot.117"
          }]
        },
        "buttons": [{
          "name": {
            "rawtext": [{
              "text": "Next"
            }]
          },
          "commands": [
            "/dialogue open @e[c=1,type=wb:plot_talk_npc] @initiator wb_base_talk93"
          ]
        }],
        "on_close_commands": []
      },
      {
        "scene_tag": "wb_base_talk93",
        "npc_name": {
          "rawtext": [{
            "text": "???"
          }]
        },
        "text": {
          "rawtext": [{
            "translate": "dialog.wb.npc.plot.118"
          }]
        },
        "buttons": [{
          "name": {
            "rawtext": [{
              "text": "Next"
            }]
          },
          "commands": [
            "/dialogue open @e[c=1,type=wb:plot_talk_npc] @initiator wb_base_talk94"
          ]
        }],
        "on_close_commands": []
      },
      {
        "scene_tag": "wb_base_talk94",
        "npc_name": {
          "rawtext": [{
            "text": "???"
          }]
        },
        "text": {
          "rawtext": [{
            "translate": "dialog.wb.npc.plot.119"
          }]
        },
        "buttons": [{
          "name": {
            "rawtext": [{
              "text": "Next"
            }]
          },
          "commands": [
            "/dialogue open @e[c=1,type=wb:plot_talk_npc] @initiator wb_base_talk95"
          ]
        }],
        "on_close_commands": []
      },
      {
        "scene_tag": "wb_base_talk95",
        "npc_name": {
          "rawtext": [{
            "text": "???"
          }]
        },
        "text": {
          "rawtext": [{
            "translate": "dialog.wb.npc.plot.120"
          }]
        },
        "buttons": [{
          "name": {
            "rawtext": [{
              "text": "Next"
            }]
          },
          "commands": [
            "/dialogue open @e[c=1,type=wb:plot_talk_npc] @initiator wb_base_talk96"
          ]
        }],
        "on_close_commands": []
      },
      {
        "scene_tag": "wb_base_talk96",
        "npc_name": {
          "rawtext": [{
            "text": "???"
          }]
        },
        "text": {
          "rawtext": [{
            "translate": "dialog.wb.npc.plot.121"
          }]
        },
        "buttons": [{
          "name": {
            "rawtext": [{
              "text": "Next"
            }]
          },
          "commands": [
            "/dialogue open @e[c=1,type=wb:plot_talk_npc] @initiator wb_base_talk97"
          ]
        }],
        "on_close_commands": []
      },
      {
        "scene_tag": "wb_base_talk97",
        "npc_name": {
          "rawtext": [{
            "text": "???"
          }]
        },
        "text": {
          "rawtext": [{
            "translate": "dialog.wb.npc.plot.122"
          }]
        },
        "buttons": [{
          "name": {
            "rawtext": [{
              "text": "Next"
            }]
          },
          "commands": [
            "/dialogue open @e[c=1,type=wb:plot_talk_npc] @initiator wb_base_talk98"
          ]
        }],
        "on_close_commands": []
      },
      {
        "scene_tag": "wb_base_talk98",
        "npc_name": {
          "rawtext": [{
            "text": "???"
          }]
        },
        "text": {
          "rawtext": [{
            "translate": "dialog.wb.npc.plot.123"
          }]
        },
        "buttons": [{
          "name": {
            "rawtext": [{
              "text": "Next"
            }]
          },
          "commands": [
            "/dialogue open @e[c=1,type=wb:plot_talk_npc] @initiator wb_base_talk99"
          ]
        }],
        "on_close_commands": []
      },
      {
        "scene_tag": "wb_base_talk99",
        "npc_name": {
          "rawtext": [{
            "text": "???"
          }]
        },
        "text": {
          "rawtext": [{
            "translate": "dialog.wb.npc.plot.124"
          }]
        },
        "buttons": [{
          "name": {
            "rawtext": [{
              "text": "Next"
            }]
          },
          "commands": [
            "/dialogue open @e[c=1,type=wb:plot_talk_npc] @initiator wb_base_talk100"
          ]
        }],
        "on_close_commands": []
      },
      {
        "scene_tag": "wb_base_talk100",
        "npc_name": {
          "rawtext": [{
            "text": "???"
          }]
        },
        "text": {
          "rawtext": [{
            "translate": "dialog.wb.npc.plot.33"
          }]
        },
        "buttons": [{
          "name": {
            "rawtext": [{
              "text": "Next"
            }]
          },
          "commands": [
            "/scoreboard players set @initiator wbnjqbf 16",
            "/kill @s"
          ]
        }],
        "on_close_commands": []
      },
      {
        "scene_tag": "wb_base_talk101",
        "npc_name": {
          "rawtext": [{
            "text": "???"
          }]
        },
        "text": {
          "rawtext": [{
            "translate": "dialog.wb.npc.plot.58"
          }]
        },
        "buttons": [{
          "name": {
            "rawtext": [{
              "text": "Next"
            }]
          },
          "commands": [
            "/kill @s"
          ]
        }],
        "on_close_commands": []
      },
      {
        "scene_tag": "wb_base_talk102",
        "npc_name": {
          "rawtext": [{
            "text": "???"
          }]
        },
        "text": {
          "rawtext": [{
            "translate": "dialog.wb.npc.plot.59还没有制作完成，所以这次就跳过"
          }]
        },
        "buttons": [{
          "name": {
            "rawtext": [{
              "text": "Next"
            }]
          },
          "commands": [
            "/scoreboard players set @initiator wbnjqbf 17",
            "/kill @s"
          ]
        }],
        "on_close_commands": []
      },
      {
        "scene_tag": "wb_base_talk103",
        "npc_name": {
          "rawtext": [{
            "text": "???"
          }]
        },
        "text": {
          "rawtext": [{
            "translate": "dialog.wb.npc.plot.128"
          }]
        },
        "buttons": [{
          "name": {
            "rawtext": [{
              "text": "Next"
            }]
          },
          "commands": [
            "/dialogue open @e[c=1,type=wb:plot_talk_npc] @initiator wb_base_talk104"
          ]
        }],
        "on_close_commands": []
      },
      {
        "scene_tag": "wb_base_talk104",
        "npc_name": {
          "rawtext": [{
            "text": "???"
          }]
        },
        "text": {
          "rawtext": [{
            "translate": "dialog.wb.npc.plot.129"
          }]
        },
        "buttons": [{
          "name": {
            "rawtext": [{
              "text": "Next"
            }]
          },
          "commands": [
            "/dialogue open @e[c=1,type=wb:plot_talk_npc] @initiator wb_base_talk105"
          ]
        }],
        "on_close_commands": []
      },
      {
        "scene_tag": "wb_base_talk105",
        "npc_name": {
          "rawtext": [{
            "text": "???"
          }]
        },
        "text": {
          "rawtext": [{
            "translate": "dialog.wb.npc.plot.130"
          }]
        },
        "buttons": [{
          "name": {
            "rawtext": [{
              "text": "Next"
            }]
          },
          "commands": [
            "/dialogue open @e[c=1,type=wb:plot_talk_npc] @initiator wb_base_talk106"
          ]
        }],
        "on_close_commands": []
      },
      {
        "scene_tag": "wb_base_talk106",
        "npc_name": {
          "rawtext": [{
            "text": "???"
          }]
        },
        "text": {
          "rawtext": [{
            "translate": "dialog.wb.npc.plot.33"
          }]
        },
        "buttons": [{
          "name": {
            "rawtext": [{
              "text": "Next"
            }]
          },
          "commands": [
            "/scoreboard players set @initiator wbnjqbf 18",
            "/kill @s"
          ]
        }],
        "on_close_commands": []
      },
      {
        "scene_tag": "wb_base_talk107",
        "npc_name": {
          "rawtext": [{
            "text": "???"
          }]
        },
        "text": {
          "rawtext": [{
            "translate": "dialog.wb.npc.plot.132"
          }]
        },
        "buttons": [{
          "name": {
            "rawtext": [{
              "text": "Next"
            }]
          },
          "commands": [
            "/dialogue open @e[c=1,type=wb:plot_talk_npc] @initiator wb_base_talk108"
          ]
        }],
        "on_close_commands": []
      },
      {
        "scene_tag": "wb_base_talk108",
        "npc_name": {
          "rawtext": [{
            "text": "???"
          }]
        },
        "text": {
          "rawtext": [{
            "translate": "dialog.wb.npc.plot.133"
          }]
        },
        "buttons": [{
          "name": {
            "rawtext": [{
              "text": "Next"
            }]
          },
          "commands": [
            "/dialogue open @e[c=1,type=wb:plot_talk_npc] @initiator wb_base_talk109"
          ]
        }],
        "on_close_commands": []
      },
      {
        "scene_tag": "wb_base_talk109",
        "npc_name": {
          "rawtext": [{
            "text": "???"
          }]
        },
        "text": {
          "rawtext": [{
            "translate": "dialog.wb.npc.plot.134"
          }]
        },
        "buttons": [{
          "name": {
            "rawtext": [{
              "text": "Next"
            }]
          },
          "commands": [
            "/dialogue open @e[c=1,type=wb:plot_talk_npc] @initiator wb_base_talk110"
          ]
        }],
        "on_close_commands": []
      },
      {
        "scene_tag": "wb_base_talk110",
        "npc_name": {
          "rawtext": [{
            "text": "???"
          }]
        },
        "text": {
          "rawtext": [{
            "translate": "dialog.wb.npc.plot.135"
          }]
        },
        "buttons": [{
          "name": {
            "rawtext": [{
              "text": "Next"
            }]
          },
          "commands": [
            "/dialogue open @e[c=1,type=wb:plot_talk_npc] @initiator wb_base_talk111"
          ]
        }],
        "on_close_commands": []
      },
      {
        "scene_tag": "wb_base_talk111",
        "npc_name": {
          "rawtext": [{
            "text": "???"
          }]
        },
        "text": {
          "rawtext": [{
            "translate": "dialog.wb.npc.plot.33"
          }]
        },
        "buttons": [{
          "name": {
            "rawtext": [{
              "text": "Next"
            }]
          },
          "commands": [
            "/scoreboard players set @initiator wbnjqbf 19",
            "/kill @s"
          ]
        }],
        "on_close_commands": []
      },
      {
        "scene_tag": "wb_base_talk112",
        "npc_name": {
          "rawtext": [{
            "text": "???"
          }]
        },
        "text": {
          "rawtext": [{
            "translate": "dialog.wb.npc.plot.137"
          }]
        },
        "buttons": [{
          "name": {
            "rawtext": [{
              "text": "Next"
            }]
          },
          "commands": [
            "/dialogue open @e[c=1,type=wb:plot_talk_npc] @initiator wb_base_talk113"
          ]
        }],
        "on_close_commands": []
      },
      {
        "scene_tag": "wb_base_talk113",
        "npc_name": {
          "rawtext": [{
            "text": "???"
          }]
        },
        "text": {
          "rawtext": [{
            "translate": "dialog.wb.npc.plot.138"
          }]
        },
        "buttons": [{
          "name": {
            "rawtext": [{
              "text": "Next"
            }]
          },
          "commands": [
            "/dialogue open @e[c=1,type=wb:plot_talk_npc] @initiator wb_base_talk114"
          ]
        }],
        "on_close_commands": []
      },
      {
        "scene_tag": "wb_base_talk114",
        "npc_name": {
          "rawtext": [{
            "text": "???"
          }]
        },
        "text": {
          "rawtext": [{
            "translate": "dialog.wb.npc.plot.139"
          }]
        },
        "buttons": [{
          "name": {
            "rawtext": [{
              "text": "Next"
            }]
          },
          "commands": [
            "/dialogue open @e[c=1,type=wb:plot_talk_npc] @initiator wb_base_talk115"
          ]
        }],
        "on_close_commands": []
      },
      {
        "scene_tag": "wb_base_talk115",
        "npc_name": {
          "rawtext": [{
            "text": "???"
          }]
        },
        "text": {
          "rawtext": [{
            "translate": "dialog.wb.npc.plot.140"
          }]
        },
        "buttons": [{
          "name": {
            "rawtext": [{
              "text": "Next"
            }]
          },
          "commands": [
            "/dialogue open @e[c=1,type=wb:plot_talk_npc] @initiator wb_base_talk116"
          ]
        }],
        "on_close_commands": []
      },
      {
        "scene_tag": "wb_base_talk116",
        "npc_name": {
          "rawtext": [{
            "text": "???"
          }]
        },
        "text": {
          "rawtext": [{
            "translate": "dialog.wb.npc.plot.141"
          }]
        },
        "buttons": [{
          "name": {
            "rawtext": [{
              "text": "Next"
            }]
          },
          "commands": [
            "/dialogue open @e[c=1,type=wb:plot_talk_npc] @initiator wb_base_talk117"
          ]
        }],
        "on_close_commands": []
      },
      {
        "scene_tag": "wb_base_talk117",
        "npc_name": {
          "rawtext": [{
            "text": "???"
          }]
        },
        "text": {
          "rawtext": [{
            "translate": "dialog.wb.npc.plot.142"
          }]
        },
        "buttons": [{
          "name": {
            "rawtext": [{
              "text": "Next"
            }]
          },
          "commands": [
            "/dialogue open @e[c=1,type=wb:plot_talk_npc] @initiator wb_base_talk118"
          ]
        }],
        "on_close_commands": []
      },
      {
        "scene_tag": "wb_base_talk118",
        "npc_name": {
          "rawtext": [{
            "text": "???"
          }]
        },
        "text": {
          "rawtext": [{
            "translate": "dialog.wb.npc.plot.143"
          }]
        },
        "buttons": [{
          "name": {
            "rawtext": [{
              "text": "Next"
            }]
          },
          "commands": [
            "/dialogue open @e[c=1,type=wb:plot_talk_npc] @initiator wb_base_talk119"
          ]
        }],
        "on_close_commands": []
      },
      {
        "scene_tag": "wb_base_talk119",
        "npc_name": {
          "rawtext": [{
            "text": "???"
          }]
        },
        "text": {
          "rawtext": [{
            "translate": "dialog.wb.npc.plot.33"
          }]
        },
        "buttons": [{
          "name": {
            "rawtext": [{
              "text": "Next"
            }]
          },
          "commands": [
            "/scoreboard players set @initiator wbnjqbf 20",
            "/kill @s"
          ]
        }],
        "on_close_commands": []
      },
      {
        "scene_tag": "wb_base_talk120",
        "npc_name": {
          "rawtext": [{
            "text": "???"
          }]
        },
        "text": {
          "rawtext": [{
            "translate": "dialog.wb.npc.plot.145"
          }]
        },
        "buttons": [{
          "name": {
            "rawtext": [{
              "text": "Next"
            }]
          },
          "commands": [
            "/dialogue open @e[c=1,type=wb:plot_talk_npc] @initiator wb_base_talk121"
          ]
        }],
        "on_close_commands": []
      },
      {
        "scene_tag": "wb_base_talk121",
        "npc_name": {
          "rawtext": [{
            "text": "???"
          }]
        },
        "text": {
          "rawtext": [{
            "translate": "dialog.wb.npc.plot.146"
          }]
        },
        "buttons": [{
          "name": {
            "rawtext": [{
              "text": "Next"
            }]
          },
          "commands": [
            "/dialogue open @e[c=1,type=wb:plot_talk_npc] @initiator wb_base_talk122"
          ]
        }],
        "on_close_commands": []
      },
      {
        "scene_tag": "wb_base_talk122",
        "npc_name": {
          "rawtext": [{
            "text": "???"
          }]
        },
        "text": {
          "rawtext": [{
            "translate": "dialog.wb.npc.plot.147"
          }]
        },
        "buttons": [{
          "name": {
            "rawtext": [{
              "text": "Next"
            }]
          },
          "commands": [
            "/dialogue open @e[c=1,type=wb:plot_talk_npc] @initiator wb_base_talk123"
          ]
        }],
        "on_close_commands": []
      },
      {
        "scene_tag": "wb_base_talk123",
        "npc_name": {
          "rawtext": [{
            "text": "???"
          }]
        },
        "text": {
          "rawtext": [{
            "translate": "dialog.wb.npc.plot.148"
          }]
        },
        "buttons": [{
          "name": {
            "rawtext": [{
              "text": "Next"
            }]
          },
          "commands": [
            "/dialogue open @e[c=1,type=wb:plot_talk_npc] @initiator wb_base_talk124"
          ]
        }],
        "on_close_commands": []
      },
      {
        "scene_tag": "wb_base_talk124",
        "npc_name": {
          "rawtext": [{
            "text": "???"
          }]
        },
        "text": {
          "rawtext": [{
            "translate": "dialog.wb.npc.plot.149"
          }]
        },
        "buttons": [{
          "name": {
            "rawtext": [{
              "text": "Next"
            }]
          },
          "commands": [
            "/dialogue open @e[c=1,type=wb:plot_talk_npc] @initiator wb_base_talk125"
          ]
        }],
        "on_close_commands": []
      },
      {
        "scene_tag": "wb_base_talk125",
        "npc_name": {
          "rawtext": [{
            "text": "???"
          }]
        },
        "text": {
          "rawtext": [{
            "translate": "dialog.wb.npc.plot.33"
          }]
        },
        "buttons": [{
          "name": {
            "rawtext": [{
              "text": "Next"
            }]
          },
          "commands": [
            "/scoreboard players set @initiator wbnjqbf 21",
            "/kill @s"
          ]
        }],
        "on_close_commands": []
      },
      {
        "scene_tag": "wb_base_talk126",
        "npc_name": {
          "rawtext": [{
            "text": "???"
          }]
        },
        "text": {
          "rawtext": [{
            "translate": "dialog.wb.npc.plot.151"
          }]
        },
        "buttons": [{
          "name": {
            "rawtext": [{
              "text": "Next"
            }]
          },
          "commands": [
            "/dialogue open @e[c=1,type=wb:plot_talk_npc] @initiator wb_base_talk127"
          ]
        }],
        "on_close_commands": []
      },
      {
        "scene_tag": "wb_base_talk127",
        "npc_name": {
          "rawtext": [{
            "text": "???"
          }]
        },
        "text": {
          "rawtext": [{
            "translate": "dialog.wb.npc.plot.152"
          }]
        },
        "buttons": [{
          "name": {
            "rawtext": [{
              "text": "Next"
            }]
          },
          "commands": [
            "/dialogue open @e[c=1,type=wb:plot_talk_npc] @initiator wb_base_talk128"
          ]
        }],
        "on_close_commands": []
      },
      {
        "scene_tag": "wb_base_talk128",
        "npc_name": {
          "rawtext": [{
            "text": "???"
          }]
        },
        "text": {
          "rawtext": [{
            "translate": "dialog.wb.npc.plot.153"
          }]
        },
        "buttons": [{
          "name": {
            "rawtext": [{
              "text": "Next"
            }]
          },
          "commands": [
            "/dialogue open @e[c=1,type=wb:plot_talk_npc] @initiator wb_base_talk129"
          ]
        }],
        "on_close_commands": []
      },
      {
        "scene_tag": "wb_base_talk129",
        "npc_name": {
          "rawtext": [{
            "text": "???"
          }]
        },
        "text": {
          "rawtext": [{
            "translate": "dialog.wb.npc.plot.154"
          }]
        },
        "buttons": [{
          "name": {
            "rawtext": [{
              "text": "Next"
            }]
          },
          "commands": [
            "/dialogue open @e[c=1,type=wb:plot_talk_npc] @initiator wb_base_talk130"
          ]
        }],
        "on_close_commands": []
      },
      {
        "scene_tag": "wb_base_talk130",
        "npc_name": {
          "rawtext": [{
            "text": "???"
          }]
        },
        "text": {
          "rawtext": [{
            "translate": "dialog.wb.npc.plot.155"
          }]
        },
        "buttons": [{
          "name": {
            "rawtext": [{
              "text": "Next"
            }]
          },
          "commands": [
            "/dialogue open @e[c=1,type=wb:plot_talk_npc] @initiator wb_base_talk131"
          ]
        }],
        "on_close_commands": []
      },
      {
        "scene_tag": "wb_base_talk131",
        "npc_name": {
          "rawtext": [{
            "text": "???"
          }]
        },
        "text": {
          "rawtext": [{
            "translate": "dialog.wb.npc.plot.156"
          }]
        },
        "buttons": [{
          "name": {
            "rawtext": [{
              "text": "Next"
            }]
          },
          "commands": [
            "/dialogue open @e[c=1,type=wb:plot_talk_npc] @initiator wb_base_talk132"
          ]
        }],
        "on_close_commands": []
      },
      {
        "scene_tag": "wb_base_talk132",
        "npc_name": {
          "rawtext": [{
            "text": "???"
          }]
        },
        "text": {
          "rawtext": [{
            "translate": "dialog.wb.npc.plot.157"
          }]
        },
        "buttons": [{
          "name": {
            "rawtext": [{
              "text": "Next"
            }]
          },
          "commands": [
            "/dialogue open @e[c=1,type=wb:plot_talk_npc] @initiator wb_base_talk133"
          ]
        }],
        "on_close_commands": []
      },
      {
        "scene_tag": "wb_base_talk133",
        "npc_name": {
          "rawtext": [{
            "text": "???"
          }]
        },
        "text": {
          "rawtext": [{
            "translate": "dialog.wb.npc.plot.158"
          }]
        },
        "buttons": [{
          "name": {
            "rawtext": [{
              "text": "Next"
            }]
          },
          "commands": [
            "/dialogue open @e[c=1,type=wb:plot_talk_npc] @initiator wb_base_talk134"
          ]
        }],
        "on_close_commands": []
      },
      {
        "scene_tag": "wb_base_talk134",
        "npc_name": {
          "rawtext": [{
            "text": "???"
          }]
        },
        "text": {
          "rawtext": [{
            "translate": "dialog.wb.npc.plot.159"
          }]
        },
        "buttons": [{
          "name": {
            "rawtext": [{
              "text": "Next"
            }]
          },
          "commands": [
            "/dialogue open @e[c=1,type=wb:plot_talk_npc] @initiator wb_base_talk135"
          ]
        }],
        "on_close_commands": []
      },
      {
        "scene_tag": "wb_base_talk135",
        "npc_name": {
          "rawtext": [{
            "text": "???"
          }]
        },
        "text": {
          "rawtext": [{
            "translate": "dialog.wb.npc.plot.33"
          }]
        },
        "buttons": [{
          "name": {
            "rawtext": [{
              "text": "Next"
            }]
          },
          "commands": [
            "/scoreboard players set @initiator wbnjqbf 22",

            "/kill @s"
          ]
        }],
        "on_close_commands": []
      },
      {
        "scene_tag": "wb_base_talk136",
        "npc_name": {
          "rawtext": [{
            "text": "???"
          }]
        },
        "text": {
          "rawtext": [{
            "translate": "dialog.wb.npc.plot.58"
          }]
        },
        "buttons": [{
          "name": {
            "rawtext": [{
              "text": "Next"
            }]
          },
          "commands": [
            "/kill @s"
          ]
        }],
        "on_close_commands": []
      },
      {
        "scene_tag": "wb_base_talk137",
        "npc_name": {
          "rawtext": [{
            "text": "???"
          }]
        },
        "text": {
          "rawtext": [{
            "translate": "dialog.wb.npc.plot.59"
          }]
        },
        "buttons": [{
          "name": {
            "rawtext": [{
              "text": "Next"
            }]
          },
          "commands": [


            "/function portal/startboss",
            "/summon wb:intentions_first ~ 195 ~",
            "/kill @s"
          ]
        }],
        "on_close_commands": []
      },
      {
        "scene_tag": "wb_base_talk138",
        "npc_name": {
          "rawtext": [{
            "text": "???"
          }]
        },
        "text": {
          "rawtext": [{
            "translate": "dialog.wb.npc.plot.163"
          }]
        },
        "buttons": [{
          "name": {
            "rawtext": [{
              "text": "Next"
            }]
          },
          "commands": [
            "/dialogue open @e[c=1,type=wb:plot_talk_npc] @initiator wb_base_talk139"
          ]
        }],
        "on_close_commands": []
      },
      {
        "scene_tag": "wb_base_talk139",
        "npc_name": {
          "rawtext": [{
            "text": "???"
          }]
        },
        "text": {
          "rawtext": [{
            "translate": "dialog.wb.npc.plot.164"
          }]
        },
        "buttons": [{
          "name": {
            "rawtext": [{
              "text": "Next"
            }]
          },
          "commands": [
            "/dialogue open @e[c=1,type=wb:plot_talk_npc] @initiator wb_base_talk140"
          ]
        }],
        "on_close_commands": []
      },
      {
        "scene_tag": "wb_base_talk140",
        "npc_name": {
          "rawtext": [{
            "text": "???"
          }]
        },
        "text": {
          "rawtext": [{
            "translate": "dialog.wb.npc.plot.165"
          }]
        },
        "buttons": [{
          "name": {
            "rawtext": [{
              "text": "Next"
            }]
          },
          "commands": [
            "/dialogue open @e[c=1,type=wb:plot_talk_npc] @initiator wb_base_talk141"
          ]
        }],
        "on_close_commands": []
      },
      {
        "scene_tag": "wb_base_talk141",
        "npc_name": {
          "rawtext": [{
            "text": "???"
          }]
        },
        "text": {
          "rawtext": [{
            "translate": "dialog.wb.npc.plot.166"
          }]
        },
        "buttons": [{
          "name": {
            "rawtext": [{
              "text": "Next"
            }]
          },
          "commands": [
            "/dialogue open @e[c=1,type=wb:plot_talk_npc] @initiator wb_base_talk142"
          ]
        }],
        "on_close_commands": []
      },
      {
        "scene_tag": "wb_base_talk142",
        "npc_name": {
          "rawtext": [{
            "text": "???"
          }]
        },
        "text": {
          "rawtext": [{
            "translate": "dialog.wb.npc.plot.167"
          }]
        },
        "buttons": [{
          "name": {
            "rawtext": [{
              "text": "Next"
            }]
          },
          "commands": [
            "/dialogue open @e[c=1,type=wb:plot_talk_npc] @initiator wb_base_talk143"
          ]
        }],
        "on_close_commands": []
      },
      {
        "scene_tag": "wb_base_talk143",
        "npc_name": {
          "rawtext": [{
            "text": "???"
          }]
        },
        "text": {
          "rawtext": [{
            "translate": "dialog.wb.npc.plot.33"
          }]
        },
        "buttons": [{
          "name": {
            "rawtext": [{
              "text": "Next"
            }]
          },
          "commands": [
            "/scoreboard players set @initiator wbnjqbf 24",
            "/kill @s"
          ]
        }],
        "on_close_commands": []
      },
      {
        "scene_tag": "wb_base_talk144",
        "npc_name": {
          "rawtext": [{
            "text": "???"
          }]
        },
        "text": {
          "rawtext": [{
            "translate": "dialog.wb.npc.plot.169"
          }]
        },
        "buttons": [{
          "name": {
            "rawtext": [{
              "text": "Next"
            }]
          },
          "commands": [
            "/dialogue open @e[c=1,type=wb:plot_talk_npc] @initiator wb_base_talk145"
          ]
        }],
        "on_close_commands": []
      },
      {
        "scene_tag": "wb_base_talk145",
        "npc_name": {
          "rawtext": [{
            "text": "???"
          }]
        },
        "text": {
          "rawtext": [{
            "translate": "dialog.wb.npc.plot.170"
          }]
        },
        "buttons": [{
          "name": {
            "rawtext": [{
              "text": "Next"
            }]
          },
          "commands": [
            "/dialogue open @e[c=1,type=wb:plot_talk_npc] @initiator wb_base_talk146"
          ]
        }],
        "on_close_commands": []
      },
      {
        "scene_tag": "wb_base_talk146",
        "npc_name": {
          "rawtext": [{
            "text": "???"
          }]
        },
        "text": {
          "rawtext": [{
            "translate": "dialog.wb.npc.plot.171"
          }]
        },
        "buttons": [{
          "name": {
            "rawtext": [{
              "text": "Next"
            }]
          },
          "commands": [
            "/dialogue open @e[c=1,type=wb:plot_talk_npc] @initiator wb_base_talk147"
          ]
        }],
        "on_close_commands": []
      },
      {
        "scene_tag": "wb_base_talk147",
        "npc_name": {
          "rawtext": [{
            "text": "???"
          }]
        },
        "text": {
          "rawtext": [{
            "translate": "dialog.wb.npc.plot.33"
          }]
        },
        "buttons": [{
          "name": {
            "rawtext": [{
              "text": "Next"
            }]
          },
          "commands": [
            "/scoreboard players set @initiator wbnjqbf 25",
            "/kill @s"
          ]
        }],
        "on_close_commands": []
      },
      {
        "scene_tag": "wb_base_talk148",
        "npc_name": {
          "rawtext": [{
            "text": "???"
          }]
        },
        "text": {
          "rawtext": [{
            "translate": "dialog.wb.npc.plot.173"
          }]
        },
        "buttons": [{
          "name": {
            "rawtext": [{
              "text": "Next"
            }]
          },
          "commands": [
            "/dialogue open @e[c=1,type=wb:plot_talk_npc] @initiator wb_base_talk149"
          ]
        }],
        "on_close_commands": []
      },
      {
        "scene_tag": "wb_base_talk149",
        "npc_name": {
          "rawtext": [{
            "text": "???"
          }]
        },
        "text": {
          "rawtext": [{
            "translate": "dialog.wb.npc.plot.174"
          }]
        },
        "buttons": [{
          "name": {
            "rawtext": [{
              "text": "Next"
            }]
          },
          "commands": [
            "/dialogue open @e[c=1,type=wb:plot_talk_npc] @initiator wb_base_talk150"
          ]
        }],
        "on_close_commands": []
      },
      {
        "scene_tag": "wb_base_talk150",
        "npc_name": {
          "rawtext": [{
            "text": "???"
          }]
        },
        "text": {
          "rawtext": [{
            "translate": "dialog.wb.npc.plot.175"
          }]
        },
        "buttons": [{
          "name": {
            "rawtext": [{
              "text": "Next"
            }]
          },
          "commands": [
            "/dialogue open @e[c=1,type=wb:plot_talk_npc] @initiator wb_base_talk151"
          ]
        }],
        "on_close_commands": []
      },
      {
        "scene_tag": "wb_base_talk151",
        "npc_name": {
          "rawtext": [{
            "text": "???"
          }]
        },
        "text": {
          "rawtext": [{
            "translate": "dialog.wb.npc.plot.176"
          }]
        },
        "buttons": [{
          "name": {
            "rawtext": [{
              "text": "Next"
            }]
          },
          "commands": [
            "/dialogue open @e[c=1,type=wb:plot_talk_npc] @initiator wb_base_talk152"
          ]
        }],
        "on_close_commands": []
      },
      {
        "scene_tag": "wb_base_talk152",
        "npc_name": {
          "rawtext": [{
            "text": "???"
          }]
        },
        "text": {
          "rawtext": [{
            "translate": "dialog.wb.npc.plot.177"
          }]
        },
        "buttons": [{
          "name": {
            "rawtext": [{
              "text": "Next"
            }]
          },
          "commands": [
            "/dialogue open @e[c=1,type=wb:plot_talk_npc] @initiator wb_base_talk153"
          ]
        }],
        "on_close_commands": []
      },
      {
        "scene_tag": "wb_base_talk153",
        "npc_name": {
          "rawtext": [{
            "text": "???"
          }]
        },
        "text": {
          "rawtext": [{
            "translate": "dialog.wb.npc.plot.178"
          }]
        },
        "buttons": [{
          "name": {
            "rawtext": [{
              "text": "Next"
            }]
          },
          "commands": [
            "/dialogue open @e[c=1,type=wb:plot_talk_npc] @initiator wb_base_talk154"
          ]
        }],
        "on_close_commands": []
      },
      {
        "scene_tag": "wb_base_talk154",
        "npc_name": {
          "rawtext": [{
            "text": "???"
          }]
        },
        "text": {
          "rawtext": [{
            "translate": "dialog.wb.npc.plot.179"
          }]
        },
        "buttons": [{
          "name": {
            "rawtext": [{
              "text": "Next"
            }]
          },
          "commands": [
            "/scoreboard players set @initiator wbnjqbf 26",
            "/kill @s"
          ]
        }],
        "on_close_commands": []
      }
    ]
  }
}