{
  "format_version": "1.12.0",
  "minecraft:geometry": [
    {
      "description": {
        "identifier": "geometry.z4",
        "texture_width": 16,
        "texture_height": 16
      },
      "bones": [
        {
          "name": "z4",
          "pivot": [ 0.0, 0.0, 0.0 ],
          "cubes": [
            {
              "origin": [ -8.0, 8.0, 0.0 ],
              "size": [ 16.0, 16.0, 0.0 ],
              "uv": [ 0, 0 ],
              "rotation": [ 0.0, 0.0, 0.0 ]
            }
          ]
        }
      ]
    }
  ]
}