{
	"format_version": "1.8.0",
	"animations": {
		"animation.abyssal_controller.spawn": {
			"animation_length": 2.12,
			"override_previous_animation": true,
			"bones": {
				"root": {
					"position": {
						"0.16": {
							"post": [0, -24, 0],
							"lerp_mode": "catmullrom"
						},
						"0.68": {
							"post": [0, 0, 0],
							"lerp_mode": "catmullrom"
						},
						"2.12": {
							"post": [0, 0, 0],
							"lerp_mode": "catmullrom"
						}
					},
					"scale": {
						"0.16": {
							"post": [0, 0, 0],
							"lerp_mode": "catmullrom"
						},
						"0.68": {
							"post": [1, 1, 1],
							"lerp_mode": "catmullrom"
						},
						"2.12": {
							"post": [1, 1, 1],
							"lerp_mode": "catmullrom"
						}
					}
				},
				"head": {
					"rotation": {
						"1.12": {
							"post": [0, 0, 0],
							"lerp_mode": "catmullrom"
						},
						"1.48": {
							"post": [-45, 0, 0],
							"lerp_mode": "catmullrom"
						},
						"1.92": {
							"post": [0, 0, 0],
							"lerp_mode": "catmullrom"
						},
						"2.12": {
							"post": [0, 0, 0],
							"lerp_mode": "catmullrom"
						}
					}
				},
				"hat": {
					"rotation": {
						"1.12": {
							"post": [0, 0, 0],
							"lerp_mode": "catmullrom"
						},
						"1.48": {
							"post": [-45, 0, 0],
							"lerp_mode": "catmullrom"
						},
						"1.92": {
							"post": [0, 0, 0],
							"lerp_mode": "catmullrom"
						},
						"2.12": {
							"post": [0, 0, 0],
							"lerp_mode": "catmullrom"
						}
					}
				},
				"rightArm": {
					"rotation": {
						"0.8": {
							"post": [0, 0, 0],
							"lerp_mode": "catmullrom"
						},
						"1.12": {
							"post": [-175, 0, -27.5],
							"lerp_mode": "catmullrom"
						},
						"1.92": {
							"post": [0, 0, 0],
							"lerp_mode": "catmullrom"
						},
						"2.12": {
							"post": [0, 0, 0],
							"lerp_mode": "catmullrom"
						}
					}
				},
				"leftArm": {
					"rotation": {
						"0.8": {
							"post": [0, 0, 0],
							"lerp_mode": "catmullrom"
						},
						"1.12": {
							"post": [-175, 0, 27.5],
							"lerp_mode": "catmullrom"
						},
						"1.92": {
							"post": [0, 0, 0],
							"lerp_mode": "catmullrom"
						},
						"2.12": {
							"post": [0, 0, 0],
							"lerp_mode": "catmullrom"
						}
					}
				}
			},
			"particle_effects": {
				"0.0": {
					"effect": "dec:abyssal_controller_spawn_particle"
				}
			}
		},
		"animation.abyssal_controller.shoot": {
			"animation_length": 1,
			"bones": {
				"rightArm": {
					"rotation": {
						"0.0": [0, 0, 0],
						"0.24": [-87.5, 110, 0],
						"0.56": [-87.5, 110, 0],
						"0.68": [-87.5, 2.5, 0],
						"0.96": [-87.5, 2.5, 0]
					}
				}
			}
		},
		"animation.abyssal_controller.float": {
			"loop": true,
			"animation_length": 6.24,
			"bones": {
				"rightArm": {
					"rotation": {
						"0.0": {
							"post": [0, 0, 0],
							"lerp_mode": "catmullrom"
						},
						"3.12": {
							"post": [0, 0, 7.5],
							"lerp_mode": "catmullrom"
						},
						"6.24": {
							"post": [0, 0, 0],
							"lerp_mode": "catmullrom"
						}
					}
				},
				"leftArm": {
					"rotation": {
						"0.0": {
							"post": [0, 0, 0],
							"lerp_mode": "catmullrom"
						},
						"3.12": {
							"post": [0, 0, -7.5],
							"lerp_mode": "catmullrom"
						},
						"6.24": {
							"post": [0, 0, 0],
							"lerp_mode": "catmullrom"
						}
					}
				},
				"rightLeg": {
					"rotation": {
						"0.0": {
							"post": [0, 0, 0],
							"lerp_mode": "catmullrom"
						},
						"3.12": {
							"post": [0, 0, 5],
							"lerp_mode": "catmullrom"
						},
						"6.24": {
							"post": [0, 0, 0],
							"lerp_mode": "catmullrom"
						}
					}
				},
				"leftLeg": {
					"rotation": {
						"0.0": {
							"post": [0, 0, 0],
							"lerp_mode": "catmullrom"
						},
						"3.12": {
							"post": [0, 0, -5],
							"lerp_mode": "catmullrom"
						},
						"6.24": {
							"post": [0, 0, 0],
							"lerp_mode": "catmullrom"
						}
					}
				}
			}
		}
	}
}