{
  "format_version": "1.16.0",
  "minecraft:entity": {
    "description": {
      "identifier": "dec:illusioner_puppet",
      "is_spawnable": false,
      "is_summonable": true,
      "is_experimental": false
    },
    "component_groups": {
     "minecraft:aggro": {     
        "minecraft:angry": {
          "duration": -1,
          "broadcastAnger": false,
          "calm_event": {
            "event": "stop_angry",
            "target": "self"
          }
        }
      },
      "minecraft:ranged_attack": {
        "minecraft:behavior.ranged_attack": {
          "attack_interval_min": 1,
          "attack_interval_max": 3,
          "attack_radius": 15
        },
        "minecraft:shooter": {
          "def": "minecraft:arrow"
        },
        "minecraft:environment_sensor": {
          "triggers": [
            {
              "filters": {
                "test": "is_underwater",
                "subject": "self",
                "operator": "==",
                "value": true
              },
              "event": "minecraft:melee_mode"
            },
            {
              "filters": {
                "test": "has_ranged_weapon",
                "subject": "self",
                "operator": "==",
                "value": false
              },
              "event": "minecraft:melee_mode"
            }
          ]
        }
      },
      "minecraft:melee_attack": {
        "minecraft:behavior.melee_attack": {
          "priority": 4,
          "track_target": true,
          "speed_multiplier": 1.25
        },
        "minecraft:attack": {
          "damage": 3
        },
        "minecraft:environment_sensor": {
          "triggers": [
            {
              "filters": {
                "all_of": [
                  {
                    "test": "in_water",
                    "subject": "self",
                    "operator": "==",
                    "value": false
                  },
                  {
                    "test": "has_ranged_weapon",
                    "subject": "self",
                    "operator": "==",
                    "value": true
                  }
                ]
              },
              "event": "minecraft:ranged_mode"
            }
          ]
        }
      }
    },

    "components": {
      "minecraft:experience_reward": {
        "on_death": "query.last_hit_by_player ? 5 + (query.equipment_count * Math.Random(1,3)) : 0"
      },
      "minecraft:equip_item": {
      },
      "minecraft:collision_box": {
        "width": 0.6,
        "height": 1.9
      },
      "minecraft:type_family": {
        "family": [ "illusioner_puppet", "illager", "monster", "mob", "puppet" ]
      },
      "minecraft:breathable": {
        "total_supply": 15,
        "suffocate_time": 0,
        "breathes_water": true
      },
      "minecraft:behavior.float": {
        "priority": 0      
      },
      "minecraft:health": {
        "value": 20,
        "max": 20
      },
      "minecraft:hurt_on_condition": {
        "damage_conditions": [
          {
            "filters": { "test": "in_lava", "subject": "self", "operator": "==", "value": true },
            "cause": "lava",
            "damage_per_tick": 4
          }
        ]
      },     
      "minecraft:movement": {
        "value": 0.25
      },
      "minecraft:navigation.walk": {
        "is_amphibious": true,       
        "avoid_water": true
      },
      "minecraft:movement.basic": {
      },
      "minecraft:jump.static": {
      },
      "minecraft:can_climb": {
      },
      "minecraft:nameable": {
      },
      "minecraft:equipment": {
        "table": "loot_tables/entities/illusioner_gear.json",
        "slot_drop_chance": [
          {
            "slot": "slot.weapon.mainhand",
            "drop_chance": 0
          }
        ]
      },
      "minecraft:shooter": {
        "def": "minecraft:arrow"
      },
      "minecraft:environment_sensor": {
        "triggers": [
          {
            "filters": {
              "test": "is_underwater",
              "subject": "self",
              "operator": "==",
              "value": true
            },
            "event": "minecraft:melee_mode"
          },
          {
            "filters": {
              "test": "has_ranged_weapon",
              "subject": "self",
              "operator": "==",
              "value": false
            },
            "event": "minecraft:melee_mode"
          }
        ]
      },
      "minecraft:despawn": {
         "filters": {
           "any_of": [
             {
               "all_of": [
                 { "test": "is_persistent", "value": false },
                 { "test": "distance_to_nearest_player", "operator": ">", "value": 54 }
               ]
             },
             {
               "all_of": [
                 { "test": "is_persistent", "value": false },
                 { "test": "inactivity_timer", "subject": "self", "value": 30 },
                 { "test": "random_chance", "value": 800 },
                 { "test": "distance_to_nearest_player", "operator": ">", "value": 32 }
               ]
             }
           ]
         }
       },
      "minecraft:behavior.ranged_attack": {
        "attack_interval_min": 1,
        "attack_interval_max": 3,
        "attack_radius": 15
      },
      "minecraft:on_target_acquired": {
        "event": "angry",
        "target": "self"
      },
      "minecraft:on_target_escape": {
        "event": "stop_angry",
        "target": "self"
      },
      "minecraft:behavior.hurt_by_target": {
        "priority": 1
      },
      "minecraft:damage_sensor": {
        "triggers": {
          "on_damage": {
            "filters": {
              "test": "is_family",
              "subject": "other",
              "value": "illager"
            }
          },
          "deals_damage": false
        }                  
      },
      "minecraft:behavior.nearest_attackable_target": {
        "priority": 2,
        "within_radius": 16.0,
        "reselect_targets": true,
        "entity_types": [
          {
            "filters": {
              "any_of": [
                {
                  "test": "is_family",
                  "subject": "other",
                  "value": "player"
                },
                {
                  "test": "is_family",
                  "subject": "other",
                  "value": "undead"
                },
                {
                  "test": "is_family",
                  "subject": "other",
                  "value": "wandering_trader"
                }
              ]
            },
            "max_dist": 30
          },
          {
            "filters": {
              "all_of": [
                {
                  "test": "is_family",
                  "subject": "other",
                  "value": "villager"
                },
                {
                  "test": "has_component",
                  "subject": "other",
                  "operator": "!=",
                  "value": "minecraft:is_baby"
                }
              ]
            },
            "max_dist": 30
          }
        ],
        "must_see": false
      },
      "minecraft:behavior.random_stroll": {
        "priority": 6,
        "speed_multiplier": 1
      },
      "minecraft:behavior.look_at_player": {
        "priority": 7,
        "look_distance": 8
      },
      "minecraft:behavior.random_look_around": {
        "priority": 8
      },
      "minecraft:physics": {
      },
      "minecraft:pushable": {
        "is_pushable": true,
        "is_pushable_by_piston": true
      }
    },

    "events": {
      "minecraft:entity_spawned": {
        "add": {
          "component_groups": [
            "minecraft:ranged_attack"
          ]
        }
      },
      "holding":{
  "add": {
  "component_groups":[
  "holding"
  ]
 }
},
   "angry":{
   "add": {
   "component_groups":[
   "minecraft:aggro"
   ]
  }
 },
 "stop_angry":{
 "remove": {
 "component_groups":[
 "minecraft:aggro"
 ]
 }
 },

      "minecraft:melee_mode": {
        "remove": { "component_groups": [ "minecraft:ranged_attack" ] },
        "add": { "component_groups": [ "minecraft:melee_attack" ] }
      },
      "minecraft:ranged_mode": {
        "remove": { "component_groups": [ "minecraft:melee_attack" ] },
        "add": { "component_groups": [ "minecraft:ranged_attack" ] }
      }
    }
  }
}