{
  "format_version": "1.16.0",
  "minecraft:entity": {
    "description": {
      "identifier": "dec:illusioner",
      "is_spawnable": true,
      "is_summonable": true,
      "is_experimental": false
    },
    "component_groups": {
      "holding": {
       "minecraft:spell_effects": {
         "add_effects": [
           {
             "effect": "invisibility",
             "amplifier": 1,
             "visible": false,
             "ambient": false,
             "duration": 10
           }
         ]
       }
     },
     "minecraft:aggro": {
         "minecraft:timer":{
         "looping":true,
          "randomInterval":false,
          "time":10.0,
          "time_down_event":{
          "event":"holding",
          "target":"self"
          }
        },
        "minecraft:angry": {
          "duration": -1,
          "broadcastAnger": false,
          "calm_event": {
            "event": "stop_angry",
            "target": "self"
          }
        }
      }
    },
    "components": {
      "minecraft:experience_reward": {
        "on_death": "10"
      },
      "minecraft:type_family": {
        "family": [ "illusioner", "monster", "illager", "mob" ]
      },
      "minecraft:breathable": {
        "total_supply": 15,
        "suffocate_time": 0
      },
      "minecraft:nameable": {
      },
      "minecraft:loot": {
        "table": "loot_tables/entities/evocation_illager.json"
      },
      "minecraft:equipment": {
        "table": "loot_tables/entities/illusioner_gear.json"
      },
      "minecraft:health": {
        "value": 32,
        "max": 32
      },
      "minecraft:hurt_on_condition": {
        "damage_conditions": [
          {
            "filters": { "test": "in_lava", "subject": "self", "operator": "==", "value": true },
            "cause": "lava",
            "damage_per_tick": 4
          }
        ]
      },
      "minecraft:collision_box": {
        "width": 0.6,
        "height": 1.9
      },
      "minecraft:movement": {
        "value": 0.5
      },
      "minecraft:navigation.walk": {
        "can_path_over_water": true,
        "can_pass_doors": true,
        "can_open_doors": true,
        "avoid_water": true
      },
      "minecraft:annotation.open_door": {
      },
      "minecraft:movement.basic": {
      },
      "minecraft:jump.static": {
      },
      "minecraft:can_climb": {
      },
      "minecraft:behavior.float": {
        "priority": 0
      }, 
      "minecraft:on_target_acquired": {
        "event": "angry",
        "target": "self"
      },
      "minecraft:on_target_escape": {
        "event": "stop_angry",
        "target": "self"
      },
      "minecraft:behavior.ranged_attack": {
        "priority": 3,
        "attack_interval_min": 1,
        "attack_interval_max": 3,
        "attack_radius": 15
      },
      "minecraft:shooter": {
        "def": "minecraft:arrow"      
      },
      "minecraft:behavior.summon_entity": {
        "priority": 2,
        "summon_choices": [
          {
            "min_activation_range":1,
            "max_activation_range":16,
            "weight": 3,
            "cooldown_time": 15.0,
            "cast_duration":2.0,
            "sequence": [
              {
                "shape": "circle",
                "target": "target",
                "base_delay": 0,
                "num_entities_spawned": 1,
                "entity_type": "dec:illusioner_blindness",
                "size":1                               
              }
            ]
          },
          {
            "weight": 2,
            "cooldown_time": 17.0,
            "cast_duration": 2.0,
            "particle_color": "#FFB3B3CC",
            "sequence": [
              {
                "shape": "circle",
                "target": "self",
                "base_delay": 0,
                "num_entities_spawned": 3,
                "entity_type": "dec:illusioner_puppet",
                "summon_cap": 8,
                "summon_cap_radius": 16.0,
                "size": 1.0,
                "entity_lifespan": 10,
                "sound_event": "prepare.summon"
              }
            ]
          }
        ]
      },
      "minecraft:behavior.send_event": {
        "priority": 3,
        "event_choices": [
          {
            "min_activation_range": 0.0,
            "max_activation_range": 16.0,
            "cooldown_time": 5.0,
            "cast_duration": 3.0,
            "particle_color": "#FFB38033",
            "weight": 3,
            "filters": { 
                "all_of": [
                  { "test" :  "is_family", "subject" : "other", "value" :  "sheep"},
                  { "test" :  "is_color", "subject" : "other", "value" :  "blue"}
                ] 
            },
            "start_sound_event": "cast.spell",
            "sequence": [
              {
                "base_delay": 2.0,
                "event": "wololo",
                "sound_event": "prepare.wololo"
              }
            ]
          }
        ]
      },
      "minecraft:behavior.avoid_mob_type": {
        "priority": 5,
        "entity_types": [
          {
            "filters": { "test" :  "is_family", "subject" : "other", "value" :  "player"},
            "max_dist": 8,
            "walk_speed_multiplier": 0.6,
            "sprint_speed_multiplier": 1.0
          }
        ]
      },
      "minecraft:behavior.random_stroll": {
        "priority": 8,
        "speed_multiplier": 0.6
      },
      "minecraft:behavior.nearest_attackable_target": {
        "priority": 2,
        "entity_types": [
          {
            "filters": {  
                "any_of": [
                  { "test" :  "is_family", "subject" : "other", "value" :  "player"},
                  { "test" :  "is_family", "subject" : "other", "value" :  "undead"},
                  { "test" :  "is_family", "subject" : "other", "value" :  "irongolem"},
                  { "test" :  "is_family", "subject" : "other", "value" :  "wandering_trader"}
                ] 
            },
            "max_dist": 16
          },
          {
            "filters": {
              "all_of": [
                { "test": "is_family", "subject": "other", "value": "villager" },
                { "test": "has_component", "subject": "other", "operator": "!=", "value": "minecraft:is_baby" }
              ]
            },
            "max_dist": 16
          }
        ],
        "must_see": false
      },
      "minecraft:behavior.look_at_player": {
        "priority": 9,
        "look_distance": 3.0,
        "probability": 1.0      	  
      },
      "minecraft:behavior.look_at_entity": {
        "priority": 10,
        "look_distance": 8.0,
        "filters": { "test" :  "is_family", "subject" : "other", "value" :  "mob" }
      },
      "minecraft:damage_sensor": {
        "triggers": {
          "on_damage": {
            "filters": {
              "test": "is_family",
              "subject": "other",
              "value": "illager"
            }
          },
          "deals_damage": false
        }            
      },
      "minecraft:behavior.hurt_by_target": {
        "priority": 1,
        "entity_types": {
          "filters": {
            "test": "is_family",
            "subject": "other",
            "operator": "!=",
            "value": "illager"
          },
          "max_dist": 64
        }            
      },
      "minecraft:persistent": {
      },
      "minecraft:physics": {
      },
      "minecraft:pushable": {
        "is_pushable": true,
        "is_pushable_by_piston": true
      },
      "minecraft:follow_range": {
        "value": 64
      }
    },
    "events": {
      "holding":{
        "add": {
          "component_groups":[
            "holding"
         ]
       }
     },
     "angry":{
       "add": {
        "component_groups":[
          "minecraft:aggro"
         ]
       }
     },
     "stop_angry":{
       "remove": {
        "component_groups":[
          "minecraft:aggro"
          ]
        }
      }
    }
  }
}
