{
  "format_version": "1.13.0",
  "minecraft:entity": {
    "description": {
      "identifier": "dec:life_insect",
      "is_spawnable": true,
      "is_summonable": true,
      "is_experimental": false
    },

    "component_groups": {
    },

	"components": {
    "minecraft:boss": {
      "should_darken_sky": false,
      "name": "mini_boss.dec:life_insect.name",
      "hud_range": 16
    },
    "minecraft:behavior.melee_attack": {
      "priority": 4,
      "speed_multiplier": 1.0,
      "track_target": true
    },
	  "minecraft:type_family": {
		  "family":["silverfish", "monster", "arthropod", "life_insect" ]          
	  },
      "minecraft:experience_reward": {
        "on_death": "query.last_hit_by_player ? 20 : 0"
      },
      "minecraft:breathable": {
        "totalSupply": 15,
        "suffocateTime": 0
      },
	  "minecraft:nameable": {
	  },
    "minecraft:loot": {
      "table": "loot_tables/entities/life_insect.json"
    },
      "minecraft:health": {
        "value": 40,
        "max": 40
      },	
			"minecraft:movement": {
				"value": 0.30
			},
    "minecraft:navigation.walk": {
      "can_path_over_water": true
    },
      "minecraft:movement.basic": {
        
      },
      "minecraft:jump.static": {
      },
      "minecraft:can_climb": {
      },
      "minecraft:fire_immune": true,
			"minecraft:attack": {
				"damage": 7
			},
      "minecraft:collision_box": {
				"width": 0.4,
				"height": 0.3
			},

      "minecraft:behavior.float": {
        "priority": 1
      },      
      "minecraft:behavior.silverfish_merge_with_stone": {
        "priority": 5
      },
      "minecraft:behavior.nearest_attackable_target": {
        "priority": 2,
        "entity_types": [
          {
            "filters": {  
                "any_of": [
                  { "test" :  "is_family", "subject" : "other", "value" :  "player"},
                  { "test" :  "is_family", "subject" : "other", "value" :  "snowgolem"},
                  { "test" :  "is_family", "subject" : "other", "value" :  "irongolem"}
                ]  },
            "max_dist": 8,
            "attack_interval": 10
          }
        ]
      },
      "minecraft:behavior.hurt_by_target": {
        "priority": 1,
        "alert_same_type": true
      },
	    "minecraft:physics": {
      }
		},

    "events": {
    }
	}
}