{
	"format_version": "1.8.0",
	"animations": {
		"animation.dragon_small.fly": {
			"loop": true,
			"animation_length": 3.12,
			"bones": {
				"dragon": {
					"rotation": {
						"0.0": [0, 0, 0],
						"1.48": [-5, 0, 0],
						"3.12": [0, 0, 0]
					},
					"position": {
						"0.0": [0, 0, 0],
						"1.48": [0, 1, 0],
						"3.12": [0, 0, 0]
					}
				},
				"wingLeft": {
					"rotation": {
						"0.0": [0, 0, 0],
						"0.36": [0, 0, -42.5],
						"0.72": [0, 0, 12.5],
						"1.08": [0, 0, -42.5],
						"1.48": [0, 0, 0],
						"1.88": [0, 0, -42.5],
						"2.28": [0, 0, 12.5],
						"2.68": [0, 0, -42.5],
						"3.12": [0, 0, 0]
					}
				},
				"wingRight": {
					"rotation": {
						"0.0": [0, 0, 0],
						"0.36": [0, 0, 42.5],
						"0.72": [0, 0, -12.5],
						"1.08": [0, 0, 42.5],
						"1.48": [0, 0, 0],
						"1.88": [0, 0, 42.5],
						"2.28": [0, 0, -12.5],
						"2.68": [0, 0, 42.5],
						"3.12": [0, 0, 0]
					}
				},
				"rightBehind": {
					"rotation": {
						"0.0": [0, 0, 0],
						"1.48": [-15, 0, 0],
						"3.12": [0, 0, 0]
					}
				},
				"rightBefore": {
					"rotation": {
						"0.0": [0, 0, 0],
						"1.48": [10, 0, 0],
						"3.12": [0, 0, 0]
					}
				},
				"leftBefore": {
					"rotation": {
						"0.0": [0, 0, 0],
						"1.48": [10, 0, 0],
						"3.12": [0, 0, 0]
					}
				},
				"leftBehind": {
					"rotation": {
						"0.0": [0, 0, 0],
						"1.48": [-15, 0, 0],
						"3.12": [0, 0, 0]
					}
				},
				"head": {
					"rotation": {
						"0.0": [0, 0, 0],
						"1.48": [7.5, 0, 0],
						"3.12": [0, 0, 0]
					}
				},
				"tail": {
					"rotation": {
						"0.0": [0, 0, 0],
						"0.72": [14.57, 0, 0],
						"2.32": [-17.5, 0, 0],
						"3.12": [0, 0, 0]
					}
				},
				"neck": {
					"rotation": {
						"0.0": [0, 0, 0],
						"1.48": [7.5, 0, 0],
						"3.12": [0, 0, 0]
					}
				}
			}
		}
	}
}