{
  "format_version": "1.15.0",
  "minecraft:biome": {
    "description": {
      "identifier": "desolation_forest_mutated"
    },
    "components": {
      "minecraft:climate": {
        "downfall": 0.8,
        "snow_accumulation": [0,0.125],
        "temperature": 0.78
      },
      "minecraft:overworld_height": {
        "noise_type": "default_mutated"
      },
      "minecraft:surface_parameters": {
        "sea_floor_depth": 7,
        "sea_floor_material": "minecraft:gravel",
        "foundation_material": "minecraft:stone",
        "mid_material": "minecraft:dirt",
        "top_material": "minecraft:grass",
        "sea_material": "minecraft:water"
      },
      "animal": {},
      "desolation_forest": {},
      "forest": {},
      "monster": {},
      "mutated": {}
    }
  }
}