{
  "format_version": "1.16.0",
  "minecraft:block": {
    "description": {
      "identifier": "dec:broken_dirt"
    },
    "components": {
		  "minecraft:creative_category": {
        "group": "itemGroup.name.outside",
				"category": "nature"
			},
      "minecraft:block_light_absorption": 1,
      "minecraft:block_light_emission": 0,
      "minecraft:destroy_time": 0.7,
      "minecraft:explosion_resistance": 0,
      "minecraft:map_color": "#8E6045",
      "minecraft:on_step_on": {
        "event": "broke",
        "target": "other"
      }
    },
    "events": {
      "broke": {
        "run_command": {
          "command": [
            "setblock ~~~ air 0 destroy"
          ]
        }
      }
    }
  }
}