{
    "format_version": "1.8.0",
    "animations": {
        "animation.star_sword_ranged": {
            "timeline": {
                "0.5": [
                    "/function item/star_sword_charge"
                ],
                "1": [
                    "/function item/star_sword_charge"
                ],
                "1.5": [
                    "/function item/star_sword_shoot"
                ]
            },
            "animation_length": 3,
            "loop": true
        }
    }
}