{
	"format_version": "1.8.0",
	"animations": {
		"animation.leaves_golem.move": {
			"loop": true,
			"animation_length": 1.84,
			"bones": {
				"global": {
					"rotation": {
						"0.0": [0, 0, 0],
						"0.36": [0, 0, -2.5],
						"0.88": [0, 0, 2.5],
						"1.2": [0, 0, 0]
					}
				},
				"arm0": {
					"rotation": {
						"0.0": [-35, 0, 0],
						"0.4": [-37.5, 0, 0],
						"0.76": [-2.5, 0, 0],
						"1.12": [20, 0, 0],
						"1.48": [32.5, 0, 0],
						"1.84": [-35, 0, 0]
					},
					"position": {
						"0.0": [0, 0, 0],
						"0.4": [0, 0, 0],
						"0.76": [0, 0, 0],
						"1.12": [0, 0, 0],
						"1.48": [0, 0, 0],
						"1.84": [0, 0, 0]
					}
				},
				"arm1": {
					"rotation": {
						"0.0": [14.97354, 0.85443, -2.34963],
						"0.4": [14.97354, 0.85443, -2.34963],
						"0.76": [-12.52646, 0.85443, -2.34963],
						"1.12": [-22.52646, 0.85443, -2.34963],
						"1.48": [-27.52646, 0.85443, -2.34963],
						"1.84": [14.97354, 0.85443, -2.34963]
					},
					"position": {
						"0.0": [0, 0, 0],
						"0.4": [0, 0, 0],
						"0.76": [0, 0, 0],
						"1.12": [0, 0, 0],
						"1.48": [0, 0, 0],
						"1.84": [0, 0, 0]
					}
				},
				"leg0": {
					"rotation": {
						"0.0": [52.5, 0, 0],
						"0.4": [55, 0, 0],
						"0.76": [17.5, 0, 0],
						"1.12": [-32.5, 0, 0],
						"1.48": [-32.5, 0, 0],
						"1.84": [52.5, 0, 0]
					},
					"position": {
						"0.0": [0, 0, 0],
						"0.4": [0, 0, 0],
						"0.76": [0, 0, 0],
						"1.12": [0, 0, 0],
						"1.48": [0, 0, 0],
						"1.84": [0, 0, 0]
					},
					"scale": {
						"0.0": [1, 1, 1],
						"0.4": [1, 1, 1],
						"0.76": [1, 1, 1],
						"1.12": [1, 1, 1],
						"1.48": [1, 1, 1],
						"1.84": [1, 1, 1]
					}
				},
				"leg1": {
					"rotation": {
						"0.0": [-22.5, 0, 0],
						"0.4": [-22.5, 0, 0],
						"0.76": [17.5, 0, 0],
						"1.12": [55, 0, 0],
						"1.48": [55, 0, 0],
						"1.84": [-22.5, 0, 0]
					},
					"position": {
						"0.0": [0, 0, 0],
						"0.4": [0, 0, 0],
						"0.76": [0, 0, 0],
						"1.12": [0, 0, 0],
						"1.48": [0, 0, 0],
						"1.84": [0, 0, 0]
					}
				},
				"body": {
					"rotation": {
						"0.0": [0, 0, 0],
						"0.4": [0, 0, 0],
						"1.84": [0, 0, 0]
					},
					"position": {
						"0.0": [0, 1, 0],
						"0.4": [0, -2, 0],
						"0.76": [0, 1.4, 0],
						"1.12": [0, 0.4, 0],
						"1.48": [0, -3.6, 0],
						"1.68": [0, 0.37, 0],
						"1.84": [0, 1, 0]
					}
				},
				"head": {
					"rotation": {
						"0.0": [5, 0, 0],
						"0.4": [7.82902, 7.49282, 2.52154],
						"0.76": [6.47186, 1.56187, 8.81469],
						"1.12": [2.51893, -0.43523, -4.98107],
						"1.48": [5.05919, -0.54094, -12.48848],
						"1.84": [5, 0, 0]
					},
					"position": {
						"0.0": [0, 0, 0],
						"0.4": [0, 0, 0],
						"0.76": [0, 0, 0],
						"1.12": [0, 0, 0],
						"1.48": [0, 0, 0],
						"1.84": [0, 0, 0]
					}
				},
				"zhe": {
					"rotation": {
						"0.0": [0, -7.5, 0],
						"0.4": [0, -10, 0],
						"0.76": [0, -2.5, 0],
						"1.12": [0, 2.5, 0],
						"1.48": [0, 0, 0],
						"1.84": [0, -7.5, 0]
					},
					"position": {
						"0.0": [0, 0, 0],
						"0.4": [0, 0, 0],
						"0.76": [0, 0, 0],
						"1.12": [0, 0, 0],
						"1.48": [0, 0, 0],
						"1.84": [0, 0, 0]
					},
					"scale": {
						"0.0": [1, 1, 1],
						"0.4": [1, 1, 1],
						"0.76": [1, 1, 1],
						"1.12": [1, 1, 1],
						"1.48": [1, 1, 1],
						"1.84": [1, 1, 1]
					}
				},
				"zhe2": {
					"rotation": {
						"0.0": [-5, -2.5, 0],
						"0.4": [-4.9429, -7.45695, -0.65738],
						"0.76": [-5.00718, -0.02136, 0.32621],
						"1.12": [-4.97913, 4.93584, 0.97983],
						"1.48": [-4.97913, 4.93584, 0.97983],
						"1.84": [-5, -2.5, 0]
					},
					"position": {
						"0.0": [0, 0, 0],
						"0.4": [0, 0, 0],
						"0.76": [0, 0, 0],
						"1.12": [0, 0, 0],
						"1.48": [0, 0, 0],
						"1.84": [0, 0, 0]
					}
				},
				"zhe3": {
					"rotation": {
						"0.0": [0, 0, 0],
						"0.4": [0, 0, 2.5],
						"0.76": [2.5, 0, -15],
						"1.12": [5, 0, -12.5],
						"1.48": [0, 0, 20],
						"1.84": [0, 0, 0]
					},
					"position": {
						"0.0": [0, 0, 0],
						"0.4": [0, 0, 0],
						"0.76": [0, 0, 0],
						"1.12": [0, 0, 0],
						"1.48": [0, 0, 0],
						"1.84": [0, 0, 0]
					}
				},
				"zhe4": {
					"rotation": {
						"0.0": [0, 0, 0],
						"0.4": [0, 0, 0],
						"0.76": [0, 0, 0],
						"1.12": [0, 0, 0],
						"1.48": [0, 0, 0],
						"1.84": [0, 0, 0]
					},
					"position": {
						"0.0": [0, 0, 0],
						"0.4": [0, 0, 0],
						"0.76": [0, 0, 0],
						"1.12": [0, 0, 0],
						"1.48": [0, 0, 0],
						"1.84": [0, 0, 0]
					},
					"scale": {
						"0.0": [1, 1, 1],
						"0.84": [1.05, 1.05, 1],
						"1.84": [1, 1, 1]
					}
				},
				"arm2": {
					"rotation": {
						"0.0": [-22.5, 0, 0],
						"0.4": [-25, 0, 0],
						"0.76": [-12.5, 0, 0],
						"1.12": [15, 0, 0],
						"1.48": [12.5, 0, 0],
						"1.84": [-22.5, 0, 0]
					}
				},
				"arm3": {
					"rotation": {
						"0.0": [10, 0, 0],
						"0.4": [10, 0, 0],
						"0.76": [-15, 0, 0],
						"1.12": [-22.5, 0, 0],
						"1.48": [-40, 0, 0],
						"1.84": [10, 0, 0]
					},
					"position": {
						"0.0": [0, 0, 0],
						"0.4": [0, 0, 0],
						"0.76": [0, 0, 0],
						"1.12": [0, 0, 0],
						"1.48": [0, 0, 0],
						"1.84": [0, 0, 0]
					}
				},
				"leg2": {
					"rotation": {
						"0.0": [47.5, 0, 0],
						"0.4": [-15, 0, 0],
						"0.76": [-20, 0, 0],
						"1.12": [-22.5, 0, 0],
						"1.48": [20, 0, 0],
						"1.84": [47.5, 0, 0]
					},
					"position": {
						"0.0": [0, 0, 0],
						"0.4": [0, 0, 0],
						"0.76": [0, 0, 0],
						"1.12": [0, 0, 0],
						"1.48": [0, 0, 0],
						"1.84": [0, 0, 0]
					}
				},
				"leg3": {
					"rotation": {
						"0.0": [-17.5, 0, 0],
						"0.4": [7.5, 0, 0],
						"0.76": [30, 0, 0],
						"1.12": [65, 0, 0],
						"1.48": [-15, 0, 0],
						"1.84": [-17.5, 0, 0]
					},
					"position": {
						"0.0": [0, 0, 0],
						"0.4": [0, 0, 0],
						"0.76": [0, 0, 0],
						"1.12": [0, 0, 0],
						"1.48": [0, 0, 0],
						"1.84": [0, 0, 0]
					}
				}
			}
		},
		"animation.leaves_golem.attack": {
			"loop": true,
			"animation_length": 0.6,
			"bones": {
				"arm0": {
					"rotation": {
						"0.0": [0, 0, 0],
						"0.1275": [35, 0, 0],
						"0.3275": [-127.5, 0, 0],
						"0.425": [-127.5, 0, 0],
						"0.6": [0, 0, 0]
					}
				},
				"arm1": {
					"rotation": {
						"0.0": [0, 0, 0],
						"0.1275": [32.5, 0, 0],
						"0.3275": [-110, 0, 0],
						"0.425": [-110, 0, 0],
						"0.6": [0, 0, 0]
					}
				},
				"body": {
					"rotation": {
						"0.0": [0, 0, 0],
						"0.0875": [0, 0, 0],
						"0.175": [0, 0, 0],
						"0.2875": [0, 0, 0],
						"0.1275": [0, 0, 0],
						"0.3275": [0, 0, 0],
						"0.425": [0, 0, 0],
						"0.6": [0, 0, 0]
					},
					"position": {
						"0.0": [0, 0, 0],
						"0.1275": [0, -2, 0],
						"0.3275": [0, 1, 0],
						"0.425": [0, 1, 0],
						"0.6": [0, 0, 0]
					},
					"scale": {
						"0.0": [1, 1, 1],
						"0.0875": [1, 1, 1],
						"0.175": [1, 1, 1],
						"0.2875": [1, 1, 1],
						"0.1275": [1, 1, 1],
						"0.3275": [1, 1, 1],
						"0.425": [1, 1, 1],
						"0.6": [1, 1, 1]
					}
				},
				"head": {
					"rotation": {
						"0.0": [0, 0, 0],
						"0.1275": [17.5, 0, 0],
						"0.3275": [-7.5, 0, 0],
						"0.425": [-7.5, 0, 0],
						"0.6": [0, 0, 0]
					},
					"position": {
						"0.0": [0, 0, 0],
						"0.0875": [0, 0, 0],
						"0.175": [0, 0, 0],
						"0.2875": [0, 0, 0],
						"0.1275": [0, 0, 0],
						"0.3275": [0, 0, 0],
						"0.425": [0, 0, 0],
						"0.6": [0, 0, 0]
					},
					"scale": {
						"0.0": [1, 1, 1],
						"0.0875": [1, 1, 1],
						"0.175": [1, 1, 1],
						"0.2875": [1, 1, 1],
						"0.1275": [1, 1, 1],
						"0.3275": [1, 1, 1],
						"0.425": [1, 1, 1],
						"0.6": [1, 1, 1]
					}
				},
				"leg0": {
					"rotation": {
						"0.0": [0, 0, 0],
						"0.1275": [-10, 0, 0],
						"0.3275": [12.5, 0, 0],
						"0.425": [12.5, 0, 0],
						"0.6": [0, 0, 0]
					},
					"position": {
						"0.0": [0, 0, 0],
						"0.0875": [0, 0, 0],
						"0.175": [0, 0, 0],
						"0.2875": [0, 0, 0],
						"0.1275": [0, 0, 0],
						"0.3275": [0, 0, 0],
						"0.425": [0, 0, 0],
						"0.6": [0, 0, 0]
					},
					"scale": {
						"0.0": [1, 1, 1],
						"0.0875": [1, 1, 1],
						"0.175": [1, 1, 1],
						"0.2875": [1, 1, 1],
						"0.1275": [1, 1, 1],
						"0.3275": [1, 1, 1],
						"0.425": [1, 1, 1],
						"0.6": [1, 1, 1]
					}
				},
				"leg1": {
					"rotation": {
						"0.0": [0, 0, 0],
						"0.1275": [5, 0, 0],
						"0.3275": [25, 0, 0],
						"0.425": [25, 0, 0],
						"0.6": [0, 0, 0]
					},
					"position": {
						"0.0": [0, 0, 0],
						"0.0875": [0, 0, 0],
						"0.175": [0, 0, 0],
						"0.2875": [0, 0, 0],
						"0.1275": [0, 0, 0],
						"0.3275": [0, 0, 0],
						"0.425": [0, 0, 0],
						"0.6": [0, 0, 0]
					},
					"scale": {
						"0.0": [1, 1, 1],
						"0.0875": [1, 1, 1],
						"0.175": [1, 1, 1],
						"0.2875": [1, 1, 1],
						"0.1275": [1, 1, 1],
						"0.3275": [1, 1, 1],
						"0.425": [1, 1, 1],
						"0.6": [1, 1, 1]
					}
				},
				"zhe": {
					"rotation": {
						"0.0": [0, 0, 0],
						"0.1275": [-2.5, 0, 0],
						"0.3275": [-7.5, 0, 0],
						"0.425": [-7.5, 0, 0],
						"0.6": [0, 0, 0]
					},
					"position": {
						"0.0": [0, 0, 0],
						"0.0875": [0, 0, 0],
						"0.175": [0, 0, 0],
						"0.2875": [0, 0, 0],
						"0.1275": [0, 0, 0],
						"0.3275": [0, 0, 0],
						"0.425": [0, 0, 0],
						"0.6": [0, 0, 0]
					},
					"scale": {
						"0.0": [1, 1, 1],
						"0.0875": [1, 1, 1],
						"0.175": [1, 1, 1],
						"0.2875": [1, 1, 1],
						"0.1275": [1, 1, 1],
						"0.3275": [1, 1, 1],
						"0.425": [1, 1, 1],
						"0.6": [1, 1, 1]
					}
				},
				"zhe2": {
					"rotation": {
						"0.0": [0, 0, 0],
						"0.1275": [7.5, 0, 0],
						"0.3275": [-22.5, 0, 0],
						"0.425": [-22.5, 0, 0],
						"0.6": [0, 0, 0]
					},
					"position": {
						"0.0": [0, 0, 0],
						"0.0875": [0, 0, 0],
						"0.175": [0, 0, 0],
						"0.2875": [0, 0, 0],
						"0.1275": [0, 0, 0],
						"0.3275": [0, 0, 0],
						"0.425": [0, 0, 0],
						"0.6": [0, 0, 0]
					},
					"scale": {
						"0.0": [1, 1, 1],
						"0.0875": [1, 1, 1],
						"0.175": [1, 1, 1],
						"0.2875": [1, 1, 1],
						"0.1275": [1, 1, 1],
						"0.3275": [1, 1, 1],
						"0.425": [1, 1, 1],
						"0.6": [1, 1, 1]
					}
				},
				"zhe3": {
					"rotation": {
						"0.0": [0, 0, 0],
						"0.1275": [-10, 0, 0],
						"0.3275": [-2.5, 0, 0],
						"0.425": [-2.5, 0, 0],
						"0.6": [0, 0, 0]
					},
					"position": {
						"0.0": [0, 0, 0],
						"0.0875": [0, 0, 0],
						"0.175": [0, 0, 0],
						"0.2875": [0, 0, 0],
						"0.1275": [0, 0, 0],
						"0.3275": [0, 0, 0],
						"0.425": [0, 0, 0],
						"0.6": [0, 0, 0]
					},
					"scale": {
						"0.0": [1, 1, 1],
						"0.0875": [1, 1, 1],
						"0.175": [1, 1, 1],
						"0.2875": [1, 1, 1],
						"0.1275": [1, 1, 1],
						"0.3275": [1, 1, 1],
						"0.425": [1, 1, 1],
						"0.6": [1, 1, 1]
					}
				},
				"zhe4": {
					"rotation": {
						"0.0": [0, 0, 0],
						"0.0875": [0, 0, 0],
						"0.175": [0, 0, 0],
						"0.2875": [0, 0, 0],
						"0.1275": [0, 0, 0],
						"0.3275": [0, 0, 0],
						"0.425": [0, 0, 0],
						"0.6": [0, 0, 0]
					},
					"position": {
						"0.0": [0, 0, 0],
						"0.0875": [0, 0, 0],
						"0.175": [0, 0, 0],
						"0.2875": [0, 0, 0],
						"0.1275": [0, 0, 0],
						"0.3275": [0, 0, 0],
						"0.425": [0, 0, 0],
						"0.6": [0, 0, 0]
					},
					"scale": {
						"0.0": [1, 1, 1],
						"0.0875": [1, 1, 1],
						"0.175": [1, 1, 1],
						"0.2875": [1, 1, 1],
						"0.1275": [1, 1, 1],
						"0.3275": [1, 1, 1],
						"0.425": [1, 1, 1],
						"0.6": [1, 1, 1]
					}
				},
				"arm2": {
					"rotation": {
						"0.0": [0, 0, 0],
						"0.1275": [15, 0, 0],
						"0.3275": [-35, 0, 0],
						"0.425": [-35, 0, 0],
						"0.6": [0, 0, 0]
					},
					"position": {
						"0.0": [0, 0, 0],
						"0.0875": [0, 0, 0],
						"0.175": [0, 0, 0],
						"0.2875": [0, 0, 0],
						"0.1275": [0, 0, 0],
						"0.3275": [0, 0, 0],
						"0.425": [0, 0, 0],
						"0.6": [0, 0, 0]
					},
					"scale": {
						"0.0": [1, 1, 1],
						"0.0875": [1, 1, 1],
						"0.175": [1, 1, 1],
						"0.2875": [1, 1, 1],
						"0.1275": [1, 1, 1],
						"0.3275": [1, 1.4, 1],
						"0.425": [1, 1.4, 1],
						"0.6": [1, 1, 1]
					}
				},
				"arm3": {
					"rotation": {
						"0.0": [0, 0, 0],
						"0.1275": [10, 0, 0],
						"0.3275": [-22.5, 0, 0],
						"0.425": [-22.5, 0, 0],
						"0.6": [0, 0, 0]
					},
					"position": {
						"0.0": [0, 0, 0],
						"0.0875": [0, 0, 0],
						"0.175": [0, 0, 0],
						"0.2875": [0, 0, 0],
						"0.1275": [0, 0, 0],
						"0.3275": [0, 0, 0],
						"0.425": [0, 0, 0],
						"0.6": [0, 0, 0]
					},
					"scale": {
						"0.0": [1, 1, 1],
						"0.1275": [1, 1, 1],
						"0.3275": [1, 1.4, 1],
						"0.425": [1, 1.4, 1],
						"0.6": [1, 1, 1]
					}
				},
				"leg2": {
					"rotation": {
						"0.0": [0, 0, 0],
						"0.1275": [27.5, 0, 0],
						"0.3275": [-17.5, 0, 0],
						"0.425": [-17.5, 0, 0],
						"0.6": [0, 0, 0]
					},
					"position": {
						"0.0": [0, 0, 0],
						"0.0875": [0, 0, 0],
						"0.175": [0, 0, 0],
						"0.2875": [0, 0, 0],
						"0.1275": [0, 0, 0],
						"0.3275": [0, 0, 0],
						"0.425": [0, 0, 0],
						"0.6": [0, 0, 0]
					},
					"scale": {
						"0.0": [1, 1, 1],
						"0.0875": [1, 1, 1],
						"0.175": [1, 1, 1],
						"0.2875": [1, 1, 1],
						"0.1275": [1, 1, 1],
						"0.3275": [1, 1, 1],
						"0.425": [1, 1, 1],
						"0.6": [1, 1, 1]
					}
				},
				"leg3": {
					"rotation": {
						"0.0": [0, 0, 0],
						"0.1275": [12.5, 0, 0],
						"0.3275": [-20, 0, 0],
						"0.425": [-20, 0, 0],
						"0.6": [0, 0, 0]
					},
					"position": {
						"0.0": [0, 0, 0],
						"0.0875": [0, 0, 0],
						"0.175": [0, 0, 0],
						"0.2875": [0, 0, 0],
						"0.1275": [0, 0, 0],
						"0.3275": [0, 0, 0],
						"0.425": [0, 0, 0],
						"0.6": [0, 0, 0]
					},
					"scale": {
						"0.0": [1, 1, 1],
						"0.0875": [1, 1, 1],
						"0.175": [1, 1, 1],
						"0.2875": [1, 1, 1],
						"0.1275": [1, 1, 1],
						"0.3275": [1, 1, 1],
						"0.425": [1, 1, 1],
						"0.6": [1, 1, 1]
					}
				}
			}
		},
		"animation.leaves_golem.roar": {
			"loop": true,
			"animation_length": 1.36,
			"bones": {
				"head": {
					"rotation": {
						"0.0": [0, 0, 0],
						"0.4": [32.5, 0, 0],
						"0.56": [35, 0, 0],
						"0.72": [-38.33, 0, 0],
						"0.88": [-38.576, 5.21822, -5.39451],
						"1.04": [-38.66912, -5.55865, 5.75957],
						"1.16": [-38.96082, 7.62816, -7.94696],
						"1.28": [-38.33, 0, 0],
						"1.36": [0, 0, 0]
					},
					"position": {
						"0.0": [0, 0, 0],
						"0.4": [0, 0, 0],
						"0.56": [0, 0, 0],
						"1.36": [0, 0, 0]
					},
					"scale": {
						"0.0": [1, 1, 1],
						"0.4": [1, 1, 1],
						"0.56": [1, 1, 1],
						"1.36": [1, 1, 1]
					}
				},
				"arm0": {
					"rotation": {
						"0.0": [0, 0, 0],
						"0.4": [15, 0, 0],
						"0.56": [22.5, 0, 0],
						"0.72": [-148.00846, 13.03284, -15.30417],
						"1.0": [-143.00846, 13.03284, -15.30417],
						"1.28": [-148.00846, 13.03284, -15.30417],
						"1.36": [0, 0, 0]
					},
					"position": {
						"0.0": [0, 0, 0],
						"0.4": [0, 0, 0],
						"0.56": [0, 0, 0],
						"1.36": [0, 0, 0]
					},
					"scale": {
						"0.0": [1, 1, 1],
						"0.4": [1, 1, 1],
						"0.56": [1, 1, 1],
						"1.36": [1, 1, 1]
					}
				},
				"arm1": {
					"rotation": {
						"0.0": [0, 0, 0],
						"0.4": [7.5, 0, 0],
						"0.56": [15, 0, 0],
						"0.72": [-130.90488, -12.2421, 8.73129],
						"1.0": [-125.90488, -12.2421, 8.73129],
						"1.28": [-130.90488, -12.2421, 8.73129],
						"1.36": [0, 0, 0]
					},
					"position": {
						"0.0": [0, 0, 0],
						"0.4": [0, 0, 0],
						"0.56": [0, 0, 0],
						"1.36": [0, 0, 0]
					},
					"scale": {
						"0.0": [1, 1, 1],
						"0.4": [1, 1, 1],
						"0.56": [1, 1, 1],
						"1.36": [1, 1, 1]
					}
				},
				"body": {
					"rotation": {
						"0.0": [0, 0, 0],
						"0.4": [0, 0, 0],
						"0.56": [0, 0, 0],
						"1.36": [0, 0, 0]
					},
					"position": {
						"0.0": [0, 0, 0],
						"0.4": [0, -2, 0],
						"0.56": [0, -2, 0],
						"0.72": [0, 0.33, 0],
						"1.28": [0, 0.33, 0],
						"1.36": [0, 0, 0]
					},
					"scale": {
						"0.0": [1, 1, 1],
						"0.4": [1, 1, 1],
						"0.56": [1, 1, 1],
						"1.36": [1, 1, 1]
					}
				},
				"leg0": {
					"rotation": {
						"0.0": [0, 0, 0],
						"0.4": [-16.11629, 2.81878, 3.8854],
						"0.56": [-16.11629, 2.81878, 3.8854],
						"0.72": [6.43491, 1.98033, 0.76149],
						"1.28": [6.43491, 1.98033, 0.76149],
						"1.36": [0, 0, 0]
					},
					"position": {
						"0.0": [0, 0, 0],
						"0.4": [0, 0, 0],
						"0.56": [0, 0, 0],
						"1.36": [0, 0, 0]
					},
					"scale": {
						"0.0": [1, 1, 1],
						"0.4": [1, 1, 1],
						"0.56": [1, 1, 1],
						"1.36": [1, 1, 1]
					}
				},
				"leg1": {
					"rotation": {
						"0.0": [0, 0, 0],
						"0.4": [-15, 0, 0],
						"0.56": [-15, 0, 0],
						"0.72": [25, 0, 0],
						"1.28": [25, 0, 0],
						"1.36": [0, 0, 0]
					},
					"position": {
						"0.0": [0, 0, 0],
						"0.4": [0, 0, 0],
						"0.56": [0, 0, 0],
						"1.36": [0, 0, 0]
					},
					"scale": {
						"0.0": [1, 1, 1],
						"0.4": [1, 1, 1],
						"0.56": [1, 1, 1],
						"1.36": [1, 1, 1]
					}
				},
				"zhe": {
					"rotation": {
						"0.0": [0, 0, 0],
						"0.4": [7.5, 0, 0],
						"0.56": [7.5, 0, 0],
						"0.72": [-6.25, 0, 0],
						"1.28": [-6.25, 0, 0],
						"1.36": [0, 0, 0]
					},
					"position": {
						"0.0": [0, 0, 0],
						"0.4": [0, 0, 0],
						"0.56": [0, 0, 0],
						"1.36": [0, 0, 0]
					},
					"scale": {
						"0.0": [1, 1, 1],
						"0.4": [1, 1, 1],
						"0.56": [1, 1, 1],
						"1.36": [1, 1, 1]
					}
				},
				"zhe2": {
					"rotation": {
						"0.0": [0, 0, 0],
						"0.4": [12.5, 0, 0],
						"0.56": [17.5, 0, 0],
						"0.72": [-15.42, 0, 0],
						"1.0": [-17.92, 0, 0],
						"1.28": [-15.42, 0, 0],
						"1.36": [0, 0, 0]
					},
					"position": {
						"0.0": [0, 0, 0],
						"0.4": [0, 0, 0],
						"0.56": [0, 0, 0],
						"1.36": [0, 0, 0]
					},
					"scale": {
						"0.0": [1, 1, 1],
						"0.4": [1, 1, 1],
						"0.56": [1, 1, 1],
						"1.36": [1, 1, 1]
					}
				},
				"zhe3": {
					"rotation": {
						"0.0": [0, 0, 0],
						"0.4": [-10, 0, 0],
						"0.56": [-40, 0, 0],
						"0.68": [10.28, 0, 0],
						"0.72": [-73.33, 0, 0],
						"0.88": [-58.33, 0, 0],
						"1.04": [-74.33, 0, 0],
						"1.16": [-66.33, 0, 0],
						"1.28": [-73.33, 0, 0],
						"1.36": [0, 0, 0]
					},
					"position": {
						"0.0": [0, 0, 0],
						"0.4": [0, 0, 0],
						"0.56": [0, 0, 0],
						"1.36": [0, 0, 0]
					},
					"scale": {
						"0.0": [1, 1, 1],
						"0.4": [1, 1, 1],
						"0.56": [1, 1, 1],
						"1.36": [1, 1, 1]
					}
				},
				"zhe4": {
					"rotation": {
						"0.0": [0, 0, 0],
						"0.4": [0, 0, 0],
						"0.56": [0, 0, 0],
						"0.72": [5, 0, 0],
						"0.88": [0.53, 0, 0],
						"1.04": [2.07, 0, 0],
						"1.16": [2.6, 0, 0],
						"1.28": [-1.88, 0, 0],
						"1.36": [0, 0, 0]
					},
					"position": {
						"0.0": [0, 0, 0],
						"0.4": [0, 0, 0],
						"0.56": [0, 0, 0],
						"1.36": [0, 0, 0]
					},
					"scale": {
						"0.0": [1, 1, 1],
						"0.4": [1, 1, 1],
						"0.56": [1, 1, 1],
						"1.36": [1, 1, 1]
					}
				},
				"arm2": {
					"rotation": {
						"0.0": [0, 0, 0],
						"0.4": [-57.5, 0, 0],
						"0.56": [-67.5, 0, 0],
						"0.72": [3.75, 0, 0],
						"1.0": [1.25, 0, 0],
						"1.28": [3.75, 0, 0],
						"1.36": [0, 0, 0]
					},
					"position": {
						"0.0": [0, 0, 0],
						"0.4": [0, 0, 0],
						"0.56": [0, 0, 0],
						"1.36": [0, 0, 0]
					},
					"scale": {
						"0.0": [1, 1, 1],
						"0.4": [1, 1, 1],
						"0.56": [1, 1, 1],
						"1.36": [1, 1, 1]
					}
				},
				"arm3": {
					"rotation": {
						"0.0": [0, 0, 0],
						"0.4": [-57.5, 0, 0],
						"0.56": [-67.5, 0, 0],
						"0.72": [6.25, 0, 0],
						"1.0": [1.25, 0, 0],
						"1.28": [6.25, 0, 0],
						"1.36": [0, 0, 0]
					},
					"position": {
						"0.0": [0, 0, 0],
						"0.4": [0, 0, 0],
						"0.56": [0, 0, 0],
						"1.36": [0, 0, 0]
					},
					"scale": {
						"0.0": [1, 1, 1],
						"0.4": [1, 1, 1],
						"0.56": [1, 1, 1],
						"1.36": [1, 1, 1]
					}
				},
				"leg2": {
					"rotation": {
						"0.0": [0, 0, 0],
						"0.4": [15, 0, 0],
						"0.56": [15, 0, 0],
						"0.72": [-10, 0, 0],
						"1.28": [-10, 0, 0],
						"1.36": [0, 0, 0]
					},
					"position": {
						"0.0": [0, 0, 0],
						"0.4": [0, 0, 0],
						"0.56": [0, 0, 0],
						"1.36": [0, 0, 0]
					},
					"scale": {
						"0.0": [1, 1, 1],
						"0.4": [1, 1, 1],
						"0.56": [1, 1, 1],
						"1.36": [1, 1, 1]
					}
				},
				"leg3": {
					"rotation": {
						"0.0": [0, 0, 0],
						"0.4": [15, 0, 0],
						"0.56": [15, 0, 0],
						"0.72": [-15, 0, 0],
						"1.28": [-15, 0, 0],
						"1.36": [0, 0, 0]
					},
					"position": {
						"0.0": [0, 0, 0],
						"0.4": [0, 0, 0],
						"0.56": [0, 0, 0],
						"1.36": [0, 0, 0]
					},
					"scale": {
						"0.0": [1, 1, 1],
						"0.4": [1, 1, 1],
						"0.56": [1, 1, 1],
						"1.36": [1, 1, 1]
					}
				}
			}
		},
		"animation.leaves_golem.spawn": {
			"animation_length": 5,
			"bones": {
				"head": {
					"rotation": {
						"4.48": [0, 0, 0],
						"4.68": [0, 0, -12.5],
						"4.88": [0, 0, 12.5],
						"5.0": [0, 0, 0]
					},
					"position": {
						"0.0": {
							"post": [0, -50, 0],
							"lerp_mode": "catmullrom"
						},
						"2.8": {
							"post": [0, -50, 0],
							"lerp_mode": "catmullrom"
						},
						"3.96": {
							"post": [0, 0, 0],
							"lerp_mode": "catmullrom"
						},
						"5.0": {
							"post": [0, 0, 0],
							"lerp_mode": "catmullrom"
						}
					},
					"scale": {
						"0.0": {
							"post": [0, 0, 0],
							"lerp_mode": "catmullrom"
						},
						"2.8": {
							"post": [0, 0, 0],
							"lerp_mode": "catmullrom"
						},
						"3.96": {
							"post": [1, 1, 1],
							"lerp_mode": "catmullrom"
						},
						"5.0": {
							"post": [1, 1, 1],
							"lerp_mode": "catmullrom"
						}
					}
				},
				"arm0": {
					"position": {
						"0.0": {
							"post": [0, 0, 0],
							"lerp_mode": "catmullrom"
						},
						"2.2": {
							"post": [0, -50, 0],
							"lerp_mode": "catmullrom"
						},
						"3.04": {
							"post": [0, 0, 0],
							"lerp_mode": "catmullrom"
						},
						"5.0": {
							"post": [0, 0, 0],
							"lerp_mode": "catmullrom"
						}
					},
					"scale": {
						"0.0": {
							"post": [0, 0, 0],
							"lerp_mode": "catmullrom"
						},
						"2.2": {
							"post": [0, 0, 0],
							"lerp_mode": "catmullrom"
						},
						"3.04": {
							"post": [1, 1, 1],
							"lerp_mode": "catmullrom"
						},
						"5.0": {
							"post": [1, 1, 1],
							"lerp_mode": "catmullrom"
						}
					}
				},
				"arm1": {
					"position": {
						"0.0": {
							"post": [0, -50, 0],
							"lerp_mode": "catmullrom"
						},
						"1.68": {
							"post": [0, -50, 0],
							"lerp_mode": "catmullrom"
						},
						"2.44": {
							"post": [0, 0, 0],
							"lerp_mode": "catmullrom"
						},
						"5.0": {
							"post": [0, 0, 0],
							"lerp_mode": "catmullrom"
						}
					},
					"scale": {
						"0.0": {
							"post": [0, 0, 0],
							"lerp_mode": "catmullrom"
						},
						"1.68": {
							"post": [0, 0, 0],
							"lerp_mode": "catmullrom"
						},
						"2.44": {
							"post": [1, 1, 1],
							"lerp_mode": "catmullrom"
						},
						"5.0": {
							"post": [1, 1, 1],
							"lerp_mode": "catmullrom"
						}
					}
				},
				"leg0": {
					"position": {
						"0.0": {
							"post": [0, -50, 0],
							"lerp_mode": "catmullrom"
						},
						"0.44": {
							"post": [0, -50, 0],
							"lerp_mode": "catmullrom"
						},
						"1.24": {
							"post": [0, 0, 0],
							"lerp_mode": "catmullrom"
						},
						"5.0": {
							"post": [0, 0, 0],
							"lerp_mode": "catmullrom"
						}
					},
					"scale": {
						"0.0": {
							"post": [0, 0, 0],
							"lerp_mode": "catmullrom"
						},
						"0.44": {
							"post": [0, 0, 0],
							"lerp_mode": "catmullrom"
						},
						"1.24": {
							"post": [1, 1, 1],
							"lerp_mode": "catmullrom"
						},
						"5.0": {
							"post": [1, 1, 1],
							"lerp_mode": "catmullrom"
						}
					}
				},
				"leg1": {
					"position": {
						"0.0": {
							"post": [0, -50, 0],
							"lerp_mode": "catmullrom"
						},
						"0.76": {
							"post": [0, 0, 0],
							"lerp_mode": "catmullrom"
						},
						"5.0": {
							"post": [0, 0, 0],
							"lerp_mode": "catmullrom"
						}
					},
					"scale": {
						"0.0": {
							"post": [0, 0, 0],
							"lerp_mode": "catmullrom"
						},
						"0.76": {
							"post": [1, 1, 1],
							"lerp_mode": "catmullrom"
						},
						"5.0": {
							"post": [1, 1, 1],
							"lerp_mode": "catmullrom"
						}
					}
				},
				"body": {
					"position": {
						"0.0": {
							"post": [0, -50, 0],
							"lerp_mode": "catmullrom"
						},
						"0.96": {
							"post": [0, -50, 0],
							"lerp_mode": "catmullrom"
						},
						"1.8": {
							"post": [0, 0, 0],
							"lerp_mode": "catmullrom"
						},
						"5.0": {
							"post": [0, 0, 0],
							"lerp_mode": "catmullrom"
						}
					},
					"scale": {
						"0.0": {
							"post": [0, 0, 0],
							"lerp_mode": "catmullrom"
						},
						"0.96": {
							"post": [0, 0, 0],
							"lerp_mode": "catmullrom"
						},
						"1.8": {
							"post": [1, 1, 1],
							"lerp_mode": "catmullrom"
						},
						"5.0": {
							"post": [1, 1, 1],
							"lerp_mode": "catmullrom"
						}
					}
				}
			}
		}
	}
}