{
  "format_version": "1.8.0",
 "minecraft:entity": {
  "description": {
    "identifier": "wb:ball_border_fugitivea",
    "is_spawnable": false,
    "is_summonable": true,
    "is_experimental": false,
    "runtime_identifier": "minecraft:snowball"
  },
  "component_groups":{
  	"friendly":{
  		   "minecraft:transformation": {
          "into": "wb:ball_border_fugitivec<friendly>",
          "delay": 1.0
      }
  	}
  },
  "components": {
    "minecraft:collision_box": {
    "width": 0.18,
    "height": 0.18
   },
   "minecraft:transformation": {
          "into": "wb:ball_border_fugitivec",
          "delay": 1.0
      },
   "minecraft:projectile": {
    "onHit": {
      "impact_damage": {
        "damage": 60,
        "knockback": true,
        "catchFire": true,
        "semirandomdiffdamage": false,
        "destroy_on_hit":false
      }
    },
    "power": 1.0,
    "gravity": 0.00,
    "inertia": 1,
    "anchor": 2,
    "offset": [ 0, 0.0, 0 ],
    "semirandomdiffdamage": false,
    "uncertaintyBase": 0.0,
    "reflectOnHurt": true,
    "multiple_targets":false
   },
   "minecraft:physics": {
   }
  },
  "events":{
  	"friendly":{
  		"add":{
  			"component_groups":["friendly"]
  		}
  	}
  }
 }
}
