{
  "format_version": "1.11.0",
  "minecraft:entity": {
    "description": {
      "identifier": "wb:border_fugitive",
      "is_spawnable": true,
      "is_summonable": true,
      "is_experimental": false,
      "runtime_identifier":"wb:border_fugitive",
      "animations":{
      	"base":"controller.animation.border_fugitive"
      },
      "scripts":{
      	"animate":[
      	 "base"
      	 ]
      }
    },
    "component_groups":{
        "second":{
            "minecraft:is_charged":{},
            "minecraft:behavior.knockback_roar": {
          "priority": 0,
          "duration": 1.5,
          "attack_time": 0.5,
          "knockback_damage": 40,
          "knockback_strength": 6,
          "knockback_range": 6,
          "cooldown_time": 1.2
        }
        },
        "into":{
            "minecraft:transformation": {
          "into": "wb:border_fugitive<second>"
        }
        },
        "first":{
           "minecraft:damage_sensor": [
        {
          "on_damage": {
            "filters": {
			    "test": "has_damage", "value": "fatal"
            },
            "event": "into"
          }
        }
      ]
        },
        "biga":{
         "minecraft:timer": {
          "time": 2,
          "looping": true,
          "time_down_event": {
            "event": "big",
            "target": "self"
          }
      }
        },
        "summon":{
        "minecraft:behavior.summon_entity": {
        "priority": 0,
        "summon_choices": [
          {
            "min_activation_range": 0.0,
            "weight": 2,
            "cooldown_time": 0,
            "cast_duration": 1.5,
            "particle_color": "#FF664D59",
            "sequence": [
              {
                "shape": "circle",
                "target": "self",
                "base_delay": 0.02,
                "delay_per_summon": 0.1,
                "num_entities_spawned": 1,
                "entity_type": "minecraft:fireball",
                "size": 1,
                "entity_lifespan": 1.1,
                "sound_event": "prepare.attack"
              },
              {
                "shape": "circle",
                "target": "self",
                "base_delay": 0.02,
                "delay_per_summon": 0.1,
                "num_entities_spawned": 5,
                "entity_type": "minecraft:fireball",
                "size": 2,
                "entity_lifespan": 1.1,
                "sound_event": "prepare.attack"
              },
               {
                "shape": "circle",
                "target": "self",
                "base_delay": 0.02,
                "delay_per_summon": 0.0,
                "num_entities_spawned": 15,
                "entity_type": "minecraft:fireball",
                "size": 3,
                "entity_lifespan": 1.1,
                "sound_event": "prepare.attack"
              },
             {
                "shape": "circle",
                "target": "target",
                "base_delay": 0.02,
                "delay_per_summon": 0.0,
                "num_entities_spawned": 15,
                "entity_type": "minecraft:fireball",
                "size": 3,
                "entity_lifespan": 4.0,
                "sound_event": "prepare.attack"
              },
               {
                "shape": "circle",
                "target": "target",
                "base_delay": 0.02,
                "delay_per_summon": 0.0,
                "num_entities_spawned": 22,
                "entity_type": "minecraft:fireball",
                "size": 4,
                "entity_lifespan": 4.0,
                "sound_event": "prepare.attack"
              }
            ]
          }
        ]
      },
             "minecraft:timer": {
          "time": 4,
          "looping": true,
          "time_down_event": {
            "event": "sss",
            "target": "self"
          }
      }
        },
        "attack":{
        "minecraft:timer": {
          "time": 6,
          "looping": true,
          "time_down_event": {
            "event": "sss",
            "target": "self"
          }
      },
        "minecraft:shooter": {
        "def": "wb:ball_border_fugitivea"
      },
        "minecraft:behavior.ranged_attack": {
        "priority": 2,
        "attack_interval_min": 1,
        "attack_interval_max": 1.5,
        "attack_radius": 64
           }
        },
        "bigb":{
            "minecraft:is_baby":{},
            "minecraft:timer": {
          "time": 0.8,
          "looping": true,
          "time_down_event": {
            "event": "sss",
            "target": "self"
          }
      }
        }
    },
    "components": {
        "minecraft:loot": {
          "table": "loot_tables/wb/5_x/fugitive.json"
        },
  "minecraft:boss": {
        "should_darken_sky": false,
        "hud_range": 64,
        "name":"Border Fugitive"
      },
      "minecraft:fire_immune": true,
      "minecraft:timer": {
          "time": 2,
          "looping": true,
          "time_down_event": {
            "event": "sss",
            "target": "self"
          }
      },
      "minecraft:type_family": {
        "family": [ "border","fugitive" ,"magic","monster"]
      },
      "minecraft:scale":{
      	"value":1.0
      },
      "minecraft:collision_box": {
        "width": 0.9,
        "height": 1.8
      },
      "minecraft:health": {
        "value": 200,
        "max": 200
      },
      "minecraft:movement": {
        "value": 0.23
      },
      "minecraft:navigation.walk": {
      },
      "minecraft:movement.basic": {
        
      },
      "minecraft:jump.static": {
      },
      "minecraft:can_climb": {
      },
      "minecraft:attack": {
        "damage": 40
      },
      "minecraft:damage_sensor": {
        "triggers": {
          "cause": "fall",
          "deals_damage": false
        }
      },
      "minecraft:behavior.random_stroll": {
        "priority": 6,
        "speed_multiplier": 1,
        "xz_dist": 16
      },
      "minecraft:behavior.look_at_player": {
        "priority": 7,
        "look_distance": 6.0,
        "probability": 0.02
      },
      "minecraft:behavior.random_look_around": {
        "priority": 8
      },
      "minecraft:behavior.nearest_attackable_target": {
        "priority": 3,
        "entity_types": [
          {
            "filters": { 
                "all_of": [
                  { "test" :  "is_family","operator":"!=","subject" : "other", "value" : "magic"}
                ] 
            },
            "within_default": 64
          }
        ],
        "must_see": true,
        "must_reach": true
      },
      "minecraft:behavior.hurt_by_target": {
        "priority": 2
      },
      "minecraft:physics": {
      },
      "minecraft:follow_range": {
        "value": 64
      }
    },
    "events":{
        "minecraft:entity_spawned":{
            "add":{
                "component_groups":["first"]
            }
        },
        "second":{
            "add":{
                "component_groups":["second"]
            }
        },
        "into":{
            "add":{
                "component_groups":["into"]
            }
        },
        "big":{
            "add":{
                "component_groups":["bigb"]
            },
            "remove":{
                "component_groups":["biga"]
            }
        },
      "sss": {
        "randomize": [
          {
            "weight": 1,
            "remove": {
              "component_groups": [
                  "summon","attack","bigb"
              ]
            },
            "add": {
              "component_groups": [
                  "biga"
              ]
            }
          },
          {
            "weight": 1,
            "remove": {
              "component_groups": [
                  "summon","bigb","biga"
              ]
            },
            "add": {
              "component_groups": [
                  "attack"
              ]
            }
          },
          {
            "weight": 1,
            "remove": {
              "component_groups": [
                  "bigb","attack","biga"
              ]
            },
            "add": {
              "component_groups": [
                  "summon"
              ]
            }
          }
        ]
      }
    }
  }
}