{
  "format_version": "1.8.0",
  "minecraft:entity": {
    "description": {
      "identifier": "wb:originsoldier",
      "is_spawnable": false,
      "is_summonable": true,
      "is_experimental": false,
      "runtime_identifier": "wb:originsoldier"
    },

    "components": {
    	 "minecraft:knockback_resistance": {
        "value": 1,
        "max": 1
      },
    	  "minecraft:damage_sensor":[
        {
          "cause": "entity_explosion",
          "deals_damage": false
        },
        {
         "on_damage": {
          "filters": { "test":  "is_family", "subject":"other","value":  "godd"}
        },
        "deals_damage": false
      },
    {
         "on_damage": {
          "filters": { "test":  "is_family", "subject":"other","value":  "lightning"}
        },
        "deals_damage": false
      }
     ],
    		 "minecraft:follow_range": {
        "value": 28,
        "max": 28
      },
           "minecraft:behavior.delayed_attack": {
          "priority": 1,
          "reach_multiplier": 5,
          "attack_duration": 0.1,
          "hit_delay_pct": 0.1,
          "track_target": true
        },
        "minecraft:behavior.hurt_by_target": {
        "priority": 2,
        "entity_types": {
          "filters": {
              "all_of":[
                  { "test": "is_family", "subject": "other", "operator": "!=", "value": "godd" }
             ]
          }
        }
      },
        "minecraft:fall_damage": {
        "value": 0.0
      },
        "minecraft:behavior.nearest_attackable_target": {
        "priority": 2,
        "reselect_targets": true,
        "entity_types": [
          {
            "filters": {
              "test": "is_family",
              "subject": "other",
              "operator": "!=",
              "value": "godd"
            },
            "max_dist": 28
          }
        ],
        "must_see": true
      },
 "minecraft:knockback_resistance": {
        "value": 1,
        "max": 1
      },
    "minecraft:attack":{
    "damage": 1500
    },
      "minecraft:collision_box": {
        "width": 0.7,
        "height": 1.8
      },
      "minecraft:type_family": {
        "family": [ "godd","origin"]
      },
      "minecraft:health": {
        "value": 4000,
        "max":   4000
      },
      "minecraft:loot": {
        "table": "loot_tables/entities/fjdjdj.json"
      },
      "minecraft:movement": {
        "value": 0.23
      },
      "minecraft:navigation.walk": {
        "is_amphibious": true,
        "can_pass_doors": true,
        "can_open_doors": true,
        "avoid_water": true,
        "avoid_portals": true
      },
      "minecraft:movement.basic": {
      },
      "minecraft:jump.static": {
      },
      "minecraft:can_climb": {
      }, 
      "minecraft:behavior.move_towards_restriction": {
        "priority": 5
      },
      "minecraft:behavior.random_stroll": {
        "priority": 7,
        "speed_multiplier": 1.0
      },
           "minecraft:fire_immune": true,
      "minecraft:behavior.look_at_player": {
        "priority": 8,
        "look_distance": 6.0,
        "probability": 0.02
      },
      "minecraft:behavior.random_look_around": {
        "priority": 9
      },
         "minecraft:physics": {
      }
    }
  }
}
