{
	"format_version": "1.8.0",
	"animations": {
		"animation.goblin.attack": {
			"animation_length": 0.56,
			"bones": {
				"rightArm": {
					"rotation": {
						"0.0": [0, 0, 0],
						"0.2": [-52.5, -17.5, 0],
						"0.36": [0, 0, 0]
					},
					"position": [0, 0, 0]
				}
			}
		},
		"animation.goblin.stay": {
			"loop": true,
			"animation_length": 2.12,
			"bones": {
				"body": {
					"rotation": {
						"0.0": [2.5, 0, 0],
						"1.04": [-2.5, 0, 0],
						"2.12": [2.5, 0, 0]
					}
				},
				"head": {
					"rotation": {
						"0.0": [5, 0, 0],
						"1.04": [-5, 0, 0],
						"2.12": [5, 0, 0]
					},
					"position": {
						"0.0": [0, 0, -0.5],
						"1.04": [0, 0, 0.5],
						"2.12": [0, 0, -0.5]
					}
				},
				"rightArm": {
					"rotation": {
						"0.0": [-2.5, 0, 0],
						"1.04": [2.5, 0, 0],
						"2.12": [-2.5, 0, 0]
					},
					"position": {
						"0.0": [0, 0, -0.25],
						"1.04": [0, 0, 0.25],
						"2.12": [0, 0, -0.25]
					}
				},
				"leftArm": {
					"rotation": {
						"0.0": [-2.5, 0, 0],
						"1.04": [2.5, 0, 0],
						"2.08": [-2.5, 0, 0]
					},
					"position": {
						"0.0": [0, 0, -0.25],
						"1.04": [0, 0, 0.25],
						"2.08": [0, 0, -0.25]
					}
				}
			}
		}
	}
}