{
  "format_version": "1.16.0",
  "minecraft:block": {
    "description": {
      "identifier": "dec:end_ore"
    },
    "components": {
		  "minecraft:creative_category": {
				"group": "itemGroup.name.ore",
				"category": "nature"
			},
      "minecraft:block_light_absorption": 1,
      "minecraft:block_light_emission": 0,
      "minecraft:destroy_time": 3.5,
      "minecraft:explosion_resistance": 10,
      "minecraft:map_color": "#F6FABD",
      "minecraft:loot": "loot_tables/blocks/end_ore.json",
      "tag:stone": {}
    }
  }
}