{
  "format_version": "1.16.0",
  "minecraft:block": {
    "description": {
      "identifier": "dec:frozen_crate_locked"
    },
    "components": {
		  "minecraft:creative_category": {
        "group": "itemGroup.name.outside",
				"category": "items"
			},
      "minecraft:block_light_absorption": 1,
      "minecraft:block_light_emission": 0,
      "minecraft:destroy_time": 3.0,
      "minecraft:explosion_resistance": 14,
      "minecraft:map_color": "#FFFFFF",
      "minecraft:loot": "loot_tables/blocks/frozen_crate_locked.json",
      "minecraft:on_interact": {
        "event": "unlock",
        "condition": "query.get_equipped_item_name('main_hand') == 'iron_key'"
      },
      "tag:wood": {}
    },
    "events": {
      "unlock": {
        "set_block": {
          "block_type": "dec:frozen_crate"
        },
        "run_command": {
          "command": [
            "playsound random.anvil_land @a ~~~",
            "particle minecraft:critical_hit_emitter ~~~"
          ]
        },
        "decrement_stack": {}
      }
    }
  }
}