{
  "format_version": "1.16.0",
  "minecraft:block": {
    "description": {
      "identifier": "dec:monitor"
    },
    "components": {
		  "minecraft:creative_category": {
				"group": "itemGroup.name.log",
				"category": "nature"
			},
      "minecraft:block_light_absorption": 1,
      "minecraft:block_light_emission": 0,
      "minecraft:destroy_time": 3,
      "minecraft:explosion_resistance": 50,
      "minecraft:map_color": "#27C3C2",
      "minecraft:loot": "loot_tables/blocks/monitor.json",
      "tag:wood": { }
    }
  }
}