{
	"format_version": "1.8.0",
	"animations": {
		"animation.end_energy.base": {
			"animation_length": 5,
			"bones": {
				"bone": {
					"rotation": {
						"0.0": [0, 0, 0],
						"5.0": [0, 2000, 0]
					},
					"position": {
						"0.0": [0, 1000, 0],
						"5.0": [0, -200, 0]
					}
				}
			}
		},
		"animation.originking_endphalanx.base": {
			"animation_length": 15,
			"bones": {
            	"summon3":{
            	    "position":[0,1000,0],
            		"rotation":[0,"query.life_time*180",0],
            		"scale":{
            			"0.1":[0,0,0],
            			"1.0":[16,16,16],
            			"1.5":[16,16,16]
            		}
            	}
			}
		}
	}
}