{
  "format_version": "1.10.0",
  "minecraft:client_entity": {
    "description": {
      "identifier": "wb:intentions_third",
      "materials": { 
          "default": "skeleton",
          "charged": "wbarmor"
      },
      "textures": { 
          "default": "textures/wb/5_x/intentions_first",
          "charged": "textures/wb/5_x/lightning_intentions_third"
      },
      "geometry": { 
          "default": "geometry.intentions_first",
          "charged": "geometry.lightning_intentions_third"
      },
      "scripts": {
        "pre_animation": [
          "variable.tcos0 = (Math.cos(query.modified_distance_moved * 38.17) * query.modified_move_speed / variable.gliding_speed_value) * 57.3;",
          "variable.tcos1 = -variable.tcos0;"
        ]
      },
      "animations": {
        "pre":"animation.intentions_third.pre",
        "look_at_target_default": "animation.humanoid.look_at_target.default.v1.0",
        "look_at_target_gliding": "animation.humanoid.look_at_target.gliding.v1.0",
        "look_at_target_swimming": "animation.humanoid.look_at_target.swimming.v1.0",
        "move": "animation.border_fugitive.move",
        "base":"animation.intentions_third.base",
        "roaring":"animation.intentions_third.roaring",
        "delayed_attacking":"animation.intentions_third.delayed_attacking",
        
        "look_at_targetc": "controller.animation.humanoid.look_at_target" ,
         "movec": "controller.animation.border_fugitive.move" ,
         "delayed_attackingc": "controller.animation.base.delayed_attacking" ,
         "roaringc": "controller.animation.base.roaring" ,
        "basec": "controller.animation.base.base" 
      },
      "scripts": {
        "animate": [
          {"pre":"query.variant==9"},
          "basec","roaringc","delayed_attackingc","movec","look_at_targetc"
         ]
      },
      
        
      
     "particle_effects": {
        "spell": "wb:intentions_first_para"
      },
      "render_controllers": [
        "controller.render.lightning_intentions_third",
        "controller.render.intentions_third"
      ],
      "spawn_egg": {
        "texture": "intentions_first",
        "texture_index": 0
      }
    }
  }
}
