{
 "0:0": {
  "name": "air",
  "texture":""
 },
 "1:0": {
  "name": "stone",
  "texture": "stone.png"
 },
 "1:5": {
  "name": "stone",
  "texture": "stone_andesite.png"
 },
 "1:3": {
  "name": "stone",
  "texture": "stone_diorite.png"
 },
 "1:4": {
  "name": "stone",
  "texture": "stone_diorite_smooth.png"
 },
 "1:1": {
  "name": "stone",
  "texture": "stone_granite.png"
 },
 "1:6": {
  "name": "stone",
  "texture": "stone_andesite_smooth.png"
 },
 "1:2": {
  "name": "stone",
  "texture": "stone_granite_smooth.png"
 },
 "2:0": {
  "name": "grass",
  "texture": "grass_side_carried.png"
 },
 "3:0": {
  "name": "dirt",
  "texture": "dirt.png"
 },
 "4:0": {
  "name": "cobblestone",
  "texture": "cobblestone.png"
 },
 "5:4": {
  "name": "planks",
  "texture": "planks_acacia.png"
 },
 "5:0": {
  "name": "planks",
  "texture": "planks_oak.png"
 },
 "5:1": {
  "name": "planks",
  "texture": "planks_spruce.png"
 },
 "5:5": {
  "name": "planks",
  "texture": "planks_big_oak.png"
 },
 "5:3": {
  "name": "planks",
  "texture": "planks_jungle.png"
 },
 "5:2": {
  "name": "planks",
  "texture": "planks_birch.png"
 },
 "6:4": {
  "name": "sapling",
  "texture": "sapling_acacia.png"
 },
 "6:0": {
  "name": "sapling",
  "texture": "sapling_oak.png"
 },
 "6:1": {
  "name": "sapling",
  "texture": "sapling_spruce.png"
 },
 "6:5": {
  "name": "sapling",
  "texture": "sapling_roofed_oak.png"
 },
 "6:3": {
  "name": "sapling",
  "texture": "sapling_jungle.png"
 },
 "6:2": {
  "name": "sapling",
  "texture": "sapling_birch.png"
 },
 "7:0": {
  "name": "bedrock",
  "texture": "bedrock.png"
 },
 "8:0": {
  "name": "flowing_water",
  "texture": "water_flow.png"
 },
 "9:0": {
  "name": "water",
  "texture": "water_still.png"
 },
 "10:0": {
  "name": "flowing_lava",
  "texture": "lava_flow.png"
 },
 "11:0": {
  "name": "lava",
  "texture": "lava_still.png"
 },
 "12:1": {
  "name": "sand",
  "texture": "red_sand.png"
 },
 "12:0": {
  "name": "sand",
  "texture": "sand.png"
 },
 "13:0": {
  "name": "gravel",
  "texture": "gravel.png"
 },
 "14:0": {
  "name": "gold_ore",
  "texture": "gold_ore.png"
 },
 "15:0": {
  "name": "iron_ore",
  "texture": "iron_ore.png"
 },
 "16:0": {
  "name": "coal_ore",
  "texture": "coal_ore.png"
 },
 "17:0": {
  "name": "log",
  "texture": "log_oak.png"
 },
 "17:1": {
  "name": "log",
  "texture": "log_spruce.png"
 },
 "17:3": {
  "name": "log",
  "texture": "log_jungle.png"
 },
 "17:2": {
  "name": "log",
  "texture": "log_birch.png"
 },
 "18:0": {
  "name": "leaves",
  "texture": "leaves_oak.png"
 },
 "18:1": {
  "name": "leaves",
  "texture": "leaves_spruce.png"
 },
 "18:3": {
  "name": "leaves",
  "texture": "leaves_jungle.png"
 },
 "18:2": {
  "name": "leaves",
  "texture": "leaves_birch.png"
 },
 "19:1": {
  "name": "sponge",
  "texture": "sponge_wet.png"
 },
 "19:0": {
  "name": "sponge",
  "texture": "sponge_dry.png"
 },
 "20:0": {
  "name": "glass",
  "texture": "glass.png"
 },
 "21:0": {
  "name": "lapis_ore",
  "texture": "lapis_ore.png"
 },
 "22:0": {
  "name": "lapis_block",
  "texture": "lapis_block.png"
 },
 "23:0": {
  "name": "dispenser",
  "texture": "dispenser.png"
 },
 "24:1": {
  "name": "sandstone",
  "texture": "sandstone_chiseled.png"
 },
 "24:0": {
  "name": "sandstone",
  "texture": "sandstone_default.png"
 },
 "24:2": {
  "name": "sandstone",
  "texture": "sandstone_smooth.png"
 },
 "25:0": {
  "name": "noteblock",
  "texture": "noteblock.png"
 },
 "26:0": {
  "name": "bed",
  "texture": "bed.png"
 },
 "27:0": {
  "name": "golden_rail",
  "texture": "golden_rail.png"
 },
 "28:0": {
  "name": "detector_rail",
  "texture": "detector_rail.png"
 },
 "29:0": {
  "name": "sticky_piston",
  "texture": "sticky_piston.png"
 },
 "30:0": {
  "name": "web",
  "texture": "web.png"
 },
 "31:1": {
  "name": "tallgrass",
  "texture": "tallgrass_fern.png"
 },
 "31:2": {
  "name": "tallgrass",
  "texture": "tallgrass_grass.png"
 },
 "32:0": {
  "name": "deadbush",
  "texture": "deadbush.png"
 },
 "33:0": {
  "name": "piston",
  "texture": "piston.png"
 },
 "34:0": {
  "name": "pistonArmCollision",
  "texture": "pistonArmCollision.png"
 },
 "35:8": {
  "name": "wool",
  "texture": "wool_colored_silver.png"
 },
 "35:11": {
  "name": "wool",
  "texture": "wool_colored_blue.png"
 },
 "35:13": {
  "name": "wool",
  "texture": "wool_colored_green.png"
 },
 "35:5": {
  "name": "wool",
  "texture": "wool_colored_lime.png"
 },
 "35:3": {
  "name": "wool",
  "texture": "wool_colored_light_blue.png"
 },
 "35:4": {
  "name": "wool",
  "texture": "wool_colored_yellow.png"
 },
 "35:1": {
  "name": "wool",
  "texture": "wool_colored_orange.png"
 },
 "35:15": {
  "name": "wool",
  "texture": "wool_colored_black.png"
 },
 "35:6": {
  "name": "wool",
  "texture": "wool_colored_pink.png"
 },
 "35:0": {
  "name": "wool",
  "texture": "wool_colored_white.png"
 },
 "35:9": {
  "name": "wool",
  "texture": "wool_colored_cyan.png"
 },
 "35:12": {
  "name": "wool",
  "texture": "wool_colored_brown.png"
 },
 "35:14": {
  "name": "wool",
  "texture": "wool_colored_red.png"
 },
 "35:10": {
  "name": "wool",
  "texture": "wool_colored_purple.png"
 },
 "35:7": {
  "name": "wool",
  "texture": "wool_colored_gray.png"
 },
 "35:2": {
  "name": "wool",
  "texture": "wool_colored_magenta.png"
 },
 "36:0": {
  "name": "",
  "texture": ""
 },
 "37:0": {
  "name": "yellow_flower",
  "texture": "yellow_flower.png"
 },
 "38:8": {
  "name": "red_flower",
  "texture": "flower_oxeye_daisy.png"
 },
 "38:0": {
  "name": "red_flower",
  "texture": "flower_poppy.png"
 },
 "38:5": {
  "name": "red_flower",
  "texture": "flower_tulip_orange.png"
 },
 "38:3": {
  "name": "red_flower",
  "texture": "flower_houstonia.png"
 },
 "38:4": {
  "name": "red_flower",
  "texture": "flower_tulip_red.png"
 },
 "38:1": {
  "name": "red_flower",
  "texture": "flower_blue_orchid.png"
 },
 "38:7": {
  "name": "red_flower",
  "texture": "flower_tulip_pink.png"
 },
 "38:6": {
  "name": "red_flower",
  "texture": "flower_tulip_white.png"
 },
 "38:2": {
  "name": "red_flower",
  "texture": "flower_allium.png"
 },
 "39:0": {
  "name": "brown_mushroom",
  "texture": "brown_mushroom.png"
 },
 "40:0": {
  "name": "red_mushroom",
  "texture": "red_mushroom.png"
 },
 "41:0": {
  "name": "gold_block",
  "texture": "gold_block.png"
 },
 "42:0": {
  "name": "iron_block",
  "texture": "iron_block.png"
 },
 "43:8": {
  "name": "double_stone_slab",
  "texture": "double_stone_slab_red_sandstone.png"
 },
 "43:0": {
  "name": "double_stone_slab",
  "texture": "double_stone_slab_stone.png"
 },
 "43:5": {
  "name": "double_stone_slab",
  "texture": "double_stone_slab_smooth_stone_brick.png"
 },
 "43:3": {
  "name": "double_stone_slab",
  "texture": "double_stone_slab_cobble.png"
 },
 "43:4": {
  "name": "double_stone_slab",
  "texture": "double_stone_slab_brick.png"
 },
 "43:1": {
  "name": "double_stone_slab",
  "texture": "double_stone_slab_sand.png"
 },
 "43:7": {
  "name": "double_stone_slab",
  "texture": "double_stone_slab_nether_brick.png"
 },
 "43:6": {
  "name": "double_stone_slab",
  "texture": "double_stone_slab_quartz.png"
 },
 "43:2": {
  "name": "double_stone_slab",
  "texture": "double_stone_slab_wood.png"
 },
 "44:0": {
  "name": "stone_slab",
  "texture": "stone_slab_side.png"
 },
 "44:5": {
  "name": "stone_slab",
  "texture": "stone_slab_side.png"
 },
 "44:3": {
  "name": "stone_slab",
  "texture": "stone_slab_side.png"
 },
 "44:4": {
  "name": "stone_slab",
  "texture": "stone_slab_side.png"
 },
 "44:1": {
  "name": "stone_slab",
  "texture": "stone_slab_side.png"
 },
 "44:7": {
  "name": "stone_slab",
  "texture": "stone_slab_side.png"
 },
 "44:6": {
  "name": "stone_slab",
  "texture": "stone_slab_side.png"
 },
 "44:2": {
  "name": "stone_slab",
  "texture": "stone_slab_side.png"
 },
 "45:0": {
  "name": "brick_block",
  "texture": "brick_block.png"
 },
 "46:0": {
  "name": "tnt",
  "texture": "tnt.png"
 },
 "47:0": {
  "name": "bookshelf",
  "texture": "bookshelf.png"
 },
 "48:0": {
  "name": "mossy_cobblestone",
  "texture": "mossy_cobblestone.png"
 },
 "49:0": {
  "name": "obsidian",
  "texture": "obsidian.png"
 },
 "50:0": {
  "name": "torch",
  "texture": "torch.png"
 },
 "51:0": {
  "name": "fire",
  "texture": "fire.png"
 },
 "52:0": {
  "name": "mob_spawner",
  "texture": "mob_spawner.png"
 },
 "53:0": {
  "name": "oak_stairs",
  "texture": "oak_stairs.png"
 },
 "54:0": {
  "name": "chest",
  "texture": "chest_front.png"
 },
 "55:0": {
  "name": "redstone_wire",
  "texture": "redstone_wire.png"
 },
 "56:0": {
  "name": "diamond_ore",
  "texture": "diamond_ore.png"
 },
 "57:0": {
  "name": "diamond_block",
  "texture": "diamond_block.png"
 },
 "58:0": {
  "name": "crafting_table",
  "texture": "crafting_table.png"
 },
 "59:0": {
  "name": "wheat",
  "texture": "wheat.png"
 },
 "60:0": {
  "name": "farmland",
  "texture": "farmland.png"
 },
 "61:0": {
  "name": "furnace",
  "texture": "furnace.png"
 },
 "62:0": {
  "name": "lit_furnace",
  "texture": "lit_furnace.png"
 },
 "63:0": {
  "name": "standing_sign",
  "texture": "standing_sign.png"
 },
 "64:0": {
  "name": "wooden_door",
  "texture": "wooden_door.png"
 },
 "65:0": {
  "name": "ladder",
  "texture": "ladder.png"
 },
 "66:0": {
  "name": "rail",
  "texture": "rail.png"
 },
 "67:0": {
  "name": "stone_stairs",
  "texture": "stone_stairs.png"
 },
 "68:0": {
  "name": "wall_sign",
  "texture": "wall_sign.png"
 },
 "69:0": {
  "name": "lever",
  "texture": "lever.png"
 },
 "70:0": {
  "name": "stone_pressure_plate",
  "texture": "stone_pressure_plate.png"
 },
 "71:0": {
  "name": "iron_door",
  "texture": "iron_door.png"
 },
 "72:0": {
  "name": "wooden_pressure_plate",
  "texture": "wooden_pressure_plate.png"
 },
 "73:0": {
  "name": "redstone_ore",
  "texture": "redstone_ore.png"
 },
 "74:0": {
  "name": "lit_redstone_ore",
  "texture": "lit_redstone_ore.png"
 },
 "75:0": {
  "name": "unlit_redstone_torch",
  "texture": "unlit_redstone_torch.png"
 },
 "76:0": {
  "name": "redstone_torch",
  "texture": "redstone_torch.png"
 },
 "77:0": {
  "name": "stone_button",
  "texture": "stone_button.png"
 },
 "78:0": {
  "name": "snow_layer",
  "texture": "snow_layer.png"
 },
 "79:0": {
  "name": "ice",
  "texture": "ice.png"
 },
 "80:0": {
  "name": "snow",
  "texture": "snow.png"
 },
 "81:0": {
  "name": "cactus",
  "texture": "cactus.png"
 },
 "82:0": {
  "name": "clay",
  "texture": "clay.png"
 },
 "83:0": {
  "name": "reeds",
  "texture": "reeds.png"
 },
 "84:0": {
  "name": "jukebox",
  "texture": "fence_birch_fence.png"
 },
 "85:4": {
  "name": "fence",
  "texture": "fence_acacia_fence.png"
 },
 "85:0": {
  "name": "fence",
  "texture": "fence_fence.png"
 },
 "85:1": {
  "name": "fence",
  "texture": "fence_spruce_fence.png"
 },
 "85:5": {
  "name": "fence",
  "texture": "fence_dark_oak_fence.png"
 },
 "85:3": {
  "name": "fence",
  "texture": "fence_jungle_fence.png"
 },
 "85:2": {
  "name": "fence",
  "texture": "fence_birch_fence.png"
 },
 "86:0": {
  "name": "pumpkin",
  "texture": "pumpkin.png"
 },
 "87:0": {
  "name": "netherrack",
  "texture": "netherrack.png"
 },
 "88:0": {
  "name": "soul_sand",
  "texture": "soul_sand.png"
 },
 "89:0": {
  "name": "glowstone",
  "texture": "glowstone.png"
 },
 "90:0": {
  "name": "portal",
  "texture": "portal.png"
 },
 "91:0": {
  "name": "lit_pumpkin",
  "texture": "lit_pumpkin.png"
 },
 "92:0": {
  "name": "cake",
  "texture": "cake.png"
 },
 "93:0": {
  "name": "unpowered_repeater",
  "texture": "unpowered_repeater.png"
 },
 "94:0": {
  "name": "powered_repeater",
  "texture": "powered_repeater.png"
 },
 "95:0": {
  "name": "invisibleBedrock",
  "texture": "invisibleBedrock.png"
 },
 "96:0": {
  "name": "trapdoor",
  "texture": "trapdoor.png"
 },
 "97:4": {
  "name": "monster_egg",
  "texture": "monster_egg_crackedbrick.png"
 },
 "97:0": {
  "name": "monster_egg",
  "texture": "monster_egg_stone.png"
 },
 "97:1": {
  "name": "monster_egg",
  "texture": "monster_egg_cobble.png"
 },
 "97:5": {
  "name": "monster_egg",
  "texture": "monster_egg_chiseledbrick.png"
 },
 "97:3": {
  "name": "monster_egg",
  "texture": "monster_egg_mossybrick.png"
 },
 "97:2": {
  "name": "monster_egg",
  "texture": "monster_egg_brick.png"
 },
 "98:4": {
  "name": "stonebrick",
  "texture": "stonebrick_smooth.png"
 },
 "98:0": {
  "name": "stonebrick",
  "texture": "stonebrick_default.png"
 },
 "98:1": {
  "name": "stonebrick",
  "texture": "stonebrick_mossy.png"
 },
 "98:3": {
  "name": "stonebrick",
  "texture": "stonebrick_chiseled.png"
 },
 "98:2": {
  "name": "stonebrick",
  "texture": "stonebrick_cracked.png"
 },
 "99:0": {
  "name": "brown_mushroom_block",
  "texture": "brown_mushroom_block.png"
 },
 "100:0": {
  "name": "red_mushroom_block",
  "texture": "red_mushroom_block.png"
 },
 "101:0": {
  "name": "iron_bars",
  "texture": "iron_bars.png"
 },
 "102:0": {
  "name": "glass_pane",
  "texture": "glass_pane.png"
 },
 "103:0": {
  "name": "melon_block",
  "texture": "melon_block.png"
 },
 "104:0": {
  "name": "pumpkin_stem",
  "texture": "pumpkin_stem.png"
 },
 "105:0": {
  "name": "melon_stem",
  "texture": "melon_stem.png"
 },
 "106:0": {
  "name": "vine",
  "texture": "vine.png"
 },
 "107:0": {
  "name": "fence_gate",
  "texture": "fence_gate.png"
 },
 "108:0": {
  "name": "brick_stairs",
  "texture": "brick_stairs.png"
 },
 "109:0": {
  "name": "stone_brick_stairs",
  "texture": "stone_brick_stairs.png"
 },
 "110:0": {
  "name": "mycelium",
  "texture": "mycelium.png"
 },
 "111:0": {
  "name": "waterlily",
  "texture": "waterlily.png"
 },
 "112:0": {
  "name": "nether_brick",
  "texture": "nether_brick.png"
 },
 "113:0": {
  "name": "nether_brick_fence",
  "texture": "nether_brick_fence.png"
 },
 "114:0": {
  "name": "nether_brick_stairs",
  "texture": "nether_brick_stairs.png"
 },
 "115:0": {
  "name": "nether_wart",
  "texture": "nether_wart.png"
 },
 "116:0": {
  "name": "enchanting_table",
  "texture": "enchanting_table.png"
 },
 "117:0": {
  "name": "brewing_stand",
  "texture": "brewing_stand.png"
 },
 "118:0": {
  "name": "cauldron",
  "texture": "cauldron.png"
 },
 "119:0": {
  "name": "end_portal",
  "texture": "endframe_top.png"
 },
 "120:0": {
  "name": "end_portal_frame",
  "texture": "endframe_side.png"
 },
 "121:0": {
  "name": "end_stone",
  "texture": "end_stone.png"
 },
 "122:0": {
  "name": "dragon_egg",
  "texture": "dragon_egg.png"
 },
 "123:0": {
  "name": "redstone_lamp",
  "texture": "redstone_lamp.png"
 },
 "124:0": {
  "name": "lit_redstone_lamp",
  "texture": "lit_redstone_lamp.png"
 },
 "125:0": {
  "name": "dropper",
  "texture": "dropper.png"
 },
 "126:0": {
  "name": "activator_rail",
  "texture": "activator_rail.png"
 },
 "127:0": {
  "name": "cocoa",
  "texture": "cocoa.png"
 },
 "128:0": {
  "name": "sandstone_stairs",
  "texture": "sandstone_stairs.png"
 },
 "129:0": {
  "name": "emerald_ore",
  "texture": "emerald_ore.png"
 },
 "130:0": {
  "name": "ender_chest",
  "texture": "ender_chest_front.png"
 },
 "131:0": {
  "name": "tripwire_hook",
  "texture": "tripwire_hook.png"
 },
 "132:0": {
  "name": "tripWire",
  "texture": "tripWire.png"
 },
 "133:0": {
  "name": "emerald_block",
  "texture": "emerald_block.png"
 },
 "134:0": {
  "name": "spruce_stairs",
  "texture": "spruce_stairs.png"
 },
 "135:0": {
  "name": "birch_stairs",
  "texture": "birch_stairs.png"
 },
 "136:0": {
  "name": "jungle_stairs",
  "texture": "jungle_stairs.png"
 },
 "137:4": {
  "name": "impulse_command_block",
  "texture": "beacon.png"
 },
 "137:0": {
  "name": "impulse_command_block",
  "texture": "beacon.png"
 },
 "138:0": {
  "name": "beacon",
  "texture": "beacon.png"
 },
 "139:1": {
  "name": "cobblestone_wall",
  "texture": "cobblestone_wall_mossy.png"
 },
 "139:0": {
  "name": "cobblestone_wall",
  "texture": "cobblestone_wall_normal.png"
 },
 "140:0": {
  "name": "flower_pot",
  "texture": "flower_pot.png"
 },
 "141:0": {
  "name": "carrots",
  "texture": "carrots.png"
 },
 "142:0": {
  "name": "potatoes",
  "texture": "potatoes.png"
 },
 "143:0": {
  "name": "wooden_button",
  "texture": "wooden_button.png"
 },
 "144:0": {
  "name": "skull",
  "texture": "skull.png"
 },
 "145:8": {
  "name": "anvil",
  "texture": "anvil_very_damaged.png"
 },
 "145:4": {
  "name": "anvil",
  "texture": "anvil_slightly_damaged.png"
 },
 "145:0": {
  "name": "anvil",
  "texture": "anvil_intact.png"
 },
 "146:0": {
  "name": "trapped_chest",
  "texture": "chest_front.png"
 },
 "147:0": {
  "name": "light_weighted_pressure_plate",
  "texture": "light_weighted_pressure_plate.png"
 },
 "148:0": {
  "name": "heavy_weighted_pressure_plate",
  "texture": "heavy_weighted_pressure_plate.png"
 },
 "149:0": {
  "name": "unpowered_comparator",
  "texture": "unpowered_comparator.png"
 },
 "150:0": {
  "name": "powered_comparator",
  "texture": "powered_comparator.png"
 },
 "151:0": {
  "name": "daylight_detector",
  "texture": "daylight_detector.png"
 },
 "152:0": {
  "name": "redstone_block",
  "texture": "redstone_block.png"
 },
 "153:0": {
  "name": "quartz_ore",
  "texture": "quartz_ore.png"
 },
 "154:0": {
  "name": "hopper",
  "texture": "hopper.png"
 },
 "155:0": {
  "name": "quartz_block",
  "texture": "quartz_block_default.png"
 },
 "155:1": {
  "name": "quartz_block",
  "texture": "quartz_block_chiseled.png"
 },
 "155:3": {
  "name": "quartz_block",
  "texture": "quartz_block_default.png"
 },
 "155:2": {
  "name": "quartz_block",
  "texture": "quartz_block_lines.png"
 },
 "156:0": {
  "name": "quartz_stairs",
  "texture": "quartz_stairs.png"
 },
 "157:4": {
  "name": "double_wooden_slab",
  "texture": "planks_acacia.png"
 },
 "157:0": {
  "name": "double_wooden_slab",
  "texture": "planks_oak.png"
 },
 "157:1": {
  "name": "double_wooden_slab",
  "texture": "planks_spruce.png"
 },
 "157:5": {
  "name": "double_wooden_slab",
  "texture": "planks_big_oak.png"
 },
 "157:3": {
  "name": "double_wooden_slab",
  "texture": "planks_jungle.png"
 },
 "157:2": {
  "name": "double_wooden_slab",
  "texture": "planks_birch.png"
 },
 "158:4": {
  "name": "wooden_slab",
  "texture": "wooden_slab_acacia.png"
 },
 "158:0": {
  "name": "wooden_slab",
  "texture": "wooden_slab_oak.png"
 },
 "158:1": {
  "name": "wooden_slab",
  "texture": "wooden_slab_spruce.png"
 },
 "158:5": {
  "name": "wooden_slab",
  "texture": "wooden_slab_big_oak.png"
 },
 "158:3": {
  "name": "wooden_slab",
  "texture": "wooden_slab_jungle.png"
 },
 "158:2": {
  "name": "wooden_slab",
  "texture": "wooden_slab_birch.png"
 },
 "159:8": {
  "name": "stained_hardened_clay",
  "texture": "hardened_clay_stained_silver.png"
 },
 "159:11": {
  "name": "stained_hardened_clay",
  "texture": "hardened_clay_stained_blue.png"
 },
 "159:13": {
  "name": "stained_hardened_clay",
  "texture": "hardened_clay_stained_green.png"
 },
 "159:5": {
  "name": "stained_hardened_clay",
  "texture": "hardened_clay_stained_lime.png"
 },
 "159:3": {
  "name": "stained_hardened_clay",
  "texture": "hardened_clay_stained_light_blue.png"
 },
 "159:4": {
  "name": "stained_hardened_clay",
  "texture": "hardened_clay_stained_yellow.png"
 },
 "159:1": {
  "name": "stained_hardened_clay",
  "texture": "hardened_clay_stained_orange.png"
 },
 "159:15": {
  "name": "stained_hardened_clay",
  "texture": "hardened_clay_stained_black.png"
 },
 "159:6": {
  "name": "stained_hardened_clay",
  "texture": "hardened_clay_stained_pink.png"
 },
 "159:0": {
  "name": "stained_hardened_clay",
  "texture": "hardened_clay_stained_white.png"
 },
 "159:9": {
  "name": "stained_hardened_clay",
  "texture": "hardened_clay_stained_cyan.png"
 },
 "159:12": {
  "name": "stained_hardened_clay",
  "texture": "hardened_clay_stained_brown.png"
 },
 "159:14": {
  "name": "stained_hardened_clay",
  "texture": "hardened_clay_stained_red.png"
 },
 "159:10": {
  "name": "stained_hardened_clay",
  "texture": "hardened_clay_stained_purple.png"
 },
 "159:7": {
  "name": "stained_hardened_clay",
  "texture": "hardened_clay_stained_gray.png"
 },
 "159:2": {
  "name": "stained_hardened_clay",
  "texture": "hardened_clay_stained_magenta.png"
 },
 "160:8": {
  "name": "stained_glass_pane",
  "texture": "glass.png"
 },
 "160:11": {
  "name": "stained_glass_pane",
  "texture": "glass.png"
 },
 "160:13": {
  "name": "stained_glass_pane",
  "texture": "glass.png"
 },
 "160:5": {
  "name": "stained_glass_pane",
  "texture": "glass.png"
 },
 "160:3": {
  "name": "stained_glass_pane",
  "texture": "glass.png"
 },
 "160:4": {
  "name": "stained_glass_pane",
  "texture": "glass.png"
 },
 "160:1": {
  "name": "stained_glass_pane",
  "texture": "glass.png"
 },
 "160:15": {
  "name": "stained_glass_pane",
  "texture": "glass.png"
 },
 "160:6": {
  "name": "stained_glass_pane",
  "texture": "glass.png"
 },
 "160:0": {
  "name": "stained_glass_pane",
  "texture": "glass.png"
 },
 "160:9": {
  "name": "stained_glass_pane",
  "texture": "glass.png"
 },
 "160:12": {
  "name": "stained_glass_pane",
  "texture": "glass.png"
 },
 "160:14": {
  "name": "stained_glass_pane",
  "texture": "glass.png"
 },
 "160:10": {
  "name": "stained_glass_pane",
  "texture": "glass.png"
 },
 "160:7": {
  "name": "stained_glass_pane",
  "texture": "glass.png"
 },
 "160:2": {
  "name": "stained_glass_pane",
  "texture": "glass.png"
 },
 "161:1": {
  "name": "leaves2",
  "texture": "leaves2_big_oak.png"
 },
 "161:0": {
  "name": "leaves2",
  "texture": "leaves2_acacia.png"
 },
 "162:1": {
  "name": "log2",
  "texture": "log2_big_oak.png"
 },
 "162:0": {
  "name": "log2",
  "texture": "log2_acacia.png"
 },
 "163:0": {
  "name": "acacia_stairs",
  "texture": "acacia_stairs.png"
 },
 "164:0": {
  "name": "dark_oak_stairs",
  "texture": "dark_oak_stairs.png"
 },
 "165:0": {
  "name": "slime",
  "texture": "slime.png"
 },
 "166:0": {
  "name": "",
  "texture": ""
 },
 "167:0": {
  "name": "iron_trapdoor",
  "texture": "iron_trapdoor.png"
 },
 "168:1": {
  "name": "prismarine",
  "texture": "prismarine_dark.png"
 },
 "168:0": {
  "name": "prismarine",
  "texture": "prismarine_rough.png"
 },
 "168:2": {
  "name": "prismarine",
  "texture": "prismarine_bricks.png"
 },
 "169:0": {
  "name": "seaLantern",
  "texture": "seaLantern.png"
 },
 "170:0": {
  "name": "hay_block",
  "texture": "hay_block.png"
 },
 "171:8": {
  "name": "carpet",
  "texture": "carpet_silver.png"
 },
 "171:11": {
  "name": "carpet",
  "texture": "carpet_blue.png"
 },
 "171:13": {
  "name": "carpet",
  "texture": "carpet_green.png"
 },
 "171:5": {
  "name": "carpet",
  "texture": "carpet_lime.png"
 },
 "171:3": {
  "name": "carpet",
  "texture": "carpet_light_blue.png"
 },
 "171:4": {
  "name": "carpet",
  "texture": "carpet_yellow.png"
 },
 "171:1": {
  "name": "carpet",
  "texture": "carpet_orange.png"
 },
 "171:15": {
  "name": "carpet",
  "texture": "carpet_black.png"
 },
 "171:6": {
  "name": "carpet",
  "texture": "carpet_pink.png"
 },
 "171:0": {
  "name": "carpet",
  "texture": "carpet_white.png"
 },
 "171:9": {
  "name": "carpet",
  "texture": "carpet_cyan.png"
 },
 "171:12": {
  "name": "carpet",
  "texture": "carpet_brown.png"
 },
 "171:14": {
  "name": "carpet",
  "texture": "carpet_red.png"
 },
 "171:10": {
  "name": "carpet",
  "texture": "carpet_purple.png"
 },
 "171:7": {
  "name": "carpet",
  "texture": "carpet_gray.png"
 },
 "171:2": {
  "name": "carpet",
  "texture": "carpet_magenta.png"
 },
 "172:0": {
  "name": "hardened_clay",
  "texture": "hardened_clay.png"
 },
 "173:0": {
  "name": "coal_block",
  "texture": "coal_block.png"
 },
 "174:0": {
  "name": "packed_ice",
  "texture": "packed_ice.png"
 },
 "175:4": {
  "name": "double_plant",
  "texture": "double_plant_rose.png"
 },
 "175:0": {
  "name": "double_plant",
  "texture": "double_plant_sunflower.png"
 },
 "175:1": {
  "name": "double_plant",
  "texture": "double_plant_syringa.png"
 },
 "175:5": {
  "name": "double_plant",
  "texture": "double_plant_paeonia.png"
 },
 "175:3": {
  "name": "double_plant",
  "texture": "double_plant_fern.png"
 },
 "175:2": {
  "name": "double_plant",
  "texture": "double_plant_grass.png"
 },
 "176:12": {
  "name": "banner",
  "texture": "double_plant_paeonia.png"
 },
 "176:8": {
  "name": "banner",
  "texture": "double_plant_paeonia.png"
 },
 "176:0": {
  "name": "banner",
  "texture": "double_plant_paeonia.png"
 },
 "177:0": {
  "name": "",
  "texture": ""
 },
 "178:0": {
  "name": "daylight_detector_inverted",
  "texture": "daylight_detector_inverted.png"
 },
 "179:1": {
  "name": "red_sandstone",
  "texture": "red_sandstone_chiseled.png"
 },
 "179:0": {
  "name": "red_sandstone",
  "texture": "red_sandstone_default.png"
 },
 "179:2": {
  "name": "red_sandstone",
  "texture": "red_sandstone_smooth.png"
 },
 "180:0": {
  "name": "red_sandstone_stairs",
  "texture": "red_sandstone_stairs.png"
 },
 "181:1": {
  "name": "double_stone_slab2",
  "texture": "double_stone_slab2_purpur.png"
 },
 "181:0": {
  "name": "double_stone_slab2",
  "texture": "double_stone_slab2_red_sandstone.png"
 },
 "182:1": {
  "name": "stone_slab2",
  "texture": "stone_slab2_purpur.png"
 },
 "182:0": {
  "name": "stone_slab2",
  "texture": "stone_slab2_red_sandstone.png"
 },
 "183:0": {
  "name": "spruce_fence_gate",
  "texture": "spruce_fence_gate.png"
 },
 "184:0": {
  "name": "birch_fence_gate",
  "texture": "birch_fence_gate.png"
 },
 "185:0": {
  "name": "jungle_fence_gate",
  "texture": "jungle_fence_gate.png"
 },
 "186:0": {
  "name": "dark_oak_fence_gate",
  "texture": "dark_oak_fence_gate.png"
 },
 "187:0": {
  "name": "acacia_fence_gate",
  "texture": "acacia_fence_gate.png"
 },
 "188:0": {
  "name": "",
  "texture": ""
 },
 "189:0": {
  "name": "",
  "texture": ""
 },
 "190:0": {
  "name": "",
  "texture": ""
 },
 "191:0": {
  "name": "",
  "texture": ""
 },
 "192:0": {
  "name": "",
  "texture": ""
 },
 "193:0": {
  "name": "spruce_door",
  "texture": "spruce_door.png"
 },
 "194:0": {
  "name": "birch_door",
  "texture": "birch_door.png"
 },
 "195:0": {
  "name": "jungle_door",
  "texture": "jungle_door.png"
 },
 "196:0": {
  "name": "acacia_door",
  "texture": "acacia_door.png"
 },
 "197:0": {
  "name": "dark_oak_door",
  "texture": "dark_oak_door.png"
 },
 "198:0": {
  "name": "grass_path",
  "texture": "grass_path.png"
 },
 "199:0": {
  "name": "frame",
  "texture": "frame.png"
 },
 "200:0": {
  "name": "chorus_flower",
  "texture": "chorus_flower.png"
 },
 "201:0": {
  "name": "purpur_block",
  "texture": "purpur_block_default.png"
 },
 "201:1": {
  "name": "purpur_block",
  "texture": "purpur_block_chiseled.png"
 },
 "201:3": {
  "name": "purpur_block",
  "texture": "purpur_block_default.png"
 },
 "201:2": {
  "name": "purpur_block",
  "texture": "purpur_block_lines.png"
 },
 "202:9": {
  "name": "colored_torch_rg",
  "texture": "redstone_torch_on.png"
 },
 "202:0": {
  "name": "colored_torch_rg",
  "texture": "redstone_torch_on.png"
 },
 "202:13": {
  "name": "colored_torch_rg",
  "texture": "redstone_torch_on.png"
 },
 "203:0": {
  "name": "purpur_stairs",
  "texture": "purpur_stairs.png"
 },
 "204:0": {
  "name": "",
  "texture": ""
 },
 "205:0": {
  "name": "shulker_box",
  "texture": "observer.png"
 },
 "206:0": {
  "name": "end_bricks",
  "texture": "end_bricks.png"
 },
 "207:0": {
  "name": "",
  "texture": ""
 },
 "208:0": {
  "name": "end_rod",
  "texture": "end_rod.png"
 },
 "209:0": {
  "name": "end_gateway",
  "texture": "end_gateway.png"
 },
 "210:0": {
  "name": "allow",
  "texture": "allow.png"
 },
 "211:0": {
  "name": "deny",
  "texture": "deny.png"
 },
 "212:0": {
  "name": "border_block",
  "texture": "border_block.png"
 },
 "213:0": {
  "name": "magma_block",
  "texture": "quartz_block_default.png"
 },
 "214:0": {
  "name": "netherwart_block",
  "texture": "quartz_block_default.png"
 },
 "215:0": {
  "name": "red_nether_brick",
  "texture": "quartz_block_default.png"
 },
 "216:0": {
  "name": "quartz_block",
  "texture": "quartz_block_default.png"
 },
 "217:0": {
  "name": "",
  "texture": ""
 },
 "218:8": {
  "name": "shulker_box",
  "texture": "observer.png"
 },
 "218:11": {
  "name": "shulker_box",
  "texture": "observer.png"
 },
 "218:13": {
  "name": "shulker_box",
  "texture": "observer.png"
 },
 "218:5": {
  "name": "shulker_box",
  "texture": "observer.png"
 },
 "218:3": {
  "name": "shulker_box",
  "texture": "observer.png"
 },
 "218:4": {
  "name": "shulker_box",
  "texture": "observer.png"
 },
 "218:1": {
  "name": "shulker_box",
  "texture": "observer.png"
 },
 "218:15": {
  "name": "shulker_box",
  "texture": "observer.png"
 },
 "218:6": {
  "name": "shulker_box",
  "texture": "observer.png"
 },
 "218:0": {
  "name": "shulker_box",
  "texture": "observer.png"
 },
 "218:9": {
  "name": "shulker_box",
  "texture": "observer.png"
 },
 "218:12": {
  "name": "shulker_box",
  "texture": "observer.png"
 },
 "218:14": {
  "name": "shulker_box",
  "texture": "observer.png"
 },
 "218:10": {
  "name": "shulker_box",
  "texture": "observer.png"
 },
 "218:7": {
  "name": "shulker_box",
  "texture": "observer.png"
 },
 "218:2": {
  "name": "shulker_box",
  "texture": "observer.png"
 },
 "219:4": {
  "name": "glazed_terracotta",
  "texture": "observer.png"
 },
 "219:5": {
  "name": "glazed_terracotta",
  "texture": "observer.png"
 },
 "219:3": {
  "name": "glazed_terracotta",
  "texture": "observer.png"
 },
 "219:2": {
  "name": "glazed_terracotta",
  "texture": "observer.png"
 },
 "220:4": {
  "name": "glazed_terracotta",
  "texture": "observer.png"
 },
 "220:5": {
  "name": "glazed_terracotta",
  "texture": "observer.png"
 },
 "220:3": {
  "name": "glazed_terracotta",
  "texture": "observer.png"
 },
 "220:2": {
  "name": "glazed_terracotta",
  "texture": "observer.png"
 },
 "221:4": {
  "name": "glazed_terracotta",
  "texture": "observer.png"
 },
 "221:5": {
  "name": "glazed_terracotta",
  "texture": "observer.png"
 },
 "221:3": {
  "name": "glazed_terracotta",
  "texture": "observer.png"
 },
 "221:2": {
  "name": "glazed_terracotta",
  "texture": "observer.png"
 },
 "222:4": {
  "name": "glazed_terracotta",
  "texture": "observer.png"
 },
 "222:5": {
  "name": "glazed_terracotta",
  "texture": "observer.png"
 },
 "222:3": {
  "name": "glazed_terracotta",
  "texture": "observer.png"
 },
 "222:2": {
  "name": "glazed_terracotta",
  "texture": "observer.png"
 },
 "223:4": {
  "name": "glazed_terracotta",
  "texture": "observer.png"
 },
 "223:5": {
  "name": "glazed_terracotta",
  "texture": "observer.png"
 },
 "223:3": {
  "name": "glazed_terracotta",
  "texture": "observer.png"
 },
 "223:2": {
  "name": "glazed_terracotta",
  "texture": "observer.png"
 },
 "224:4": {
  "name": "glazed_terracotta",
  "texture": "observer.png"
 },
 "224:0": {
  "name": "glazed_terracotta",
  "texture": "observer.png"
 },
 "224:5": {
  "name": "glazed_terracotta",
  "texture": "observer.png"
 },
 "224:2": {
  "name": "glazed_terracotta",
  "texture": "observer.png"
 },
 "224:3": {
  "name": "glazed_terracotta",
  "texture": "observer.png"
 },
 "225:4": {
  "name": "glazed_terracotta",
  "texture": "observer.png"
 },
 "225:0": {
  "name": "glazed_terracotta",
  "texture": "observer.png"
 },
 "225:5": {
  "name": "glazed_terracotta",
  "texture": "observer.png"
 },
 "225:2": {
  "name": "glazed_terracotta",
  "texture": "observer.png"
 },
 "225:3": {
  "name": "glazed_terracotta",
  "texture": "observer.png"
 },
 "226:4": {
  "name": "glazed_terracotta",
  "texture": "observer.png"
 },
 "226:0": {
  "name": "glazed_terracotta",
  "texture": "observer.png"
 },
 "226:7": {
  "name": "glazed_terracotta",
  "texture": "observer.png"
 },
 "226:6": {
  "name": "glazed_terracotta",
  "texture": "observer.png"
 },
 "226:5": {
  "name": "glazed_terracotta",
  "texture": "observer.png"
 },
 "226:2": {
  "name": "glazed_terracotta",
  "texture": "observer.png"
 },
 "226:3": {
  "name": "glazed_terracotta",
  "texture": "observer.png"
 },
 "227:4": {
  "name": "glazed_terracotta",
  "texture": "observer.png"
 },
 "227:5": {
  "name": "glazed_terracotta",
  "texture": "observer.png"
 },
 "227:3": {
  "name": "glazed_terracotta",
  "texture": "observer.png"
 },
 "227:2": {
  "name": "glazed_terracotta",
  "texture": "observer.png"
 },
 "228:4": {
  "name": "glazed_terracotta",
  "texture": "observer.png"
 },
 "228:5": {
  "name": "glazed_terracotta",
  "texture": "observer.png"
 },
 "228:3": {
  "name": "glazed_terracotta",
  "texture": "observer.png"
 },
 "228:2": {
  "name": "glazed_terracotta",
  "texture": "observer.png"
 },
 "229:4": {
  "name": "glazed_terracotta",
  "texture": "observer.png"
 },
 "229:5": {
  "name": "glazed_terracotta",
  "texture": "observer.png"
 },
 "229:3": {
  "name": "glazed_terracotta",
  "texture": "observer.png"
 },
 "229:2": {
  "name": "glazed_terracotta",
  "texture": "observer.png"
 },
 "230:0": {
  "name": "chalkboard",
  "texture": "chalkboard.png"
 },
 "231:4": {
  "name": "glazed_terracotta",
  "texture": "observer.png"
 },
 "231:5": {
  "name": "glazed_terracotta",
  "texture": "observer.png"
 },
 "231:3": {
  "name": "glazed_terracotta",
  "texture": "observer.png"
 },
 "231:2": {
  "name": "glazed_terracotta",
  "texture": "observer.png"
 },
 "232:4": {
  "name": "glazed_terracotta",
  "texture": "observer.png"
 },
 "232:5": {
  "name": "glazed_terracotta",
  "texture": "observer.png"
 },
 "232:3": {
  "name": "glazed_terracotta",
  "texture": "observer.png"
 },
 "232:2": {
  "name": "glazed_terracotta",
  "texture": "observer.png"
 },
 "233:4": {
  "name": "glazed_terracotta",
  "texture": "observer.png"
 },
 "233:0": {
  "name": "glazed_terracotta",
  "texture": "observer.png"
 },
 "233:5": {
  "name": "glazed_terracotta",
  "texture": "observer.png"
 },
 "233:2": {
  "name": "glazed_terracotta",
  "texture": "observer.png"
 },
 "233:3": {
  "name": "glazed_terracotta",
  "texture": "observer.png"
 },
 "234:4": {
  "name": "glazed_terracotta",
  "texture": "observer.png"
 },
 "234:5": {
  "name": "glazed_terracotta",
  "texture": "observer.png"
 },
 "234:3": {
  "name": "glazed_terracotta",
  "texture": "observer.png"
 },
 "234:2": {
  "name": "glazed_terracotta",
  "texture": "observer.png"
 },
 "235:4": {
  "name": "glazed_terracotta",
  "texture": "observer.png"
 },
 "235:5": {
  "name": "glazed_terracotta",
  "texture": "observer.png"
 },
 "235:3": {
  "name": "glazed_terracotta",
  "texture": "observer.png"
 },
 "235:2": {
  "name": "glazed_terracotta",
  "texture": "observer.png"
 },
 "236:8": {
  "name": "concrete",
  "texture": "observer.png"
 },
 "236:11": {
  "name": "concrete",
  "texture": "observer.png"
 },
 "236:13": {
  "name": "concrete",
  "texture": "observer.png"
 },
 "236:5": {
  "name": "concrete",
  "texture": "observer.png"
 },
 "236:3": {
  "name": "concrete",
  "texture": "observer.png"
 },
 "236:4": {
  "name": "concrete",
  "texture": "observer.png"
 },
 "236:1": {
  "name": "concrete",
  "texture": "observer.png"
 },
 "236:15": {
  "name": "concrete",
  "texture": "observer.png"
 },
 "236:6": {
  "name": "concrete",
  "texture": "observer.png"
 },
 "236:0": {
  "name": "concrete",
  "texture": "observer.png"
 },
 "236:9": {
  "name": "concrete",
  "texture": "observer.png"
 },
 "236:12": {
  "name": "concrete",
  "texture": "observer.png"
 },
 "236:14": {
  "name": "concrete",
  "texture": "observer.png"
 },
 "236:10": {
  "name": "concrete",
  "texture": "observer.png"
 },
 "236:7": {
  "name": "concrete",
  "texture": "observer.png"
 },
 "236:2": {
  "name": "concrete",
  "texture": "observer.png"
 },
 "237:8": {
  "name": "concrete_powder",
  "texture": "observer.png"
 },
 "237:11": {
  "name": "concrete_powder",
  "texture": "observer.png"
 },
 "237:13": {
  "name": "concrete_powder",
  "texture": "observer.png"
 },
 "237:5": {
  "name": "concrete_powder",
  "texture": "observer.png"
 },
 "237:3": {
  "name": "concrete_powder",
  "texture": "observer.png"
 },
 "237:4": {
  "name": "concrete_powder",
  "texture": "observer.png"
 },
 "237:1": {
  "name": "concrete_powder",
  "texture": "observer.png"
 },
 "237:15": {
  "name": "concrete_powder",
  "texture": "observer.png"
 },
 "237:6": {
  "name": "concrete_powder",
  "texture": "observer.png"
 },
 "237:0": {
  "name": "concrete_powder",
  "texture": "observer.png"
 },
 "237:9": {
  "name": "concrete_powder",
  "texture": "observer.png"
 },
 "237:12": {
  "name": "concrete_powder",
  "texture": "observer.png"
 },
 "237:14": {
  "name": "concrete_powder",
  "texture": "observer.png"
 },
 "237:10": {
  "name": "concrete_powder",
  "texture": "observer.png"
 },
 "237:7": {
  "name": "concrete_powder",
  "texture": "observer.png"
 },
 "237:2": {
  "name": "concrete_powder",
  "texture": "observer.png"
 },
 "238:0": {
  "name": "",
  "texture": ""
 },
 "239:0": {
  "name": "",
  "texture": ""
 },
 "240:0": {
  "name": "chorus_plant",
  "texture": "chorus_plant.png"
 },
 "241:8": {
  "name": "stained_glass",
  "texture": "stained_glass_silver.png"
 },
 "241:11": {
  "name": "stained_glass",
  "texture": "stained_glass_blue.png"
 },
 "241:13": {
  "name": "stained_glass",
  "texture": "stained_glass_green.png"
 },
 "241:5": {
  "name": "stained_glass",
  "texture": "stained_glass_lime.png"
 },
 "241:3": {
  "name": "stained_glass",
  "texture": "stained_glass_light_blue.png"
 },
 "241:4": {
  "name": "stained_glass",
  "texture": "stained_glass_yellow.png"
 },
 "241:1": {
  "name": "stained_glass",
  "texture": "stained_glass_orange.png"
 },
 "241:15": {
  "name": "stained_glass",
  "texture": "stained_glass_black.png"
 },
 "241:6": {
  "name": "stained_glass",
  "texture": "stained_glass_pink.png"
 },
 "241:0": {
  "name": "stained_glass",
  "texture": "stained_glass_white.png"
 },
 "241:9": {
  "name": "stained_glass",
  "texture": "stained_glass_cyan.png"
 },
 "241:12": {
  "name": "stained_glass",
  "texture": "stained_glass_brown.png"
 },
 "241:14": {
  "name": "stained_glass",
  "texture": "stained_glass_red.png"
 },
 "241:10": {
  "name": "stained_glass",
  "texture": "stained_glass_purple.png"
 },
 "241:7": {
  "name": "stained_glass",
  "texture": "stained_glass_gray.png"
 },
 "241:2": {
  "name": "stained_glass",
  "texture": "stained_glass_magenta.png"
 },
 "242:0": {
  "name": "camera",
  "texture": "camera.png"
 },
 "243:0": {
  "name": "podzol",
  "texture": "podzol.png"
 },
 "244:0": {
  "name": "beetroot",
  "texture": "beetroot.png"
 },
 "245:0": {
  "name": "stonecutter",
  "texture": "stonecutter.png"
 },
 "246:0": {
  "name": "glowingobsidian",
  "texture": "glowingobsidian.png"
 },
 "247:1": {
  "name": "netherreactor",
  "texture": "netherreactor_active.png"
 },
 "247:0": {
  "name": "netherreactor",
  "texture": "netherreactor_default.png"
 },
 "247:2": {
  "name": "netherreactor",
  "texture": "netherreactor_cooled.png"
 },
 "248:0": {
  "name": "info_update",
  "texture": "info_update.png"
 },
 "249:0": {
  "name": "info_update2",
  "texture": "info_update2.png"
 },
 "250:0": {
  "name": "movingBlock",
  "texture": "movingBlock.png"
 },
 "251:0": {
  "name": "observer",
  "texture": "observer.png"
 },
 "252:0": {
  "name": "",
  "texture": ""
 },
 "253:0": {
  "name": "",
  "texture": ""
 },
 "254:0": {
  "name": "",
  "texture": ""
 },
 "255:0": {
  "name": "reserved6",
  "texture": "reserved6.png"
 },
 "256:0": {
  "name": "iron_shovel",
  "texture": "items/iron_shovel.png"
 },
 "257:0": {
  "name": "iron_pickaxe",
  "texture": "items/iron_pickaxe.png"
 },
 "258:0": {
  "name": "iron_axe",
  "texture": "items/iron_axe.png"
 },
 "259:0": {
  "name": "flint_and_steel",
  "texture": "items/flint_and_steel.png"
 },
 "260:0": {
  "name": "apple",
  "texture": "items/apple.png"
 },
 "261:0": {
  "name": "bow",
  "texture": "items/bow.png"
 },
 "262:0": {
  "name": "arrow",
  "texture": "items/arrow.png"
 },
 "263:1": {
  "name": "coal",
  "texture": "items/coal_charcoal.png"
 },
 "263:0": {
  "name": "coal",
  "texture": "items/coal_coal.png"
 },
 "264:0": {
  "name": "diamond",
  "texture": "items/diamond.png"
 },
 "265:0": {
  "name": "iron_ingot",
  "texture": "items/iron_ingot.png"
 },
 "266:0": {
  "name": "gold_ingot",
  "texture": "items/gold_ingot.png"
 },
 "267:0": {
  "name": "iron_sword",
  "texture": "items/iron_sword.png"
 },
 "268:0": {
  "name": "wooden_sword",
  "texture": "items/wooden_sword.png"
 },
 "269:0": {
  "name": "wooden_shovel",
  "texture": "items/wooden_shovel.png"
 },
 "270:0": {
  "name": "wooden_pickaxe",
  "texture": "items/wooden_pickaxe.png"
 },
 "271:0": {
  "name": "wooden_axe",
  "texture": "items/wooden_axe.png"
 },
 "272:0": {
  "name": "stone_sword",
  "texture": "items/stone_sword.png"
 },
 "273:0": {
  "name": "stone_shovel",
  "texture": "items/stone_shovel.png"
 },
 "274:0": {
  "name": "stone_pickaxe",
  "texture": "items/stone_pickaxe.png"
 },
 "275:0": {
  "name": "stone_axe",
  "texture": "items/stone_axe.png"
 },
 "276:0": {
  "name": "diamond_sword",
  "texture": "items/diamond_sword.png"
 },
 "277:0": {
  "name": "diamond_shovel",
  "texture": "items/diamond_shovel.png"
 },
 "278:0": {
  "name": "diamond_pickaxe",
  "texture": "items/diamond_pickaxe.png"
 },
 "279:0": {
  "name": "diamond_axe",
  "texture": "items/diamond_axe.png"
 },
 "280:0": {
  "name": "stick",
  "texture": "items/stick.png"
 },
 "281:0": {
  "name": "bowl",
  "texture": "items/bowl.png"
 },
 "282:0": {
  "name": "mushroom_stew",
  "texture": "items/mushroom_stew.png"
 },
 "283:0": {
  "name": "golden_sword",
  "texture": "items/golden_sword.png"
 },
 "284:0": {
  "name": "golden_shovel",
  "texture": "items/golden_shovel.png"
 },
 "285:0": {
  "name": "golden_pickaxe",
  "texture": "items/golden_pickaxe.png"
 },
 "286:0": {
  "name": "golden_axe",
  "texture": "items/golden_axe.png"
 },
 "287:0": {
  "name": "string",
  "texture": "items/string.png"
 },
 "288:0": {
  "name": "feather",
  "texture": "items/feather.png"
 },
 "289:0": {
  "name": "gunpowder",
  "texture": "items/gunpowder.png"
 },
 "290:0": {
  "name": "wooden_hoe",
  "texture": "items/wooden_hoe.png"
 },
 "291:0": {
  "name": "stone_hoe",
  "texture": "items/stone_hoe.png"
 },
 "292:0": {
  "name": "iron_hoe",
  "texture": "items/iron_hoe.png"
 },
 "293:0": {
  "name": "diamond_hoe",
  "texture": "items/diamond_hoe.png"
 },
 "294:0": {
  "name": "golden_hoe",
  "texture": "items/golden_hoe.png"
 },
 "295:0": {
  "name": "wheat_seeds",
  "texture": "items/wheat_seeds.png"
 },
 "296:0": {
  "name": "wheat",
  "texture": "items/wheat.png"
 },
 "297:0": {
  "name": "bread",
  "texture": "items/bread.png"
 },
 "298:0": {
  "name": "leather_helmet",
  "texture": "items/leather_helmet.png"
 },
 "299:0": {
  "name": "leather_chestplate",
  "texture": "items/leather_chestplate.png"
 },
 "300:0": {
  "name": "leather_leggings",
  "texture": "items/leather_leggings.png"
 },
 "301:0": {
  "name": "leather_boots",
  "texture": "items/leather_boots.png"
 },
 "302:0": {
  "name": "chainmail_helmet",
  "texture": "items/chainmail_helmet.png"
 },
 "303:0": {
  "name": "chainmail_chestplate",
  "texture": "items/chainmail_chestplate.png"
 },
 "304:0": {
  "name": "chainmail_leggings",
  "texture": "items/chainmail_leggings.png"
 },
 "305:0": {
  "name": "chainmail_boots",
  "texture": "items/chainmail_boots.png"
 },
 "306:0": {
  "name": "iron_helmet",
  "texture": "items/iron_helmet.png"
 },
 "307:0": {
  "name": "iron_chestplate",
  "texture": "items/iron_chestplate.png"
 },
 "308:0": {
  "name": "iron_leggings",
  "texture": "items/iron_leggings.png"
 },
 "309:0": {
  "name": "iron_boots",
  "texture": "items/iron_boots.png"
 },
 "310:0": {
  "name": "diamond_helmet",
  "texture": "items/diamond_helmet.png"
 },
 "311:0": {
  "name": "diamond_chestplate",
  "texture": "items/diamond_chestplate.png"
 },
 "312:0": {
  "name": "diamond_leggings",
  "texture": "items/diamond_leggings.png"
 },
 "313:0": {
  "name": "diamond_boots",
  "texture": "items/diamond_boots.png"
 },
 "314:0": {
  "name": "golden_helmet",
  "texture": "items/golden_helmet.png"
 },
 "315:0": {
  "name": "golden_chestplate",
  "texture": "items/golden_chestplate.png"
 },
 "316:0": {
  "name": "golden_leggings",
  "texture": "items/golden_leggings.png"
 },
 "317:0": {
  "name": "golden_boots",
  "texture": "items/golden_boots.png"
 },
 "318:0": {
  "name": "flint",
  "texture": "items/flint.png"
 },
 "319:0": {
  "name": "porkchop",
  "texture": "items/porkchop.png"
 },
 "320:0": {
  "name": "cooked_porkchop",
  "texture": "items/cooked_porkchop.png"
 },
 "321:0": {
  "name": "painting",
  "texture": "items/painting.png"
 },
 "322:0": {
  "name": "golden_apple",
  "texture": "items/golden_apple.png"
 },
 "323:0": {
  "name": "sign",
  "texture": "items/sign.png"
 },
 "324:0": {
  "name": "wooden_door",
  "texture": "items/wooden_door.png"
 },
 "325:8": {
  "name": "bucket",
  "texture": "items/bucket_bucket_water.png"
 },
 "325:10": {
  "name": "bucket",
  "texture": "items/bucket_bucket_lava.png"
 },
 "325:0": {
  "name": "bucket",
  "texture": "items/bucket_bucket.png"
 },
 "325:1": {
  "name": "bucket",
  "texture": "items/bucket_milk.png"
 },
 "326:0": {
  "name": "",
  "texture": ""
 },
 "327:0": {
  "name": "",
  "texture": ""
 },
 "328:0": {
  "name": "minecart",
  "texture": "items/minecart.png"
 },
 "329:0": {
  "name": "saddle",
  "texture": "items/saddle.png"
 },
 "330:0": {
  "name": "iron_door",
  "texture": "items/iron_door.png"
 },
 "331:0": {
  "name": "redstone",
  "texture": "items/redstone.png"
 },
 "332:0": {
  "name": "snowball",
  "texture": "items/snowball.png"
 },
 "333:4": {
  "name": "boat",
  "texture": "items/boat_acacia.png"
 },
 "333:0": {
  "name": "boat",
  "texture": "items/boat_oak.png"
 },
 "333:1": {
  "name": "boat",
  "texture": "items/boat_spruce.png"
 },
 "333:5": {
  "name": "boat",
  "texture": "items/boat_big_oak.png"
 },
 "333:3": {
  "name": "boat",
  "texture": "items/boat_jungle.png"
 },
 "333:2": {
  "name": "boat",
  "texture": "items/boat_birch.png"
 },
 "334:0": {
  "name": "leather",
  "texture": "items/leather.png"
 },
 "335:0": {
  "name": "",
  "texture": ""
 },
 "336:0": {
  "name": "brick",
  "texture": "items/brick.png"
 },
 "337:0": {
  "name": "clay_ball",
  "texture": "items/clay_ball.png"
 },
 "338:0": {
  "name": "reeds",
  "texture": "items/reeds.png"
 },
 "339:0": {
  "name": "paper",
  "texture": "items/paper.png"
 },
 "340:0": {
  "name": "book",
  "texture": "items/book.png"
 },
 "341:0": {
  "name": "slime_ball",
  "texture": "items/slime_ball.png"
 },
 "342:0": {
  "name": "chest_minecart",
  "texture": "items/chest_minecart.png"
 },
 "343:0": {
  "name": "",
  "texture": ""
 },
 "344:0": {
  "name": "egg",
  "texture": "items/egg.png"
 },
 "345:0": {
  "name": "compass",
  "texture": "items/compass.png"
 },
 "346:0": {
  "name": "fishing_rod",
  "texture": "items/fishing_rod.png"
 },
 "347:0": {
  "name": "clock",
  "texture": "items/clock.png"
 },
 "348:0": {
  "name": "glowstone_dust",
  "texture": "items/glowstone_dust.png"
 },
 "349:0": {
  "name": "fish",
  "texture": "items/fish.png"
 },
 "350:0": {
  "name": "cooked_fish",
  "texture": "items/cooked_fish.png"
 },
 "351:8": {
  "name": "dye",
  "texture": "items/dye_powder_gray.png"
 },
 "351:11": {
  "name": "dye",
  "texture": "items/dye_powder_yellow.png"
 },
 "351:13": {
  "name": "dye",
  "texture": "items/dye_powder_magenta.png"
 },
 "351:5": {
  "name": "dye",
  "texture": "items/dye_powder_purple.png"
 },
 "351:3": {
  "name": "dye",
  "texture": "items/dye_powder_brown.png"
 },
 "351:4": {
  "name": "dye",
  "texture": "items/dye_powder_blue.png"
 },
 "351:1": {
  "name": "dye",
  "texture": "items/dye_powder_red.png"
 },
 "351:15": {
  "name": "dye",
  "texture": "items/dye_powder_white.png"
 },
 "351:6": {
  "name": "dye",
  "texture": "items/dye_powder_cyan.png"
 },
 "351:0": {
  "name": "dye",
  "texture": "items/dye_powder_black.png"
 },
 "351:9": {
  "name": "dye",
  "texture": "items/dye_powder_pink.png"
 },
 "351:12": {
  "name": "dye",
  "texture": "items/dye_powder_light_blue.png"
 },
 "351:14": {
  "name": "dye",
  "texture": "items/dye_powder_orange.png"
 },
 "351:10": {
  "name": "dye",
  "texture": "items/dye_powder_lime.png"
 },
 "351:7": {
  "name": "dye",
  "texture": "items/dye_powder_silver.png"
 },
 "351:2": {
  "name": "dye",
  "texture": "items/dye_powder_green.png"
 },
 "352:0": {
  "name": "bone",
  "texture": "items/bone.png"
 },
 "353:0": {
  "name": "sugar",
  "texture": "items/sugar.png"
 },
 "354:0": {
  "name": "cake",
  "texture": "items/cake.png"
 },
 "355:0": {
  "name": "bed",
  "texture": "items/bed.png"
 },
 "356:0": {
  "name": "repeater",
  "texture": "items/repeater.png"
 },
 "357:0": {
  "name": "cookie",
  "texture": "items/cookie.png"
 },
 "358:0": {
  "name": "map_filled",
  "texture": "items/map_filled.png"
 },
 "359:0": {
  "name": "shears",
  "texture": "items/shears.png"
 },
 "360:0": {
  "name": "melon",
  "texture": "items/melon.png"
 },
 "361:0": {
  "name": "pumpkin_seeds",
  "texture": "items/pumpkin_seeds.png"
 },
 "362:0": {
  "name": "melon_seeds",
  "texture": "items/melon_seeds.png"
 },
 "363:0": {
  "name": "beef",
  "texture": "items/beef.png"
 },
 "364:0": {
  "name": "cooked_beef",
  "texture": "items/cooked_beef.png"
 },
 "365:0": {
  "name": "chicken",
  "texture": "items/chicken.png"
 },
 "366:0": {
  "name": "cooked_chicken",
  "texture": "items/cooked_chicken.png"
 },
 "367:0": {
  "name": "rotten_flesh",
  "texture": "items/rotten_flesh.png"
 },
 "368:0": {
  "name": "ender_pearl",
  "texture": "items/ender_pearl.png"
 },
 "369:0": {
  "name": "blaze_rod",
  "texture": "items/blaze_rod.png"
 },
 "370:0": {
  "name": "ghast_tear",
  "texture": "items/ghast_tear.png"
 },
 "371:0": {
  "name": "gold_nugget",
  "texture": "items/gold_nugget.png"
 },
 "372:0": {
  "name": "nether_wart",
  "texture": "items/nether_wart.png"
 },
 "373:0": {
  "name": "potion",
  "texture": "items/potion.png"
 },
 "374:0": {
  "name": "glass_bottle",
  "texture": "items/glass_bottle.png"
 },
 "375:0": {
  "name": "spider_eye",
  "texture": "items/spider_eye.png"
 },
 "376:0": {
  "name": "fermented_spider_eye",
  "texture": "items/fermented_spider_eye.png"
 },
 "377:0": {
  "name": "blaze_powder",
  "texture": "items/blaze_powder.png"
 },
 "378:0": {
  "name": "magma_cream",
  "texture": "items/magma_cream.png"
 },
 "379:0": {
  "name": "brewing_stand",
  "texture": "items/brewing_stand.png"
 },
 "380:0": {
  "name": "cauldron",
  "texture": "items/cauldron.png"
 },
 "381:0": {
  "name": "ender_eye",
  "texture": "items/ender_eye.png"
 },
 "382:0": {
  "name": "speckled_melon",
  "texture": "items/speckled_melon.png"
 },
 "383:0": {
  "name": "spawn_egg",
  "texture": "items/spawn_egg.png"
 },
 "384:0": {
  "name": "experience_bottle",
  "texture": "items/experience_bottle.png"
 },
 "385:0": {
  "name": "fireball",
  "texture": "items/fireball.png"
 },
 "386:0": {
  "name": "",
  "texture": ""
 },
 "387:0": {
  "name": "",
  "texture": ""
 },
 "388:0": {
  "name": "emerald",
  "texture": "items/emerald.png"
 },
 "389:0": {
  "name": "frame",
  "texture": "items/frame.png"
 },
 "390:0": {
  "name": "flower_pot",
  "texture": "items/flower_pot.png"
 },
 "391:0": {
  "name": "carrot",
  "texture": "items/carrot.png"
 },
 "392:0": {
  "name": "potato",
  "texture": "items/potato.png"
 },
 "393:0": {
  "name": "baked_potato",
  "texture": "items/baked_potato.png"
 },
 "394:0": {
  "name": "poisonous_potato",
  "texture": "items/poisonous_potato.png"
 },
 "395:0": {
  "name": "emptyMap",
  "texture": "items/emptyMap.png"
 },
 "396:0": {
  "name": "golden_carrot",
  "texture": "items/golden_carrot.png"
 },
 "397:4": {
  "name": "skull",
  "texture": "items/skull_creeper.png"
 },
 "397:0": {
  "name": "skull",
  "texture": "items/skull_skeleton.png"
 },
 "397:1": {
  "name": "skull",
  "texture": "items/skull_wither.png"
 },
 "397:5": {
  "name": "skull",
  "texture": "items/skull_dragon.png"
 },
 "397:3": {
  "name": "skull",
  "texture": "items/skull_player.png"
 },
 "397:2": {
  "name": "skull",
  "texture": "items/skull_zombie.png"
 },
 "398:0": {
  "name": "carrotOnAStick",
  "texture": "items/carrotOnAStick.png"
 },
 "399:0": {
  "name": "netherStar",
  "texture": "items/netherStar.png"
 },
 "400:0": {
  "name": "pumpkin_pie",
  "texture": "items/pumpkin_pie.png"
 },
 "401:0": {
  "name": "",
  "texture": ""
 },
 "402:0": {
  "name": "",
  "texture": ""
 },
 "403:0": {
  "name": "enchanted_book",
  "texture": "items/enchanted_book.png"
 },
 "404:0": {
  "name": "comparator",
  "texture": "items/comparator.png"
 },
 "405:0": {
  "name": "netherbrick",
  "texture": "items/netherbrick.png"
 },
 "406:0": {
  "name": "quartz",
  "texture": "items/quartz.png"
 },
 "407:0": {
  "name": "tnt_minecart",
  "texture": "items/tnt_minecart.png"
 },
 "408:0": {
  "name": "hopper_minecart",
  "texture": "items/hopper_minecart.png"
 },
 "409:0": {
  "name": "prismarine_shard",
  "texture": "items/prismarine_shard.png"
 },
 "410:0": {
  "name": "hopper",
  "texture": "items/hopper.png"
 },
 "411:0": {
  "name": "rabbit",
  "texture": "items/rabbit.png"
 },
 "412:0": {
  "name": "cooked_rabbit",
  "texture": "items/cooked_rabbit.png"
 },
 "413:0": {
  "name": "rabbit_stew",
  "texture": "items/rabbit_stew.png"
 },
 "414:0": {
  "name": "rabbit_foot",
  "texture": "items/rabbit_foot.png"
 },
 "415:0": {
  "name": "rabbit_hide",
  "texture": "items/rabbit_hide.png"
 },
 "416:0": {
  "name": "horsearmorleather",
  "texture": "items/horsearmorleather.png"
 },
 "417:0": {
  "name": "horsearmoriron",
  "texture": "items/horsearmoriron.png"
 },
 "418:0": {
  "name": "horsearmorgold",
  "texture": "items/horsearmorgold.png"
 },
 "419:0": {
  "name": "horsearmordiamond",
  "texture": "items/horsearmordiamond.png"
 },
 "420:0": {
  "name": "lead",
  "texture": "items/lead.png"
 },
 "421:0": {
  "name": "nameTag",
  "texture": "items/nameTag.png"
 },
 "422:0": {
  "name": "prismarine_crystals",
  "texture": "items/prismarine_crystals.png"
 },
 "423:0": {
  "name": "muttonRaw",
  "texture": "items/muttonRaw.png"
 },
 "424:0": {
  "name": "muttonCooked",
  "texture": "items/muttonCooked.png"
 },
 "425:0": {
  "name": "",
  "texture": ""
 },
 "426:0": {
  "name": "end_crystal",
  "texture": "items/end_crystal.png"
 },
 "427:0": {
  "name": "spruce_door",
  "texture": "items/spruce_door.png"
 },
 "428:0": {
  "name": "birch_door",
  "texture": "items/birch_door.png"
 },
 "429:0": {
  "name": "jungle_door",
  "texture": "items/jungle_door.png"
 },
 "430:0": {
  "name": "acacia_door",
  "texture": "items/acacia_door.png"
 },
 "431:0": {
  "name": "dark_oak_door",
  "texture": "items/dark_oak_door.png"
 },
 "432:0": {
  "name": "chorus_fruit",
  "texture": "items/chorus_fruit.png"
 },
 "433:0": {
  "name": "chorus_fruit_popped",
  "texture": "items/chorus_fruit_popped.png"
 },
 "434:0": {
  "name": "",
  "texture": ""
 },
 "435:0": {
  "name": "",
  "texture": ""
 },
 "436:0": {
  "name": "",
  "texture": ""
 },
 "437:0": {
  "name": "dragon_breath",
  "texture": "items/dragon_breath.png"
 },
 "438:0": {
  "name": "splash_potion",
  "texture": "items/splash_potion.png"
 },
 "439:0": {
  "name": "",
  "texture": ""
 },
 "440:0": {
  "name": "",
  "texture": ""
 },
 "441:0": {
  "name": "lingering_potion",
  "texture": "items/lingering_potion.png"
 },
 "442:0": {
  "name": "",
  "texture": ""
 },
 "443:0": {
  "name": "",
  "texture": ""
 },
 "444:0": {
  "name": "elytra",
  "texture": "items/elytra.png"
 },
 "445:0": {
  "name": "",
  "texture": ""
 },
 "446:0": {
  "name": "",
  "texture": ""
 },
 "447:0": {
  "name": "",
  "texture": ""
 },
 "448:0": {
  "name": "",
  "texture": ""
 },
 "449:0": {
  "name": "",
  "texture": ""
 },
 "450:0": {
  "name": "",
  "texture": ""
 },
 "451:0": {
  "name": "",
  "texture": ""
 },
 "452:0": {
  "name": "",
  "texture": ""
 },
 "453:0": {
  "name": "",
  "texture": ""
 },
 "454:1": {
  "name": "board",
  "texture": "items/chalkboard_medium.png"
 },
 "454:0": {
  "name": "board",
  "texture": "items/chalkboard_small.png"
 },
 "454:2": {
  "name": "board",
  "texture": "items/chalkboard_large.png"
 },
 "455:0": {
  "name": "",
  "texture": ""
 },
 "456:0": {
  "name": "portfolio",
  "texture": "items/portfolio.png"
 },
 "457:0": {
  "name": "beetroot",
  "texture": "items/beetroot.png"
 },
 "458:0": {
  "name": "beetroot_seeds",
  "texture": "items/seeds_beetroot.png"
 },
 "459:0": {
  "name": "beetroot_soup",
  "texture": "items/beetroot_soup.png"
 },
 "460:0": {
  "name": "salmon",
  "texture": "items/fish_salmon.png"
 },
 "461:0": {
  "name": "clownfish",
  "texture": "items/fish_clownfish.png"
 },
 "462:0": {
  "name": "pufferfish",
  "texture": "items/fish_pufferfish.png"
 },
 "463:0": {
  "name": "cooked_salmon",
  "texture": "items/fish_salmon_cooked.png"
 },
 "464:0": {
  "name": "",
  "texture": ""
 },
 "465:0": {
  "name": "",
  "texture": ""
 },
 "466:0": {
  "name": "apple_enchanted",
  "texture": "items/apple_golden.png"
 },
 "467:0": {
  "name": "",
  "texture": ""
 },
 "468:0": {
  "name": "",
  "texture": ""
 },
 "469:0": {
  "name": "",
  "texture": ""
 },
 "470:0": {
  "name": "",
  "texture": ""
 },
 "471:0": {
  "name": "",
  "texture": ""
 },
 "472:0": {
  "name": "",
  "texture": ""
 },
 "473:0": {
  "name": "",
  "texture": ""
 },
 "474:0": {
  "name": "",
  "texture": ""
 },
 "475:0": {
  "name": "",
  "texture": ""
 },
 "476:0": {
  "name": "",
  "texture": ""
 },
 "477:0": {
  "name": "",
  "texture": ""
 },
 "478:0": {
  "name": "",
  "texture": ""
 },
 "479:0": {
  "name": "",
  "texture": ""
 },
 "480:0": {
  "name": "",
  "texture": ""
 },
 "481:0": {
  "name": "",
  "texture": ""
 },
 "482:0": {
  "name": "",
  "texture": ""
 },
 "483:0": {
  "name": "",
  "texture": ""
 },
 "484:0": {
  "name": "",
  "texture": ""
 },
 "485:0": {
  "name": "",
  "texture": ""
 },
 "486:0": {
  "name": "",
  "texture": ""
 },
 "487:0": {
  "name": "",
  "texture": ""
 },
 "488:0": {
  "name": "",
  "texture": ""
 },
 "489:0": {
  "name": "",
  "texture": ""
 },
 "490:0": {
  "name": "",
  "texture": ""
 },
 "491:0": {
  "name": "",
  "texture": ""
 },
 "492:0": {
  "name": "",
  "texture": ""
 },
 "493:0": {
  "name": "",
  "texture": ""
 },
 "494:0": {
  "name": "",
  "texture": ""
 },
 "495:0": {
  "name": "",
  "texture": ""
 },
 "496:0": {
  "name": "",
  "texture": ""
 },
 "497:0": {
  "name": "",
  "texture": ""
 },
 "498:0": {
  "name": "camera",
  "texture": "items/camera.png"
 },
 "499:0": {
  "name": "",
  "texture": ""
 },
 "500:0": {
  "name": "",
  "texture": ""
 },
 "501:0": {
  "name": "",
  "texture": ""
 },
 "502:0": {
  "name": "",
  "texture": ""
 },
 "503:0": {
  "name": "",
  "texture": ""
 },
 "504:0": {
  "name": "",
  "texture": ""
 },
 "505:0": {
  "name": "",
  "texture": ""
 },
 "506:0": {
  "name": "",
  "texture": ""
 },
 "507:0": {
  "name": "",
  "texture": ""
 },
 "508:0": {
  "name": "",
  "texture": ""
 },
 "509:0": {
  "name": "",
  "texture": ""
 },
 "510:0": {
  "name": "",
  "texture": ""
 },
 "511:0": {
  "name": "",
  "texture": ""
 },
 "512:0": {
  "name": "",
  "texture": ""
 },
 "513:0": {
  "name": "",
  "texture": ""
 },
 "514:0": {
  "name": "",
  "texture": ""
 },
 "515:0": {
  "name": "",
  "texture": ""
 },
 "516:0": {
  "name": "",
  "texture": ""
 },
 "517:0": {
  "name": "",
  "texture": ""
 },
 "518:0": {
  "name": "",
  "texture": ""
 },
 "519:0": {
  "name": "",
  "texture": ""
 },
 "520:0": {
  "name": "",
  "texture": ""
 },
 "521:0": {
  "name": "",
  "texture": ""
 },
 "522:0": {
  "name": "",
  "texture": ""
 },
 "523:0": {
  "name": "",
  "texture": ""
 },
 "524:0": {
  "name": "",
  "texture": ""
 },
 "525:0": {
  "name": "",
  "texture": ""
 },
 "526:0": {
  "name": "",
  "texture": ""
 },
 "527:0": {
  "name": "",
  "texture": ""
 },
 "528:0": {
  "name": "",
  "texture": ""
 },
 "529:0": {
  "name": "",
  "texture": ""
 },
 "530:0": {
  "name": "",
  "texture": ""
 },
 "531:0": {
  "name": "",
  "texture": ""
 },
 "532:0": {
  "name": "",
  "texture": ""
 },
 "533:0": {
  "name": "",
  "texture": ""
 },
 "534:0": {
  "name": "",
  "texture": ""
 },
 "535:0": {
  "name": "",
  "texture": ""
 },
 "536:0": {
  "name": "",
  "texture": ""
 },
 "537:0": {
  "name": "",
  "texture": ""
 },
 "538:0": {
  "name": "",
  "texture": ""
 },
 "539:0": {
  "name": "",
  "texture": ""
 },
 "540:0": {
  "name": "",
  "texture": ""
 },
 "541:0": {
  "name": "",
  "texture": ""
 },
 "542:0": {
  "name": "",
  "texture": ""
 },
 "543:0": {
  "name": "",
  "texture": ""
 },
 "544:0": {
  "name": "",
  "texture": ""
 },
 "545:0": {
  "name": "",
  "texture": ""
 },
 "546:0": {
  "name": "",
  "texture": ""
 },
 "547:0": {
  "name": "",
  "texture": ""
 },
 "548:0": {
  "name": "",
  "texture": ""
 },
 "549:0": {
  "name": "",
  "texture": ""
 },
 "550:0": {
  "name": "",
  "texture": ""
 },
 "551:0": {
  "name": "",
  "texture": ""
 },
 "552:0": {
  "name": "",
  "texture": ""
 },
 "553:0": {
  "name": "",
  "texture": ""
 },
 "554:0": {
  "name": "",
  "texture": ""
 },
 "555:0": {
  "name": "",
  "texture": ""
 },
 "556:0": {
  "name": "",
  "texture": ""
 },
 "557:0": {
  "name": "",
  "texture": ""
 },
 "558:0": {
  "name": "",
  "texture": ""
 },
 "559:0": {
  "name": "",
  "texture": ""
 },
 "560:0": {
  "name": "",
  "texture": ""
 },
 "561:0": {
  "name": "",
  "texture": ""
 }
}