{
  "format_version": "1.8.0",
  "animations": {
    "animation.territory.wb": {
      "timeline": {
          "0.5":[
           "/execute @s ~ ~ ~ scoreboard players operation @a[r=16] wbldcg = @s wbldzr",
           "/kill @e[r=16,type=minecraft:tnt]",
           "/kill @e[r=16,type=minecraft:snowball]",
           "/kill @e[r=16,name=snowball,type=!minecraft:player]",
           "/kill @e[r=16,name=雪球,type=!minecraft:player]",
           "/execute @s ~ ~ ~ tag @a[r=16] add wbldkza",
           "/execute @s ~ ~ ~ tag @a[r=16] add wbldkzb",
           "/execute @s ~ ~ ~ tag @a[r=16] add wbldkzc",
           "/execute @s ~ ~ ~ tag @a[r=32] add wbldcza",
           "/execute @s ~ ~ ~ tag @a[r=32] add wbldczb"
         ]
      },
      "animation_length": 1.0,
      "loop":true
    }
  }
}