{
  "format_version": "1.8.0",
  "animation_controllers": {
  "controller.animation.originking.lyx": {
      "states": {
        "default": {
          "transitions": [ 
              { "a": "variable.origin_random_element == 0" },
              { "b": "variable.origin_random_element == 1" },
              { "c": "variable.origin_random_element == 2" },
              { "d": "variable.origin_random_element == 3" },
              { "e": "variable.origin_random_element == 4" },
              { "f": "variable.origin_random_element == 5" }
              ]
        },
        "a": {
          "on_entry":["@s lya"],
          "transitions": [ { "default": "variable.origin_random_element != 0" } ]
        },
        "b": {
          "on_entry":["@s lyb"],
          "transitions": [ { "default": "variable.origin_random_element != 1" } ]
        },
        "c": {
          "on_entry":["@s lyc"],
          "transitions": [ { "default": "variable.origin_random_element != 2" } ]
        },
        "d": {
          "on_entry":["@s lyd"],
          "transitions": [ { "default": "variable.origin_random_element != 3" } ]
        },
        "e": {
          "on_entry":["@s lye"],
          "transitions": [ { "default": "variable.origin_random_element != 4" } ]
        },
        "f": {
          "on_entry":["@s lyf"],
          "transitions": [ { "default": "variable.origin_random_element != 5" } ]
        }
      }
    },
    "controller.animation.originking.broke": {
      "states": {
        "default": {
           "transitions":[
               { "oo":"(1.0)" }
            ]
        },
        "oo": {
           "transitions":[
               { "o":"(1.0)" }
              ]
        },
       "o": {
           "transitions":[
               { "boom":"query.is_baby" }
              ]
        },
        "boom": {
          "on_entry":[
          	"/particle wb:originflame_blast ~ ~ ~",
          	"/fill ~+5 ~-2 ~+5 ~-5 ~+3 ~-5 air 0 replace",
          	"/particle wb:blast_par_big ~ ~ ~"
           ]
        }
      }
    },
        "controller.animation.originking_ball": {
      "states": {
        "default": {
           "transitions":[
               { "a":"query.variant == 1" },
               { "b":"query.variant == 2" },
               { "c":"query.variant == 3" },
               { "d":"query.variant == 4" },
               { "e":"query.variant == 5" }
            ]
        },
       "a": {
          "on_entry":[
          	"/tp @s ~ ~ ~ ~+15",
          	"/tp @s ^ ^ ^+5"
           ]
        },
               "b": {
          "on_entry":[
          	"/tp @s ~ ~ ~ ~-15",
          	"/tp @s ^ ^ ^+5"
           ]
        },
               "c": {
          "on_entry":[
          	"/tp @s ~ ~ ~ ~+30",
          	"/tp @s ^ ^ ^+5"
           ]
        },
               "d": {
          "on_entry":[
          	"/tp @s ~ ~ ~ ~+-30",
          	"/tp @s ^ ^ ^+5"
           ]
        },
               "e": {
          "on_entry":[
          	"/tp @s ~ ~ ~ ~+0",
          	"/tp @s ^ ^ ^+5"
           ]
        }
      }
    },
    "controller.animation.originking.att": {
      "states": {
        "default": {
          "transitions": [ 
              { "down": "query.variant == 2&&query.has_target" },
              { "rise": "query.variant == 3&&query.has_target" },
              { "broke": "query.variant == 4&&query.has_target" },
              { "attack": "query.variant == 5&&query.has_target" },
              { "aboom": "query.variant == 6&&query.has_target" },
              { "exattack": "query.variant == 7" },
              { "endattack": "query.variant == 13" },
              { "lyattack": "query.variant == 9" },
              { "lybrokea": "query.is_charged && query.variant == 10 && variable.origin_random_element == 0" },
              { "lybrokeb": "query.is_charged && query.variant == 10 && variable.origin_random_element == 1" },
              { "lybrokec": "query.is_charged && query.variant == 10 && variable.origin_random_element == 2" },
              { "lybroked": "query.is_charged && query.variant == 10 && variable.origin_random_element == 3" },
              { "lybrokee": "query.is_charged && query.variant == 10 && variable.origin_random_element == 4" },
              { "end" : "query.variant==15"}
              ],
              "on_entry":[
                  "/kill @e[type=minecraft:item]",
                  "/kill @e[type=minecraft:lightning_bolt]",
                  "/kill @e[type=wb:damage_n]",
                  "/scoreboard objectives add wbqywpg dummy 起源王普通攻击",
                  "/scoreboard players set @s wbqywpg 0"
             ]
        },
        "end":{
            "on_entry":[
                "/kill @e[type=!wb:originking]",
                "/clear @a",
                "/gamemode adventure @a",
                "/kill @e[type=!wb:originking]",
                "/tag @e[type=!minecraft:player,type=!wb:originking] add wbdie",
                "/tp @e[type=!minecraft:player,type=!wb:originking] ~9999 ~-9999 ~9999",
                "/summon wb:end_boom ~ ~+1 ~"
            ]
        },
        "down": {
          "on_entry":[
              "/execute as @e[rm=3,c=15] at @s run summon wb:originflame_down ~ ~ ~"
              ],
          "transitions": [ { "default": "query.variant != 2||!query.has_target" } ]
        },
        "lyattack": {
          "on_entry":[
              "/scoreboard players add @s wbqywpg 1",
              "/execute as @s[scores={wbqywpg=3..}] at @s run execute as @e[type=!wb:originking,r=128,type=!wb:damage_n] at @s run summon wb:damage_n ~ ~ ~",
              "/execute as @s[scores={wbqywpg=4..}] at @s run kill @e[type=!wb:originking,type=!minecraft:item,type=!wb:damage_n,r=128]"
              ],
          "transitions": [ 
              { "default": "query.variant != 9" },
              { "lyattacka": "query.is_delayed_attacking && query.variant == 9 && variable.origin_random_element == 0" },
              { "lyattackb": "query.is_delayed_attacking && query.variant == 9 && variable.origin_random_element == 1" },
              { "lyattackc": "query.is_delayed_attacking && query.variant == 9 && variable.origin_random_element == 2" },
              { "lyattackd": "query.is_delayed_attacking && query.variant == 9 && variable.origin_random_element == 3" },
              { "lyattacke": "query.is_delayed_attacking && query.variant == 9 && variable.origin_random_element == 4" }
            ]
        },
        "lybrokea":{
            "on_entry":["/execute as @e[c=20] at @s run summon wb:originking_black ~ ~ ~","/time set noon"],
            "transitions":[
                { "default":"!query.is_charged || query.variant != 9 || variable.origin_random_element != 0" }
            ]
        },
        "lybrokeb":{
            "on_entry":["/summon wb:originking_black ~ ~ ~","/execute as @e at @s run spreadplayers ~ ~ 1 3 @s"],
            "transitions":[
                { "default":"!query.is_charged || query.variant != 9 || variable.origin_random_element != 1" }
            ]
        },
        "lybrokec":{
            "on_entry":["/effect @e[type=!wb:originking] wither 6 255 true","/particle wb:end_snow_par ~ ~ ~","/weather rain"],
            "transitions":[
                { "default":"!query.is_charged || query.variant != 9 || variable.origin_random_element != 2" }
            ]
        },
        "lybroked":{
            "on_entry":["/function base/basefire","/weather clear","/particle wb:end_fire_par ~ ~ ~"],
            "transitions":[
                { "default":"!query.is_charged || query.variant != 9 || variable.origin_random_element != 3" }
            ]
        },
        "lybrokee":{
            "on_entry":["/kill @e[type=!wb:originking]"],
            "transitions":[
                { "default":"!query.is_charged || query.variant != 9 || variable.origin_random_element != 4" }
            ]
        },
        "lyattacka":{
            "on_entry":["/effect @e[r=64,type=!wb:originking] blindness 3 255 true","/execute as @e[r=64,type=!wb:originking] at @s run summon minecraft:lightning_bolt ~ ~ ~","/effect @e[r=64,type=!wb:originking] weakness 3 255 true"],
            "transitions":[
                { "lyattack":"!query.is_delayed_attacking || query.variant != 9 || variable.origin_random_element != 0" }
            ]
        },
        "lyattackb":{
            "on_entry":["/time set midnight","/summon wb:end_blackhole ^ ^+6 ^+25"],
            "transitions":[
                { "lyattack":"!query.is_delayed_attacking || query.variant != 9 || variable.origin_random_element != 1" }
            ]
        },
        "lyattackc":{
            "on_entry":["/particle wb:end_snow_par ~ ~ ~","/execute as @e[r=64,type=!minecraft:item,type=!wb:damage_n] at @s run fill ~+1 ~-1 ~+1 ~-1 ~-1 ~-1 ice","/execute as @e[type=!minecraft:item,type=!wb:damage_n,r=20,type=!wb:originking] at @s run fill ~+1 ~-1 ~+1 ~-1 ~+3 ~-1 ice 0 hollow"],
            "transitions":[
                { "lyattack":"!query.is_delayed_attacking || query.variant != 9 || variable.origin_random_element != 2" }
            ]
        },
        "lyattackd":{
            "on_entry":["/particle wb:end_fire_par ~ ~ ~","/weather clear","/execute as @e[r=64] at @s run summon wb:endblock_magma ~ ~ ~","/fill ~+50 ~ +50 ~-50 ~+1 ~-50 fire 0 keep"],
            "transitions":[
                { "lyattack":"!query.is_delayed_attacking || query.variant != 9 || variable.origin_random_element != 3" }
            ]
        },
        "lyattacke":{
            "on_entry":["/execute as @e at @s run summon wb:endblock_dirt ~ ~+3 ~","/effect @e[type=!wb:originking] levitation 2 12 true"],
            "transitions":[
                { "lyattack":"!query.is_delayed_attacking || query.variant != 9 || variable.origin_random_element != 4" }
            ]
        },
        "rise": {
          "on_entry":[
              "/execute as @e[c=30] at @s run particle wb:originflame_rise ~ ~ ~",
              "/effect @e[rm=3] levitation 2 50 true",
              "/execute as @e[rm=3,type=!item] at @s run summon wb:originflame_through ~ ~ ~"
              ],
          "transitions": [ { "default": "query.variant != 3||!query.has_target" } ]
        },
        "broke": {
          "transitions": [ { "default": "query.variant != 4||!query.has_target" } ]
        },
        "attack": {
          "transitions": [ { "default": "query.variant != 5||!query.has_target" },{ "attackx": "query.variant == 5&&query.has_target" } ]
        },
        "attackx": {
          "on_entry":[
            "/gamemode survival @a[r=5]",
            "/execute as @e[type=wb:originking_block,r=8] at @s run effect @e[type=wb:originking] instant_health 2 5 true",
            "/kill @e[r=5,type=!wb:originking]",
            "/execute as @e[type=minecraft:item] at @s run kill @s",
            "/summon wb:originking_block ~ ~ ~"
          ],
          "transitions": [ { "default": "query.variant != 5||!query.has_target" },{ "attack": "query.variant == 5&&query.has_target" } ]
        },
        "aboom": {
          "on_entry":[
              "/function aboom"
              ],
          "transitions": [ { "default": "query.variant != 6||!query.has_target" } ]
        },
        "exattack": {
           "on_entry":[
              "/scoreboard players add @s wbqywpg 1",
              "/execute as @s[scores={wbqywpg=3..}] at @s run execute as @e[type=!wb:originking,r=128,type=!wb:damage_n] at @s run summon wb:damage_n ~ ~ ~",
              "/execute as @s[scores={wbqywpg=4..}] at @s run execute as @e[type=!wb:originking,type=!minecraft:item,type=!wb:damage_n,r=128] at @s run summon minecraft:lightning_bolt ~ ~ ~"
              ],
          "transitions": [ { "default": "query.variant != 7" },
          { "exattackx": "query.variant == 7&&query.is_delayed_attacking" } ]
        },
        "exattackx": {
          "transitions": [ { "exattack": "query.variant != 7||!query.is_delayed_attacking" } ]
        },
        "endattack": {
           "on_entry":[
              "/scoreboard players add @s wbqywpg 1",
              "/execute as @s[scores={wbqywpg=2..}] at @s run execute as @e[type=!wb:originking,r=128,type=!wb:damage_n,type=!wb:end_energy,type=!wb:originking_endphalanx] at @s run summon wb:damage_n ~ ~ ~",
              "/execute as @s[scores={wbqywpg=3..}] at @s run kill @e[type=!wb:originking,type=!minecraft:item,type=!wb:damage_n,r=128,type=!wb:end_energy,type=!wb:originking_endphalanx]",
              "/summon wb:originking_endphalanx ~ ~ ~"
              ],
          "transitions": [ { "default": "query.variant != 13" },
          { "endattackx": "query.variant == 13&&query.is_delayed_attacking" } ]
        },
        "endattackx": {
          "transitions": [ { "endattack": "query.variant != 13||!query.is_delayed_attacking" } ]
        }
      }
    },
    "controller.animation.originking.at": {
      "states": {
        "default": {
          "on_entry":[
              "/kill @e[type=!wb:originking]",
              "/titleraw @a title {\"rawtext\":[{\"translate\":\"§b关于作者\"}]}",
              "/title @a subtitle §e本addon由 §b传奇夜侠aa剑侠 §e制作"
           ],
          "transitions": [ 
              { "randombase": "(1.0)" }
            ]
        },
        "randombase": {
          "on_entry":["variable.origin_random_element = 2;"],
          "transitions": [ 
              { "a": "query.variant == 9" },
              { "b": "query.variant == 10" },
              { "c": "query.variant == 11" },
              { "d": "query.variant == 12" },
              { "e": "query.variant == 13" }
            ]
        },
        "a": {
          "on_entry":[
              "variable.origin_random_element = Math.floor(Math.random(0.0,5.0));"
           ],
          "transitions": [ 
              { "randombase": "query.variant != 9" }
            ]
        },
        "b": {
          "on_entry":[
              "variable.origin_random_element = Math.floor(Math.random(0.0,5.0));"
           ],
          "transitions": [ 
              { "randombase": "query.variant != 10" }
            ]
        },
        "c": {
          "on_entry":[
              "variable.origin_random_element = Math.floor(Math.random(0.0,5.0));"
           ],
          "transitions": [ 
              { "randombase": "query.variant != 11" }
            ]
        },
        "d": {
          "on_entry":[
              "variable.origin_random_element = Math.floor(Math.random(0.0,5.0));"
           ],
          "transitions": [ 
              { "randombase": "query.variant != 12" }
            ]
        },
        "e": {
          "on_entry":[
              "variable.origin_random_element = 5;"
           ],
          "transitions": [ 
              { "randombase": "query.variant != 13" }
            ]
        }
      }
    }
  }
}