{
	"format_version": "1.10.0",
	"geometry.havoc_baby_egg": {
		"texturewidth": 32,
		"textureheight": 32,
		"visible_bounds_width": 2,
		"visible_bounds_height": 3,
		"visible_bounds_offset": [0, 1.5, 0],
		"bones": [
			{
				"name": "body",
				"pivot": [0, 14, 5],
				"rotation": [90, 0, 0]
			},
			{
				"name": "part1",
				"parent": "body",
				"pivot": [0, 19, 5]
			},
			{
				"name": "bone1",
				"parent": "part1",
				"pivot": [0, 14, 5],
				"cubes": [
					{"origin": [-1, 18, -2], "size": [2, 2, 6], "uv": [0, 0]}
				]
			},
			{
				"name": "bone6",
				"parent": "part1",
				"pivot": [0, 14, 5],
				"cubes": [
					{"origin": [-1.5, 17.5, 0.25], "size": [3, 3, 7], "uv": [0, 0]}
				]
			},
			{
				"name": "bone7",
				"parent": "part1",
				"pivot": [0, 14, 5],
				"cubes": [
					{"origin": [-1, 18, 7.25], "size": [2, 2, 4], "uv": [0, 0]}
				]
			},
			{
				"name": "bone8",
				"parent": "part1",
				"pivot": [0, 14, 5],
				"cubes": [
					{"origin": [-0.5, 18.5, 11.25], "size": [1, 1, 4], "uv": [0, 0]}
				]
			},
			{
				"name": "bone9",
				"parent": "part1",
				"pivot": [0, 14, 5],
				"cubes": [
					{"origin": [-0.5, 18.5, -4.75], "size": [1, 1, 3], "uv": [0, 0]}
				]
			},
			{
				"name": "bone2",
				"parent": "part1",
				"pivot": [0, 14, 5],
				"rotation": [0, 25, 0],
				"cubes": [
					{"origin": [1.44202, 18, -0.01523], "size": [2, 2, 5], "uv": [0, 0]}
				]
			},
			{
				"name": "bone3",
				"parent": "part1",
				"pivot": [0, 14, 5],
				"rotation": [0, -25, 0],
				"cubes": [
					{"origin": [-3.44202, 18, -0.01523], "size": [2, 2, 5], "uv": [0, 0], "mirror": true}
				]
			},
			{
				"name": "bone4",
				"parent": "part1",
				"pivot": [0, 14, 5],
				"rotation": [0, -25, -90],
				"cubes": [
					{"origin": [1.08952, 13, -2.12832], "size": [2, 2, 5], "uv": [0, 0], "mirror": true}
				]
			},
			{
				"name": "bone5",
				"parent": "part1",
				"pivot": [0, 14, 5],
				"rotation": [0, -25, 90],
				"cubes": [
					{"origin": [-7.97356, 13, 2.09786], "size": [2, 2, 5], "uv": [0, 0], "mirror": true}
				]
			}
		]
	}
}