{
  "format_version": "1.8.0",
  "animation_controllers": {
    "controller.animation.bat_charger": {
      "states": {
        "default": {
          "transitions": [
            {
              "werewolf1": "query.has_target"
            }
          ]
        },
        "werewolf1": {
          "transitions": [
            {
              "werewolf": "query.has_target"
            }
          ]
        },
        "werewolf": {
          "transitions": [
            {
              "werewolf1": "query.has_target"
            }
          ],
          "on_entry": [
            "/tp ~~~ facing @p[m=!1]",
            "/execute if block ^^^0.05 air run tp ^^^0.1",

            "/execute if entity @a[m=!1,r=2] run tag @s add bat_charger_explode",
            "/execute if entity @s[tag=bat_charger_explode] run damage @a[r=5,m=!1] 30 entity_explosion entity @s",
            "/execute if entity @s[tag=bat_charger_explode] run particle dec:bat_dust_spurt_particle ~~1~",
            "/execute if entity @s[tag=bat_charger_explode] run event entity @s minecraft:despawn"
          ]
        }
      }
    }
  }
}