{
	"format_version" : "1.8.0",
	"animations": {
		"animation.player.chunk" : {
			"loop" : true,
			"bones" : {
"cbg" : {
"rotation" : [ "0", "0", "-query.camera_rotation(1)"  ],
"position" : [ "-350 + -500", "174 + (query.is_swimming * -24.25)", "10.004" ],
"scale" : "5.2"
},
"chunkx" : {
"rotation" : [ "0", "0", "-query.camera_rotation(1) + 90"  ],
"position" : [ "-350 + -500", "174 + (query.is_swimming * -24.25)", "10.003" ],
"scale" : "5.2"
},
"chunkz" : {
"rotation" : [ "0", "0", "-query.camera_rotation(1) + 180"  ],
"position" : [ "-350 + -500", "174 + (query.is_swimming * -24.25)", "10.002" ],
"scale" : "5.2"
},
"cx" : {
"rotation" : [ "0", "0", "0"  ],
"position" : [ "-400 + 56 + 16 + -60 + -500 + 86", "235 + 30 + -90 + (query.is_swimming * -24.25)", "10.000" ],
"scale" : "2"
},
"cx2" : {
"rotation" : [ "0", "0", "0"  ],
"position" : [ "-400 + 56 + 10 + -60 + -500 + 86", "235 + 30 + -90 + (query.is_swimming * -24.25)", "10.000" ],
"scale" : "2"
},
"cx3" : {
"rotation" : [ "0", "0", "0"  ],
"position" : [ "-400 + 56 + 4 + -60 + -500 + 86", "235 + 30 + -90 + (query.is_swimming * -24.25)", "10.000" ],
"scale" : "2"
},
"cx4" : {
"rotation" : [ "0", "0", "0"  ],
"position" : [ "-400 + 56 + -2 + -60 + -500 + 86", "235 + 30 + -90 + (query.is_swimming * -24.25)", "10.000" ],
"scale" : "2"
},
"cy" : {
"rotation" : [ "0", "0", "0"  ],
"position" : [ "-400 + 56 + 16 + -60 + -500 + 86", "235 + 20 + -90 + (query.is_swimming * -24.25)", "10.000" ],
"scale" : "2"
},
"cy2" : {
"rotation" : [ "0", "0", "0"  ],
"position" : [ "-400 + 56 + 10 + -60 + -500 + 86", "235 + 20 + -90 + (query.is_swimming * -24.25)", "10.000" ],
"scale" : "2"
},
"cz" : {
"rotation" : [ "0", "0", "0"  ],
"position" : [ "-400 + 56 + 16 + -60 + -500 + 86", "235 + 10 + -90 + (query.is_swimming * -24.25)", "10.000" ],
"scale" : "2"
},
"cz2" : {
"rotation" : [ "0", "0", "0"  ],
"position" : [ "-400 + 56 + 10 + -60 + -500 + 86", "235 + 10 + -90 + (query.is_swimming * -24.25)", "10.000" ],
"scale" : "2"
},
"cz3" : {
"rotation" : [ "0", "0", "0"  ],
"position" : [ "-400 + 56 + 4 + -60 + -500 + 86", "235 + 10 + -90 + (query.is_swimming * -24.25)", "10.000" ],
"scale" : "2"
},
"cz4" : {
"rotation" : [ "0", "0", "0"  ],
"position" : [ "-400 + 56 + -2 + -60 + -500 + 86", "235 + 10 + -90 + (query.is_swimming * -24.25)", "10.000" ],
"scale" : "2"
},
"cnx" : {
"rotation" : [ "0", "0", "0"  ],
"position" : [ "-400 + 56 + -8 + -60 + -500 + 86", "235 + 30 + -90 + (query.is_swimming * -24.25)", "10.000" ],
"scale" : "2"
},
"cny" : {
"rotation" : [ "0", "0", "0"  ],
"position" : [ "-400 + 56 + -8 + -60 + -500 + 86", "235 + 20 + -90 + (query.is_swimming * -24.25)", "10.000" ],
"scale" : "2"
},
"cnz" : {
"rotation" : [ "0", "0", "0"  ],
"position" : [ "-400 + 56 + -8 + -60 + -500 + 86", "235 + 10 + -90 + (query.is_swimming * -24.25)", "10.000" ],
"scale" : "2"
},
"cdbg" : {
"rotation" : [ "0", "0", "0"  ],
"position" : [ "-400 + 44 + -80 + -500 + 86", "216 + -90 + (query.is_swimming * -24.25)", "10.001" ],
"scale" : "5.3"
},
"border1" : {
"rotation" : [ "0", "0", "-query.camera_rotation(1)"  ],
"position" : [ "-350 + -500", "174 + (query.is_swimming * -24.25)", "10.001" ],
"scale" : "5.2"
},
"marker" : {
"rotation" : [ "0", "0", "(query.ground_speed <= 0) ? (-query.camera_rotation(1) + 180) : (-query.camera_rotation(1) + query.rotation_to_camera(1) - 180)"  ],
"position" : [ "-350 + -500", "174 + (query.is_swimming * -24.25)", "10.000" ],
"scale" : "5.2"
},
"cind" : {
"rotation" : [ "0", "0", "0"  ],
"position" : [ "-380 + -506", "168 + -90 + (query.is_swimming * -24.25)", "10.000" ],
"scale" : "9.2"
},
"ccoords" : {
"rotation" : [ "0", "0", "0"  ],
"position" : [ "-400 + -18 + -500 + 86 + -2", "232 + -70 + (query.is_swimming * -24.25)", "10.000" ],
"scale" : "2"
},
"cxyz" : {
"rotation" : [ "0", "0", "0"  ],
"position" : [ "-400 + -22 + -500 + 86 + -2", "232 + -78 + (query.is_swimming * -24.25)", "10.000" ],
"scale" : "2.2"
}
			}
		}
	}
}