{
  "format_version": "1.8.0",
  "minecraft:client_entity": {
    "description": {
      "identifier": "wb:block_stone",
      "materials": { "default": "skeleton" },
      "textures": {
        "default": "textures/wb/3_x/block_stone"
      },
      "geometry": {
        "default": "geometry.block_ball"
      },
      "animations":{
      	"base":"animation.block_stone.move"
      },
      "animation_controllers":[
      	{ "base": "controller.animation.base.base" }
      ],
      "render_controllers": [ "controller.render.base" ]
    }
  }
}