{
  "format_version": "1.16.0",
  "minecraft:block": {
    "description": {
      "identifier": "dec:monitor_activated"
    },
    "components": {
      "minecraft:block_light_absorption": 1,
      "minecraft:block_light_emission": 0.3,
      "minecraft:destroy_time": 3,
      "minecraft:explosion_resistance": 50,
      "minecraft:map_color": "#27C3C2",
      "minecraft:loot": "loot_tables/blocks/monitor.json",
      "minecraft:ticking": {
        "looping": true,
        "range": [
          2,
          4
        ],
        "on_tick": {
          "event": "look",
          "target": "self"
        }
      },
      "tag:wood": { }
    },
    "events": {
			"look": {
				"run_command": {
					"command": [
            "effect @a[r=10,m=!1] mining_fatigue 5"
          ]
				}
			}
		}
  }
}