{
	"format_version" : "1.8.0",
	"animation_controllers" : {
		"controller.animation.plot_target.par" : {
			"states" : {
				"default" : {
				    "particle_effects": [{"effect":"flame"}],
				    "animations":[{"par":[]}],
					"transitions":[{"save":"query.mark_variant==1"},{"boss":"query.mark_variant==2"}]
				},
				"save" : {
				    "particle_effects": [{"effect":"save"}],
				    "animations":[{"par":[]}],
					"transitions":[{"default":"query.mark_variant!=1"}]
				},
				"boss" : {
				    "particle_effects": [{"effect":"boss"}],
				    "animations":[{"par":[]}],
					"transitions":[{"default":"query.mark_variant!=2"}]
				}
			}
		}
	}
}
