{
  "format_version": "1.10.0",
  "minecraft:client_entity": {
    "description": {
      "identifier": "dec:end_stone_golem",
      "materials": { "default": "iron_golem" },
      "textures": {
        "default": "textures/entity/end_stone_golem"
      },
      "spawn_egg": {
        "base_color": "#D8D7A6",
        "overlay_color": "#FFFDC4"
      },
      "geometry": {
        "default": "geometry.irongolem"
      },
      "animations": {
        "walk": "animation.iron_golem.walk",
        "move": "animation.iron_golem.move",
        "walk_to_target": "animation.iron_golem.walk_to_target",
        "move_to_target": "animation.iron_golem.move_to_target",
        "attack": "animation.iron_golem.attack",
        "flower": "animation.iron_golem.flower",
        "look_at_target": "animation.common.look_at_target",
        "move_controller": "controller.animation.iron_golem.move",
        "arm_controller": "controller.animation.iron_golem.arm_movement"
      },
      "scripts": {
        "pre_animation": [
          "variable.modified_tcos0 = Math.clamp(((Math.cos(query.modified_distance_moved * 13.5) * Math.min(query.modified_move_speed, 0.6) / variable.gliding_speed_value) * 25.0), -12.5, 12.5);"
        ],
        "animate": [
          "look_at_target",
          "move_controller",
          "arm_controller"
        ]
      },
      "render_controllers": [ "controller.render.iron_golem" ]
    }
  }
}