{
  "format_version":"1.11.0",
  "minecraft:entity":{
    "description":{
      "identifier":"wb:kailuo",
      "is_spawnable":false,
      "is_summonable":true,
      "is_experimental":false,
      "runtime_identifier":"wb:kailuo",
      "animations":{
        "base":"controller.animation.wb_kailuo"
      },
      "scripts":{
        "animate":[
          "base"
        ]
      }
    },
    "component_groups":{
        "mr":{
        "minecraft:interact":{
          "interact_text":"冷却中",
          "use_item":false,
          "on_interact":{
            "event":"xxx",
            "target":"self"
          }
        }
        },
      "basex":{
        "minecraft:interact":{
          "interact_text":"对话",
          "use_item":false,
          "on_interact":{
            "event":"plot1",
            "target":"self"
          }
        }
      },
      "plot1":{
        "minecraft:variant":{
          "value":1
        },
        "minecraft:interact":{
          "use_item":false,
          "interact_text":"对话",
          "on_interact":{
            "target":"self",
            "event":"plot2"
          }
        }
      },
      "plot2":{
        "minecraft:variant":{
          "value":2
        },
        "minecraft:timer":{
          "time":1.65,
          "looping":false,
          "time_down_event":{
            "event":"plot2x",
            "target":"self"
          }
        }
      },
      "plot2x":{
        "minecraft:interact":{
          "use_item":false,
          "interact_text":"对话",
          "on_interact":{
            "target":"self",
            "event":"plot3"
          }
        }
      },
      "plot3":{
        "minecraft:variant":{
          "value":3
        },
        "minecraft:timer":{
          "time":2.25,
          "looping":false,
          "time_down_event":{
            "event":"plot3x",
            "target":"self"
          }
        }
      },
      "plot3x":{
        "minecraft:interact":{
          "use_item":false,
          "interact_text":"对话",
          "on_interact":{
            "target":"self",
            "event":"plot4"
          }
        }
      },
      "plot4":{
        "minecraft:variant":{
          "value":4
        },
        "minecraft:timer":{
          "time":1.5,
          "looping":false,
          "time_down_event":{
            "event":"plot4x",
            "target":"self"
          }
        }
      },
      "plot4x":{
        "minecraft:interact":{
          "use_item":false,
          "interact_text":"对话",
          "on_interact":{
            "target":"self",
            "event":"plot5"
          }
        }
      },
      "plot5":{
        "minecraft:variant":{
          "value":5
        },
        "minecraft:timer":{
          "time":3.45,
          "looping":false,
          "time_down_event":{
            "event":"plot5x",
            "target":"self"
          }
        }
      },
      "plot5x":{
        "minecraft:interact":{
          "use_item":false,
          "interact_text":"对话",
          "on_interact":{
            "target":"self",
            "event":"plot6"
          }
        }
      },
      "plot6":{
        "minecraft:variant":{
          "value":6
        },
        "minecraft:timer":{
          "time":5.55,
          "looping":false,
          "time_down_event":{
            "event":"plot6x",
            "target":"self"
          }
        }
      },
      "plot6x":{
        "minecraft:interact":{
          "use_item":false,
          "interact_text":"对话",
          "on_interact":{
            "target":"self",
            "event":"plot7"
          }
        }
      },
      "plot7":{
        "minecraft:variant":{
          "value":7
        },
        "minecraft:timer":{
          "time":2.1,
          "looping":false,
          "time_down_event":{
            "event":"plot7x",
            "target":"self"
          }
        }
      },
      "plot7x":{
        "minecraft:interact":{
          "use_item":false,
          "interact_text":"对话",
          "on_interact":{
            "target":"self",
            "event":"plot8"
          }
        }
      },
      "plot8":{
        "minecraft:variant":{
          "value":8
        },
        "minecraft:timer":{
          "time":4.65,
          "looping":false,
          "time_down_event":{
            "event":"plot8x",
            "target":"self"
          }
        }
      },
      "plot8x":{
        "minecraft:interact":{
          "use_item":false,
          "interact_text":"对话",
          "on_interact":{
            "target":"self",
            "event":"plot9"
          }
        }
      },
      "plot9":{
        "minecraft:variant":{
          "value":9
        },
        "minecraft:timer":{
          "time":8.7,
          "looping":false,
          "time_down_event":{
            "event":"plot9x",
            "target":"self"
          }
        }
      },
      "plot9x":{
        "minecraft:interact":{
          "use_item":false,
          "interact_text":"对话",
          "on_interact":{
            "target":"self",
            "event":"plot10"
          }
        }
      },
      "plot10":{
        "minecraft:variant":{
          "value":10
        },
        "minecraft:timer":{
          "time":4.5,
          "looping":false,
          "time_down_event":{
            "event":"plot10x",
            "target":"self"
          }
        }
      },
      "plot10x":{
        "minecraft:interact":{
          "use_item":false,
          "interact_text":"对话",
          "on_interact":{
            "target":"self",
            "event":"plot11"
          }
        }
      },
      "plot11":{
        "minecraft:variant":{
          "value":11
        },
        "minecraft:timer":{
          "time":6.3,
          "looping":false,
          "time_down_event":{
            "event":"plot11x",
            "target":"self"
          }
        }
      },
      "plot11x":{
        "minecraft:interact":{
          "use_item":false,
          "interact_text":"对话",
          "on_interact":{
            "target":"self",
            "event":"plot12"
          }
        }
      },
      "plot12":{
        "minecraft:variant":{
          "value":12
        },
        "minecraft:timer":{
          "time":8.4,
          "looping":false,
          "time_down_event":{
            "event":"plot12x",
            "target":"self"
          }
        }
      },
      "plot12x":{
        "minecraft:interact":{
          "use_item":false,
          "interact_text":"对话",
          "on_interact":{
            "target":"self",
            "event":"plot13"
          }
        }
      },
      "plot13":{
        "minecraft:variant":{
          "value":13
        },
        "minecraft:timer":{
          "time":4.35,
          "looping":false,
          "time_down_event":{
            "event":"plot13x",
            "target":"self"
          }
        }
      },
      "plot13x":{
        "minecraft:interact":{
          "use_item":false,
          "interact_text":"对话",
          "on_interact":{
            "target":"self",
            "event":"plot14"
          }
        }
      },
      "plot14":{
        "minecraft:variant":{
          "value":14
        },
        "minecraft:timer":{
          "time":1.2,
          "looping":false,
          "time_down_event":{
            "event":"plot14x",
            "target":"self"
          }
        }
      },
      "plot14x":{
        "minecraft:interact":{
          "use_item":false,
          "interact_text":"对话",
          "on_interact":{
            "target":"self",
            "event":"plot15"
          }
        }
      },
      "plot15":{
        "minecraft:variant":{
          "value":15
        },
        "minecraft:timer":{
          "time":5.55,
          "looping":false,
          "time_down_event":{
            "event":"plot15x",
            "target":"self"
          }
        }
      },
      "plot15x":{
        "minecraft:interact":{
          "use_item":false,
          "interact_text":"对话",
          "on_interact":{
            "target":"self",
            "event":"plot16"
          }
        }
      },
      "plot16":{
        "minecraft:variant":{
          "value":16
        },
        "minecraft:timer":{
          "time":6.3,
          "looping":false,
          "time_down_event":{
            "event":"plot16x",
            "target":"self"
          }
        }
      },
      "plot16x":{
        "minecraft:interact":{
          "use_item":false,
          "interact_text":"对话",
          "on_interact":{
            "target":"self",
            "event":"plot17"
          }
        }
      },
      "plot17":{
        "minecraft:variant":{
          "value":17
        },
        "minecraft:timer":{
          "time":5.1,
          "looping":false,
          "time_down_event":{
            "event":"plot17x",
            "target":"self"
          }
        }
      },
      "plot17x":{
        "minecraft:interact":{
          "use_item":false,
          "interact_text":"对话",
          "on_interact":{
            "target":"self",
            "event":"plot18"
          }
        }
      },
      "plot18":{
        "minecraft:variant":{
          "value":18
        },
        "minecraft:timer":{
          "time":7.65,
          "looping":false,
          "time_down_event":{
            "event":"plot18x",
            "target":"self"
          }
        }
      },
      "plot18x":{
        "minecraft:interact":{
          "use_item":false,
          "interact_text":"对话",
          "on_interact":{
            "target":"self",
            "event":"plot19"
          }
        }
      },
      "plot19":{
        "minecraft:variant":{
          "value":19
        },
        "minecraft:timer":{
          "time":1.35,
          "looping":false,
          "time_down_event":{
            "event":"plot19x",
            "target":"self"
          }
        }
      },
      "plot19x":{
        "minecraft:interact":{
          "use_item":false,
          "interact_text":"对话",
          "on_interact":{
            "target":"self",
            "event":"plot20"
          }
        }
      },
      "plot20":{
        "minecraft:variant":{
          "value":20
        },
        "minecraft:timer":{
          "time":3.75,
          "looping":false,
          "time_down_event":{
            "event":"plot20x",
            "target":"self"
          }
        }
      },
      "plot20x":{
        "minecraft:interact":{
          "use_item":false,
          "interact_text":"对话",
          "on_interact":{
            "target":"self",
            "event":"plot21"
          }
        }
      },
      "plot21":{
        "minecraft:variant":{
          "value":21
        },
        "minecraft:timer":{
          "time":1.2,
          "looping":false,
          "time_down_event":{
            "event":"plot21x",
            "target":"self"
          }
        }
      },
      "plot21x":{
        
      }
    },
    "components":{
            "minecraft:damage_sensor": [
        {
          "cause": "all",
          "deals_damage": false
        }
      ],
      "minecraft:fire_immune":true,
      "minecraft:type_family":{
        "family":[
          "npc"
        ]
      },
      "minecraft:scale":{
        "value":1
      },
      "minecraft:collision_box":{
        "width":0.9,
        "height":1.8
      },
      "minecraft:health":{
        "value":200,
        "max":200
      },
      "minecraft:movement":{
        "value":0.0
      },
      "minecraft:navigation.walk":{
        
      },
      "minecraft:movement.basic":{
        
      },
      "minecraft:jump.static":{
        
      },
      "minecraft:can_climb":{
        
      },
      "minecraft:behavior.random_stroll":{
        "priority":6,
        "speed_multiplier":1,
        "xz_dist":16
      },
      "minecraft:behavior.look_at_player":{
        "priority":7,
        "look_distance":6,
        "probability":0.02
      },
      "minecraft:behavior.random_look_around":{
        "priority":8
      },
      "minecraft:behavior.hurt_by_target":{
        "priority":2
      },
      "minecraft:physics":{
        
      },
      "minecraft:follow_range":{
        "value":64
      }
    },
    "events":{
      "minecraft:entity_spawned":{
        "add":{
          "component_groups":[
            "basex"
          ]
        }
      },
      "base":{
        "add":{
          "component_groups":[
            "base"
          ]
        }
      },
      "plot1":{
        "add":{
          "component_groups":[
            "plot1"
          ]
        },
        "remove":{
          "component_groups":[
            "base"
          ]
        }
      },
      "plot2":{
        "add":{
          "component_groups":[
            "plot2","mr"
          ]
        },
        "remove":{
          "component_groups":[
            "plot1"
          ]
        }
      },
      "plot2x":{
        "add":{
          "component_groups":[
            "plot2x"
          ]
        },
        "remove":{
          "component_groups":[
            "plot2"
          ]
        }
      },
      "plot3":{
        "add":{
          "component_groups":[
            "plot3","mr"
          ]
        },
        "remove":{
          "component_groups":[
            "plot2"
          ]
        }
      },
      "plot3x":{
        "add":{
          "component_groups":[
            "plot3x"
          ]
        },
        "remove":{
          "component_groups":[
            "plot3"
          ]
        }
      },
      "plot4":{
        "add":{
          "component_groups":[
            "plot4","mr"
          ]
        },
        "remove":{
          "component_groups":[
            "plot3"
          ]
        }
      },
      "plot4x":{
        "add":{
          "component_groups":[
            "plot4x"
          ]
        },
        "remove":{
          "component_groups":[
            "plot4"
          ]
        }
      },
      "plot5":{
        "add":{
          "component_groups":[
            "plot5","mr"
          ]
        },
        "remove":{
          "component_groups":[
            "plot4"
          ]
        }
      },
      "plot5x":{
        "add":{
          "component_groups":[
            "plot5x"
          ]
        },
        "remove":{
          "component_groups":[
            "plot5"
          ]
        }
      },
      "plot6":{
        "add":{
          "component_groups":[
            "plot6","mr"
          ]
        },
        "remove":{
          "component_groups":[
            "plot5"
          ]
        }
      },
      "plot6x":{
        "add":{
          "component_groups":[
            "plot6x"
          ]
        },
        "remove":{
          "component_groups":[
            "plot6"
          ]
        }
      },
      "plot7":{
        "add":{
          "component_groups":[
            "plot7","mr"
          ]
        },
        "remove":{
          "component_groups":[
            "plot6"
          ]
        }
      },
      "plot7x":{
        "add":{
          "component_groups":[
            "plot7x"
          ]
        },
        "remove":{
          "component_groups":[
            "plot7"
          ]
        }
      },
      "plot8":{
        "add":{
          "component_groups":[
            "plot8","mr"
          ]
        },
        "remove":{
          "component_groups":[
            "plot7"
          ]
        }
      },
      "plot8x":{
        "add":{
          "component_groups":[
            "plot8x"
          ]
        },
        "remove":{
          "component_groups":[
            "plot8"
          ]
        }
      },
      "plot9":{
        "add":{
          "component_groups":[
            "plot9","mr"
          ]
        },
        "remove":{
          "component_groups":[
            "plot8"
          ]
        }
      },
      "plot9x":{
        "add":{
          "component_groups":[
            "plot9x"
          ]
        },
        "remove":{
          "component_groups":[
            "plot9"
          ]
        }
      },
      "plot10":{
        "add":{
          "component_groups":[
            "plot10","mr"
          ]
        },
        "remove":{
          "component_groups":[
            "plot9"
          ]
        }
      },
      "plot10x":{
        "add":{
          "component_groups":[
            "plot10x"
          ]
        },
        "remove":{
          "component_groups":[
            "plot10"
          ]
        }
      },
      "plot11":{
        "add":{
          "component_groups":[
            "plot11","mr"
          ]
        },
        "remove":{
          "component_groups":[
            "plot10"
          ]
        }
      },
      "plot11x":{
        "add":{
          "component_groups":[
            "plot11x"
          ]
        },
        "remove":{
          "component_groups":[
            "plot11"
          ]
        }
      },
      "plot12":{
        "add":{
          "component_groups":[
            "plot12","mr"
          ]
        },
        "remove":{
          "component_groups":[
            "plot11"
          ]
        }
      },
      "plot12x":{
        "add":{
          "component_groups":[
            "plot12x"
          ]
        },
        "remove":{
          "component_groups":[
            "plot12"
          ]
        }
      },
      "plot13":{
        "add":{
          "component_groups":[
            "plot13","mr"
          ]
        },
        "remove":{
          "component_groups":[
            "plot12"
          ]
        }
      },
      "plot13x":{
        "add":{
          "component_groups":[
            "plot13x"
          ]
        },
        "remove":{
          "component_groups":[
            "plot13"
          ]
        }
      },
      "plot14":{
        "add":{
          "component_groups":[
            "plot14","mr"
          ]
        },
        "remove":{
          "component_groups":[
            "plot13"
          ]
        }
      },
      "plot14x":{
        "add":{
          "component_groups":[
            "plot14x"
          ]
        },
        "remove":{
          "component_groups":[
            "plot14"
          ]
        }
      },
      "plot15":{
        "add":{
          "component_groups":[
            "plot15","mr"
          ]
        },
        "remove":{
          "component_groups":[
            "plot14"
          ]
        }
      },
      "plot15x":{
        "add":{
          "component_groups":[
            "plot15x"
          ]
        },
        "remove":{
          "component_groups":[
            "plot15"
          ]
        }
      },
      "plot16":{
        "add":{
          "component_groups":[
            "plot16","mr"
          ]
        },
        "remove":{
          "component_groups":[
            "plot15"
          ]
        }
      },
      "plot16x":{
        "add":{
          "component_groups":[
            "plot16x"
          ]
        },
        "remove":{
          "component_groups":[
            "plot16"
          ]
        }
      },
      "plot17":{
        "add":{
          "component_groups":[
            "plot17","mr"
          ]
        },
        "remove":{
          "component_groups":[
            "plot16"
          ]
        }
      },
      "plot17x":{
        "add":{
          "component_groups":[
            "plot17x"
          ]
        },
        "remove":{
          "component_groups":[
            "plot17"
          ]
        }
      },
      "plot18":{
        "add":{
          "component_groups":[
            "plot18","mr"
          ]
        },
        "remove":{
          "component_groups":[
            "plot17"
          ]
        }
      },
      "plot18x":{
        "add":{
          "component_groups":[
            "plot18x"
          ]
        },
        "remove":{
          "component_groups":[
            "plot18"
          ]
        }
      },
      "plot19":{
        "add":{
          "component_groups":[
            "plot19","mr"
          ]
        },
        "remove":{
          "component_groups":[
            "plot18"
          ]
        }
      },
      "plot19x":{
        "add":{
          "component_groups":[
            "plot19x"
          ]
        },
        "remove":{
          "component_groups":[
            "plot19"
          ]
        }
      },
      "plot20":{
        "add":{
          "component_groups":[
            "plot20","mr"
          ]
        },
        "remove":{
          "component_groups":[
            "plot19"
          ]
        }
      },
      "plot20x":{
        "add":{
          "component_groups":[
            "plot20x"
          ]
        },
        "remove":{
          "component_groups":[
            "plot20"
          ]
        }
      },
      "plot21":{
        "add":{
          "component_groups":[
            "plot21","mr"
          ]
        },
        "remove":{
          "component_groups":[
            "plot20"
          ]
        }
      },
      "plot21x":{
        "add":{
          "component_groups":[
            "plot21x"
          ]
        },
        "remove":{
          "component_groups":[
            "plot21"
          ]
        }
      }
    }
  }
}