{
  "format_version": "1.10.0",
  "animation_controllers": {
    "controller.animation.particle_poison_spit": {
      "states": {
        "default": {
          "transitions": [
            {
              "ticking": "(1.0)"
            }
          ],
          "on_entry": [
            "/particle dec:poison_spit_particle ~~~"
          ]
        },
        "ticking": {
          "transitions": [
            {
              "default": "(1.0)"
            }
          ],
          "on_entry": [
            "/particle dec:poison_spit_particle ~~~"
          ]
        }
      }
    }
  }
}