{
	"format_version": "1.10.0",
	"particle_effect": {
		"description": {
			"identifier": "takile:havoc_strike_par",
			"basic_render_parameters": {
				"material": "particles_blend",
				"texture": "textures/par/strike_par"
			}
		},
		"components": {
			"minecraft:emitter_rate_steady": {
				"spawn_rate": 100,
				"max_particles": 100
			},
			"minecraft:emitter_lifetime_looping": {
				"active_time": 5
			},
			"minecraft:emitter_shape_sphere": {
				"offset": [0, 2, 0],
				"radius": 4,
				"direction": "outwards"
			},
			"minecraft:particle_lifetime_expression": {
				"max_lifetime": 0.7
			},
			"minecraft:particle_initial_spin": {
				"rotation": "Math.random(-10,10)"
			},
			"minecraft:particle_initial_speed": 0,
			"minecraft:particle_motion_dynamic": {},
			"minecraft:particle_appearance_billboard": {
				"size": [0.45, 0.45],
				"facing_camera_mode": "rotate_xyz",
				"uv": {
					"texture_width": 1,
					"texture_height": 11,
					"flipbook": {
						"base_UV": [0, 0],
						"size_UV": [1, 1],
						"step_UV": [0, 1],
						"frames_per_second": 11,
						"max_frame": 11,
						"stretch_to_lifetime": true
					}
				}
			}
		}
	}
}