{
	"format_version": "1.10.0",
	"particle_effect": {
		"description": {
			"identifier": "takile:havoc_coordination_par",
			"basic_render_parameters": {
				"material": "particles_blend",
				"texture": "textures/par/coordination_par"
			}
		},
		"components": {
			"minecraft:emitter_initialization": {
				"creation_expression": "variable.offset=2.3;variable.length=3;variable.point=4;",
				"per_update_expression": "variable.length=Math.random(1.5,3);"
			},
			"minecraft:emitter_local_space": {
				"position": true,
				"rotation": true
			},
			"minecraft:emitter_rate_steady": {
				"spawn_rate": 20,
				"max_particles": 500
			},
			"minecraft:emitter_lifetime_looping": {
				"active_time": 1
			},
			"minecraft:emitter_shape_sphere": {
				"offset": [0, 2, 0],
				"radius": 3.5,
				"surface_only": true,
				"direction": [0.5, 1, 0]
			},
			"minecraft:particle_lifetime_expression": {
				"max_lifetime": 2
			},
			"minecraft:particle_initial_speed": 0.5,
			"minecraft:particle_motion_dynamic": {},
			"minecraft:particle_appearance_billboard": {
				"size": [0.7, 0.7],
				"facing_camera_mode": "rotate_xyz",
				"uv": {
					"texture_width": 1,
					"texture_height": 22,
					"flipbook": {
						"base_UV": [0, 0],
						"size_UV": [1, 1],
						"step_UV": [0, 1],
						"frames_per_second": 22,
						"max_frame": 22,
						"stretch_to_lifetime": true
					}
				}
			},
			"minecraft:particle_appearance_tinting": {
				"color": [1, 1, 1, 1]
			}
		}
	}
}