{
  "format_version": "1.11.0",
  "minecraft:entity": {
    "description": {
      "identifier": "wb:ancient_stone",
      "is_spawnable": true,
      "is_summonable": true,
      "is_experimental": false,
      "runtime_identifier": "wb:ancient_stone",
      "animations": {
        "base": "controller.animation.ancient_stone",
        "new": "animation.ancient_stone.wb",
        "boss": "animation.boss.testplayer",
        "angry": "controller.animation.ancient_stone.new",
        "music":"animation.ancient_stone.wb.music"
      },
      "scripts": {
        "animate": [
          "base",
          "music",
          {
            "new": "!query.is_baby"
          },
          {
            "angry": "query.is_baby"
          },
          {
            "boss": "query.health>1"
          }
        ]
      }
    },
    "component_groups": {
      "isboss_b": {
        "minecraft:is_charged": {},
        "minecraft:damage_sensor": {
          "triggers": [
            {
              "on_damage": {
                "filters": {
                  "test": "has_damage",
                  "value": "fatal"
                },
                "event": "defeated"
              },
              "deals_damage": false
            },
            {
              "on_damage": {
                "filters": {
                  "test": "is_family",
                  "value": "ancient",
                  "subject": "other"
                }
              },
              "deals_damage": false
            }
          ]
        }
      },
      "isboss_a": {
        "minecraft:is_charged": {},
        "minecraft:damage_sensor": {
          "triggers": [
            {
              "on_damage": {
                "filters": {
                  "test": "has_damage",
                  "value": "fatal"
                },
                "event": "into2"
              },
              "deals_damage": false
            },
            {
              "on_damage": {
                "filters": {
                  "test": "is_family",
                  "value": "ancient",
                  "subject": "other"
                }
              },
              "deals_damage": false
            }
          ]
        }
      },
      "defeated": {},
      "disappear": {
        "minecraft:loot": {
          "table": "loot_tables/empty.json"
        },
        "minecraft:explode": {
          "fuseLength": 0,
          "fuseLit": true,
          "power": 0,
          "causesFire": true,
          "fireAffectedByGriefing": true,
          "destroyAffectedByGriefing": true
        }
      },
      "diux": {
        "minecraft:timer": {
          "time": 3,
          "looping": true,
          "time_down_event": {
            "event": "sssx",
            "target": "self"
          }
        },
        "minecraft:variant": {
          "value": 13
        }
      },
      "diu": {
        "minecraft:variant": {
          "value": 12
        },
        "minecraft:timer": {
          "time": 20,
          "looping": true,
          "time_down_event": {
            "event": "sssx",
            "target": "self"
          }
        },
        "minecraft:behavior.knockback_roar": {
          "priority": 0,
          "duration": 3,
          "attack_time": 2,
          "knockback_damage": 40,
          "knockback_strength": 12,
          "knockback_range": 6,
          "on_roar_end": {
            "event": "diux"
          },
          "cooldown_time": 0.9
        }
      },
      "secondx": {
        "minecraft:timer": {
          "time": 20,
          "looping": true,
          "time_down_event": {
            "event": "sssx",
            "target": "self"
          }
        },
        "minecraft:behavior.knockback_roar": {
          "priority": 0,
          "duration": 4,
          "attack_time": 3,
          "knockback_damage": 10,
          "knockback_strength": 3,
          "knockback_range": 12,
          "on_roar_end": {
            "event": "sssx"
          },
          "cooldown_time": 0.9
        },
        "minecraft:variant": {
          "value": 14
        }
      },
      "second": {
        "minecraft:damage_sensor": [
          {
            "on_damage": {
              "filters": {
                "test": "is_family",
                "value": "ancient",
                "subject": "other"
              }
            },
            "deals_damage": false
          }
        ],
        "minecraft:behavior.melee_attack": {
          "priority": 3,
          "speed_multiplier": 1,
          "track_target": false
        },
        "minecraft:is_baby": {},
        "minecraft:health": {
          "value": 1500,
          "max": 1500
        },
        "minecraft:movement": {
          "value": 0.15
        }
      },
      "into": {
        "minecraft:spawn_entity": [
          {
            "min_wait_time": 0,
            "max_wait_time": 0,
            "spawn_entity": "wb:boss_translate_use",
            "num_to_spawn": 1,
            "single_use": true
          }
        ],
        "minecraft:transformation": {
          "into": "wb:ancient_stone<second>"
        }
      },
      "into2": {
        "minecraft:spawn_entity": [
          {
            "min_wait_time": 0,
            "max_wait_time": 0,
            "spawn_entity": "wb:boss_translate_use",
            "num_to_spawn": 1,
            "single_use": true
          }
        ],
        "minecraft:transformation": {
          "into": "wb:ancient_stone<second2>"
        }
      },
      "shootx": {
        "minecraft:shooter": {
          "def": "wb:ball_ancient_stoneb"
        },
        "minecraft:behavior.ranged_attack": {
          "priority": 1,
          "attack_interval_min": 1,
          "attack_interval_max": 1.5,
          "attack_radius": 128
        },
        "minecraft:timer": {
          "time": 6,
          "looping": true,
          "time_down_event": {
            "event": "sss",
            "target": "self"
          }
        },
        "minecraft:variant": {
          "value": 2
        }
      },
      "shoot": {
        "minecraft:timer": {
          "time": 4,
          "looping": true,
          "time_down_event": {
            "event": "shootx",
            "target": "self"
          }
        },
        "minecraft:variant": {
          "value": 5
        }
      },
      "bigx": {
        "minecraft:shooter": {
          "def": "wb:ball_ancient_stonec"
        },
        "minecraft:behavior.ranged_attack": {
          "priority": 1,
          "attack_interval_min": 1,
          "attack_interval_max": 1.5,
          "attack_radius": 128
        },
        "minecraft:timer": {
          "time": 4,
          "looping": true,
          "time_down_event": {
            "event": "sss",
            "target": "self"
          }
        },
        "minecraft:variant": {
          "value": 4
        }
      },
      "big": {
        "minecraft:timer": {
          "time": 4,
          "looping": true,
          "time_down_event": {
            "event": "bigx",
            "target": "self"
          }
        },
        "minecraft:variant": {
          "value": 3
        }
      },
      "summon": {
        "minecraft:timer": {
          "time": 6,
          "looping": true,
          "time_down_event": {
            "event": "sss",
            "target": "self"
          }
        },
        "minecraft:variant": {
          "value": 1
        }
      },
      "shootxx": {
        "minecraft:shooter": {
          "def": "wb:ball_ancient_stoneb"
        },
        "minecraft:behavior.ranged_attack": {
          "priority": 2,
          "attack_interval_min": 1,
          "attack_interval_max": 1.5,
          "charge_charged_trigger": 0,
          "charge_shoot_trigger": 0,
          "attack_radius": 15,
          "burst_shots": 2,
          "burst_interval": 0.5
        },
        "minecraft:timer": {
          "time": 6,
          "looping": true,
          "time_down_event": {
            "event": "sssx",
            "target": "self"
          }
        },
        "minecraft:variant": {
          "value": 10
        }
      },
      "shootx2": {
        "minecraft:timer": {
          "time": 4,
          "looping": true,
          "time_down_event": {
            "event": "shootxx",
            "target": "self"
          }
        },
        "minecraft:variant": {
          "value": 5
        }
      },
      "bigxx": {
        "minecraft:shooter": {
          "def": "wb:ball_ancient_stonec"
        },
        "minecraft:behavior.ranged_attack": {
          "priority": 2,
          "attack_interval_min": 1,
          "attack_interval_max": 1.5,
          "charge_charged_trigger": 0,
          "charge_shoot_trigger": 0,
          "attack_radius": 15,
          "burst_shots": 2,
          "burst_interval": 0.5
        },
        "minecraft:timer": {
          "time": 4,
          "looping": true,
          "time_down_event": {
            "event": "sssx",
            "target": "self"
          }
        },
        "minecraft:variant": {
          "value": 4
        }
      },
      "bigx2": {
        "minecraft:timer": {
          "time": 4,
          "looping": true,
          "time_down_event": {
            "event": "bigxx",
            "target": "self"
          }
        },
        "minecraft:variant": {
          "value": 3
        }
      },
      "summonx": {
        "minecraft:timer": {
          "time": 14,
          "looping": true,
          "time_down_event": {
            "event": "sssx",
            "target": "self"
          }
        },
        "minecraft:variant": {
          "value": 11
        }
      },
      "first": {
        "minecraft:damage_sensor": [
          {
            "on_damage": {
              "filters": {
                "test": "has_damage",
                "value": "fatal"
              },
              "event": "into"
            }
          },
          {
            "on_damage": {
              "filters": {
                "test": "is_family",
                "value": "ancient",
                "subject": "other"
              }
            },
            "deals_damage": false
          }
        ]
      }
    },
    "components": {
      "minecraft:spawn_entity": [
        {
          "min_wait_time": 5,
          "max_wait_time": 5,
          "spawn_entity": "wb:cannon_ancient_stone<free>"
        }
      ],
      "minecraft:timer": {
        "time": 1,
        "looping": true,
        "time_down_event": {
          "event": "sss",
          "target": "self"
        }
      },
      "minecraft:variant": {
        "value": 0
      },
      "minecraft:knockback_resistance": {
        "value": 1
      },
      "minecraft:boss": {
        "should_darken_sky": false,
        "name": "Ancient StoneStatues",
        "hud_range": 128
      },
      "minecraft:fire_immune": true,
      "minecraft:type_family": {
        "family": [
          "monster",
          "ancient_stone",
          "ancient",
          "aboss"
        ]
      },
      "minecraft:scale": {
        "value": 1
      },
      "minecraft:collision_box": {
        "width": 1.8,
        "height": 3.8
      },
      "minecraft:health": {
        "value": 1500,
        "max": 1500
      },
      "minecraft:movement": {
        "value": 0.05
      },
      "minecraft:navigation.walk": {},
      "minecraft:movement.basic": {},
      "minecraft:attack": {
        "damage": 40
      },
      "minecraft:damage_sensor": {
        "cause": "fall",
        "deals_damage": false
      },
      "minecraft:behavior.random_stroll": {
        "priority": 6,
        "speed_multiplier": 1,
        "xz_dist": 16
      },
      "minecraft:behavior.look_at_player": {
        "priority": 7,
        "look_distance": 6,
        "probability": 0.02
      },
      "minecraft:behavior.random_look_around": {
        "priority": 8
      },
      "minecraft:behavior.nearest_attackable_target": {
        "priority": 3,
        "entity_types": [
          {
            "filters": {
              "all_of": [
                {
                  "test": "is_family",
                  "operator": "!=",
                  "subject": "other",
                  "value": "ancient"
                },
                {
                  "test": "is_family",
                  "operator": "!=",
                  "subject": "other",
                  "value": "aboss"
                }
              ]
            },
            "within_default": 128
          }
        ],
        "must_see": false,
        "must_reach": false
      },
      "minecraft:behavior.hurt_by_target": {
        "priority": 2
      },
      "minecraft:physics": {},
      "minecraft:follow_range": {
        "value": 128
      }
    },
    "events": {
      "second2": {
        "add": {
          "component_groups": [
            "second",
            "secondx",
            "isboss_b"
          ]
        }
      },
      "disappear": {
        "run_command": {
          "command": [
            "function base/stopmusic"
          ],
          "target": "self"
        },
        "add": {
          "component_groups": [
            "disappear"
          ]
        }
      },
      "defeated": {
        "run_command": {
          "command": [
            "scoreboard players set @a[scores={wbnjqbf=13},r=200] wbnjqbf 14",
            "function base/stopmusic",
            "kill @s"
          ],
          "target": "self"
        },
        "add": {
          "component_groups": [
            "defeated"
          ]
        }
      },
      "isboss": {
        "add": {
          "component_groups": [
            "isboss_a"
          ]
        }
      },
      "sssx": {
        "randomize": [
          {
            "run_command": {
              "command": [
                "effect @e[r=4] weakness 5 5 true"
              ],
              "target": "self"
            },
            "weight": 1,
            "remove": {
              "component_groups": [
                "bigxx",
                "bigx2",
                "summonx",
                "shootxx",
                "diu",
                "diux",
                "secondx"
              ]
            },
            "add": {
              "component_groups": [
                "shootx2"
              ]
            }
          },
          {
            "weight": 1,
            "run_command": {
              "command": [
                "effect @e[r=4] weakness 5 5 true"
              ],
              "target": "self"
            },
            "remove": {
              "component_groups": [
                "secondx",
                "bigxx",
                "summonx",
                "shootx2",
                "shootxx",
                "diu",
                "diux"
              ]
            },
            "add": {
              "component_groups": [
                "bigx2"
              ]
            }
          },
          {
            "run_command": {
              "command": [
                "effect @e[r=4] weakness 5 5 true"
              ],
              "target": "self"
            },
            "weight": 1,
            "remove": {
              "component_groups": [
                "secondx",
                "bigxx",
                "summonx",
                "shootx2",
                "shootxx",
                "bigx2",
                "diux"
              ]
            },
            "add": {
              "component_groups": [
                "diu"
              ]
            }
          }
        ]
      },
      "bigxx": {
        "add": {
          "component_groups": [
            "bigxx"
          ]
        }
      },
      "shootxx": {
        "add": {
          "component_groups": [
            "shootxx"
          ]
        }
      },
      "sss": {
        "randomize": [
          {
            "weight": 1,
            "run_command": {
              "command": [
                "effect @e[r=4] weakness 5 5 true"
              ],
              "target": "self"
            },
            "remove": {
              "component_groups": [
                "bigx",
                "big",
                "summon",
                "shootx"
              ]
            },
            "add": {
              "component_groups": [
                "shoot"
              ]
            }
          },
          {
            "weight": 1,
            "run_command": {
              "command": [
                "effect @e[r=4] weakness 5 5 true"
              ],
              "target": "self"
            },
            "remove": {
              "component_groups": [
                "bigx",
                "big",
                "shoot",
                "shootx"
              ]
            },
            "add": {
              "component_groups": [
                "summon"
              ]
            }
          },
          {
            "weight": 1,
            "run_command": {
              "command": [
                "effect @e[r=4] weakness 5 5 true"
              ],
              "target": "self"
            },
            "remove": {
              "component_groups": [
                "bigx",
                "summon",
                "shoot",
                "shootx"
              ]
            },
            "add": {
              "component_groups": [
                "big"
              ]
            }
          }
        ]
      },
      "into": {
        "add": {
          "component_groups": [
            "into"
          ]
        }
      },
      "into2": {
        "add": {
          "component_groups": [
            "into2"
          ]
        }
      },
      "second": {
        "add": {
          "component_groups": [
            "second",
            "secondx"
          ]
        }
      },
      "diux": {
        "add": {
          "component_groups": [
            "diux"
          ]
        }
      },
      "minecraft:entity_spawned": {
        "add": {
          "component_groups": [
            "first"
          ]
        }
      },
      "bigx": {
        "add": {
          "component_groups": [
            "bigx"
          ]
        }
      },
      "shootx": {
        "add": {
          "component_groups": [
            "shootx"
          ]
        }
      }
    }
  }
}