{
  "format_version": "1.8.0",
  "minecraft:entity": {
    "description": {
      "identifier": "wb:ball_ancient_stoneb",
      "is_spawnable": false,
      "is_summonable": true,
      "is_experimental": false,
      "runtime_identifier": "minecraft:snowball"
    },
    "component_groups": {
      "minecraft:exploding": {
        "minecraft:explode": {
          "fuseLength": 0,
          "fuseLit": true,
          "power": 3,
          "causesFire": true,
          "breaks_blocks": false,
          "fireAffectedByGriefing": true,
          "destroyAffectedByGriefing": true
        }
      }
    },
    "components": {
     "minecraft:explode": {
          "fuseLength": 2.5,
          "fuseLit": true,
          "power": 0,
          "causesFire": true,
          "breaks_blocks": false,
          "fireAffectedByGriefing": true,
          "destroyAffectedByGriefing": true
        },
      "minecraft:collision_box": {
        "width": 0.18,
        "height": 0.18
      },
      "minecraft:projectile": {
        "onHit": {
          "definition_event": {
            "affectProjectile": true,
            "eventTrigger": {
              "event": "minecraft:explode",
              "target": "self"
            }
          }
        },
        "power": 1.2,
        "gravity": 0.04,
        "inertia": 1,
        "uncertaintyBase": 0,
        "uncertaintyMultiplier": 0,
        "anchor": 2,
        "reflectOnHurt": true,
        "catchFire": true
      },
      "minecraft:physics": {}
    },
    "events": {
      "minecraft:explode": {
        "add": {
          "component_groups": [
            "minecraft:exploding"
          ]
        }
      }
    }
  }
}