{
    "format_version": "1.13.0",
    "minecraft:entity": {
        "description": {
            "identifier": "wb:magic_pig",
            "is_spawnable": true,
            "is_summonable": true,
            "is_experimental": false
        },


        "components": {
            "minecraft:despawn": {
                "despawn_from_distance": {}
            },
            "minecraft:experience_reward": {
                "on_death": "query.last_hit_by_player ? 5 + (query.equipment_count * Math.Random(1,3)) : 0"
            },
            "minecraft:loot": {
                "table": "loot_tables/entities/pig.json"
            },
            "minecraft:behavior.nearest_attackable_target": {
                "priority": 2,
                "within_radius": 25,
                "reselect_targets": true,
                "entity_types": [{
                    "filters": {
                        "any_of": [{
                            "test": "is_family",
                            "subject": "other",
                            "value": "player"
                        }]
                    },
                    "max_dist": 35
                }],
                "must_see": true,
                "must_see_forget_duration": 17.0
            },
            "minecraft:attack": {
                "damage": 3
            },
            "minecraft:behavior.melee_attack": {
                "priority": 3,
                "speed_multiplier": 1,
                "track_target": false
            },
            "minecraft:type_family": {
                "family": ["pig", "magic", "monster"]
            },
            "minecraft:breathable": {
                "totalSupply": 15,
                "suffocateTime": 0
            },
            "minecraft:nameable": {},
            "minecraft:health": {
                "value": 40,
                "max": 40
            },
            "minecraft:movement": {
                "value": 0.22
            },
            "minecraft:scale": {
                "value": 1.5
            },
            "minecraft:navigation.walk": {
                "can_path_over_water": true,
                "avoid_water": true,
                "avoid_damage_blocks": true
            },
            "minecraft:movement.basic": {

            },
            "minecraft:jump.static": {},
            "minecraft:can_climb": {},
            "minecraft:collision_box": {
                "width": 0.9,
                "height": 0.9
            },
            "minecraft:leashable": {
                "soft_distance": 4.0,
                "hard_distance": 6.0,
                "max_distance": 10.0
            },
            "minecraft:balloonable": {
                "mass": 0.75
            },
            "minecraft:behavior.mount_pathing": {
                "priority": 1,
                "speed_multiplier": 1.25,
                "target_dist": 0.0,
                "track_target": true
            },
            "minecraft:behavior.float": {
                "priority": 2
            },
            "minecraft:behavior.panic": {
                "priority": 3,
                "speed_multiplier": 1.25
            },
            "minecraft:behavior.tempt": {
                "priority": 5,
                "speed_multiplier": 1.2,
                "items": [
                    "potato",
                    "carrot",
                    "beetroot",
                    "carrotOnAStick"
                ]
            },
            "minecraft:behavior.random_stroll": {
                "priority": 7,
                "speed_multiplier": 1.0
            },
            "minecraft:behavior.look_at_player": {
                "priority": 8,
                "look_distance": 6.0,
                "probability": 0.02
            },
            "minecraft:behavior.random_look_around": {
                "priority": 9
            },
            "minecraft:physics": {}
        }
    }
}