<?xml version="1.0" encoding="utf-8"?>
<SkinOptions xmlns:xsd="http://www.w3.org/2001/XMLSchema" xmlns:xsi="http://www.w3.org/2001/XMLSchema-instance">
  <Hash>397bc361c2f2f65beda0491bdef60319cefcad0addb3a0e384f5736ceabce772</Hash>
  <CustomOptionValue id="lane_brightness">brightness_100</CustomOptionValue>
  <CustomFileValue id="notes">Default.png</CustomFileValue>
  <CustomFileValue id="lanecover">Default.png</CustomFileValue>
  <CustomFileValue id="bomb">Default.png</CustomFileValue>
  <CustomFileValue id="laser">Very-short.png</CustomFileValue>
  <CustomFileValue id="judge">Default.png</CustomFileValue>
</SkinOptions>