<?xml version="1.0" encoding="utf-8"?>
<SkinOptions xmlns:xsd="http://www.w3.org/2001/XMLSchema" xmlns:xsi="http://www.w3.org/2001/XMLSchema-instance">
  <Hash>7b549888197614fb18f47a9df2fa807f3432c793fb636cad0aa7139ae3c4a447</Hash>
  <CustomOptionValue id="lane_brightness">brightness_100</CustomOptionValue>
  <CustomFileValue id="notes">Default.png</CustomFileValue>
  <CustomFileValue id="lanecover">Default.png</CustomFileValue>
  <CustomFileValue id="bomb">Default.png</CustomFileValue>
  <CustomFileValue id="laser">Default.png</CustomFileValue>
  <CustomFileValue id="judge">Default.png</CustomFileValue>
</SkinOptions>