<?xml version="1.0" encoding="utf-8"?>
<SkinOptions xmlns:xsd="http://www.w3.org/2001/XMLSchema" xmlns:xsi="http://www.w3.org/2001/XMLSchema-instance">
  <Hash>1d4645af581c11e328a109c9ef10f613526957ae97b1ac7be27e42789e2ebc61</Hash>
  <CustomFileValue id="notes">Default</CustomFileValue>
  <CustomFileValue id="lanecover">Default.png</CustomFileValue>
  <CustomFileValue id="bomb">Default.png</CustomFileValue>
  <CustomFileValue id="laser">Default.png</CustomFileValue>
  <CustomFileValue id="judge">Default.png</CustomFileValue>
</SkinOptions>