{
    "format_version": "1.13.0",
    "minecraft:feature_rules": {
        "description": {
            "identifier": "ysl:herobrine_sand_feature",
            "places_feature": "ys:herobrine_sand_feature"
        },
        "conditions": {
            "placement_pass": "surface_pass",
            "minecraft:biome_filter": {
                "any_of": [{
                    "test": "has_biome_tag",
                    "operator": "==",
                    "value": "desert"
                }, {
                    "operator": "==",
                    "test": "has_biome_tag",
                    "value": "ocean"
                }]
            }
        },
        "distribution": {
            "iterations": 1,
            "scatter_chance": {
                "numerator": 1,
                "denominator": 80
            },
            "x": {
                "distribution": "uniform",
                "extent": [0, 6]
            },
            "y": "query.heightmap(variable.worldx, variable.worldz)",
            "z": {
                "distribution": "uniform",
                "extent": [0, 6]
            }
        }
    }
}