{
  "format_version": "1.8.0",
  "animation_controllers": {
    "controller.animation.ash_sword_phantom": {
      "states": {
        "default": {
          "transitions": [
            {
              "werewolf1": "query.has_target"
            }
          ]
        },
        "werewolf1": {
          "transitions": [
            {
              "werewolf": "query.has_target"
            }
          ]
        },
        "werewolf": {
          "transitions": [
            {
              "werewolf1": "query.has_target"
            }
          ],
          "on_entry": [
            "/tp ~~~ facing @p[m=!1]",
            "/execute if block ^^^0.05 air run tp ^^^0.27",

            "/execute if entity @a[m=!1,r=2] run tag @s add ash_sword_phantom_attack",
            "/execute if entity @s[tag=ash_sword_phantom_attack] run damage @a[r=2,m=!1] 11 entity_attack entity @s",
            "/execute if entity @s[tag=ash_sword_phantom_attack] run particle dec:ash_sword_phantom_particle ~~~",
            "/execute if entity @s[tag=ash_sword_phantom_attack] run playsound game.player.attack.strong @a ~~~ 10 1 1",
            "/execute if entity @s[tag=ash_sword_phantom_attack] run event particle dec:ash_sword_phantom_particle ~~~",
            "/execute if entity @s[tag=ash_sword_phantom_attack] run event entity @s minecraft:despawn"
          ]
        }
      }
    }
  }
}