{
  "format_version": "1.8.0",
  "animation_controllers": {
    "controller.animation.frozen_shadow": {
      "states": {
        "default": {
          "transitions": [
            {
              "werewolf1": "query.has_target"
            }
          ]
        },
        "werewolf1": {
          "transitions": [
            {
              "werewolf": "query.has_target"
            }
          ]
        },
        "werewolf": {
          "transitions": [
            {
              "werewolf1": "query.has_target"
            }
          ],
          "on_entry": [
            "/tp ~~~ facing @p[m=!1]",
            "/execute if block ^^^0.05 air run tp ^^^0.1",

            "/execute if entity @a[m=!1,r=0.5] run tag @s add frozen_shadow_explode",
            "/execute if entity @s[tag=frozen_shadow_explode] run damage @a[r=4,m=!1] 42 entity_explosion entity @s",
            "/execute if entity @s[tag=frozen_shadow_explode] run particle dec:everlasting_winter_explode_particle ~~1~",
            "/execute if entity @s[tag=frozen_shadow_explode] run event entity @s minecraft:despawn"
          ]
        }
      }
    }
  }
}