{
  "format_version": "1.10.0",
  "animation_controllers": {
    "controller.animation.global": {
      "states": {
        "default": {
          "transitions": [
            {
              "ticking": "(1.0)"
            }
          ],
          "on_entry": [
            "/tag @s remove shot",
            "/tag @s remove shot_offhand"
          ]
        },
        "ticking": {
          "transitions": [
            {
              "default": "(1.0)"
            }
          ],
          "on_entry": [
            "/tag @s remove shot",
            "/tag @s remove shot_offhand"
          ]
        }
      }
    },
    "controller.animation.patch1": {
      "states": {
        "default": {
          
        }
      }
    },
    "controller.animation.patch2": {
      "states": {
        "default": {
          
        }
      }
    },
    "controller.animation.patch3": {
      "states": {
        "default": {
          
        }
      }
    },
    "controller.animation.patch4": {
      "states": {
        "default": {
          
        }
      }
    },
    "controller.animation.patch5": {
      "states": {
        "default": {
          
        }
      }
    }
  }
}