{
	"format_version": "1.8.0",
	"animations": {
		"animation.havoc.meltdown_attack": {
			"animation_length": 3.12,
			"bones": {
				"all": {
					"rotation": {
						"0.0": [0, 0, 0],
						"0.72": [0, 0, 0],
						"1.56": [-7.5, 0, 0],
						"1.72": [0, 0, 0],
						"1.88": [14.81, 0, 0],
						"2.6": [0, 0, 0]
					},
					"position": {
						"0.0": [0, 0, 0],
						"0.72": [0, -4, 0],
						"1.56": [0, -1.7, 0],
						"1.72": [0, -3.74, 10],
						"1.88": [0, -3.49, -10],
						"2.6": [0, 0, 0]
					},
					"scale": {
						"0.0": [1, 1, 1],
						"1.56": [1, 1, 1],
						"2.6": [1, 1, 1]
					}
				},
				"tail1": {
					"rotation": {
						"0.0": [0, 0, 0],
						"0.72": [-25, 0, 0],
						"1.92": [0, 0, 0]
					}
				},
				"tail2": {
					"rotation": {
						"0.0": [0, 0, 0],
						"0.72": [-2.5, 0, 0],
						"1.92": [0, 0, 0]
					}
				},
				"tail3": {
					"rotation": {
						"0.0": [0, 0, 0],
						"0.72": [15, 0, 0],
						"1.92": [0, 0, 0]
					}
				},
				"tail4": {
					"rotation": {
						"0.0": [0, 0, 0],
						"0.72": [70, 0, 0],
						"1.92": [0, 0, 0]
					}
				},
				"tail5": {
					"rotation": {
						"0.0": [0, 0, 0],
						"0.72": [42.5, 0, 0],
						"1.44": [0, 0, 0]
					}
				},
				"tail6": {
					"rotation": {
						"0.0": [0, 0, 0],
						"0.72": [72.5, 0, 0],
						"1.44": [0, 0, 0]
					}
				},
				"tail7": {
					"rotation": {
						"0.0": [0, 0, 0],
						"0.72": [62.5, 0, 0],
						"1.44": [0, 0, 0]
					}
				},
				"tail8": {
					"rotation": {
						"0.0": [0, 0, 0],
						"0.72": [85, 0, 0],
						"1.44": [0, 0, 0]
					}
				},
				"tail9": {
					"rotation": {
						"0.0": [0, 0, 0],
						"0.72": [92.5, 0, 0],
						"1.44": [0, 0, 0]
					}
				},
				"neck": {
					"rotation": {
						"0.0": [0, 0, 0],
						"0.72": [-10, 0, 0],
						"1.88": [-28.5, 0, 0],
						"2.16": [-8, 0, 0],
						"3.0": [0, 0, 0]
					},
					"position": {
						"0.0": [0, 0, 0],
						"0.72": [0, 0, 2],
						"1.88": [0, 0, 3.43],
						"2.16": [0, 0, 0],
						"3.0": [0, 0, 0]
					}
				},
				"neckz": {
					"rotation": {
						"0.0": [0, 0, 0],
						"0.72": [-2.5, 0, 0],
						"1.88": [-2.5, 0, 0],
						"2.16": [-2.5, 0, 0],
						"3.0": [0, 0, 0]
					}
				},
				"necky": {
					"rotation": {
						"0.0": [0, 0, 0],
						"0.72": [-5, 0, 0],
						"1.88": [-2.66667, 0, 0],
						"2.16": [-2.67, 0, 0],
						"3.0": [0, 0, 0]
					}
				},
				"neckx": {
					"rotation": {
						"0.0": [0, 0, 0],
						"0.72": [10, 0, 0],
						"1.88": [12.83333, 0, 0],
						"2.16": [4, 0, 0],
						"3.0": [0, 0, 0]
					},
					"position": {
						"0.72": [0, 0, 0],
						"1.88": [0, 1, 3],
						"2.16": [0, 2, 2.4],
						"3.0": [0, 0, 0]
					}
				},
				"head": {
					"rotation": {
						"0.0": [0, 0, 0],
						"0.72": [-20, 0, 0],
						"1.88": [6.83333, 0, 0],
						"2.16": [4, 0, 0],
						"3.0": [0, 0, 0]
					},
					"position": {
						"0.72": [0, 0, 0],
						"1.88": [0, 0, 3],
						"2.16": [0, 0, 2],
						"3.0": [0, 0, 0]
					}
				},
				"moutha1": {
					"rotation": {
						"0.0": [0, 0, 0],
						"0.72": [20, 0, 0],
						"1.92": [0, 0, 0]
					}
				},
				"moutha2": {
					"rotation": {
						"0.0": [0, 0, 0],
						"0.72": [15, 0, 0],
						"1.44": [20, 0, 0],
						"1.92": [0, 0, 0]
					}
				},
				"hand1": {
					"rotation": {
						"0.0": [0, 0, 0],
						"0.2": [-25, 0, 0],
						"0.4": [20, 30, 60],
						"1.56": [18, 31, 73],
						"1.72": [110.75627, -72.26307, 13.96048],
						"1.88": [250, -18, -60],
						"2.32": [249.94, -18.8, -59.01],
						"2.6": [-23.73378, -54.91153, 42.32575],
						"2.92": [0, 0, 0]
					},
					"position": {
						"0.2": [0, 0, 0],
						"0.4": [0, 0, 3],
						"1.56": [0, 0, 3],
						"1.72": [0, 0, -2],
						"1.88": [0, 0, -5],
						"2.32": [0, 0, -5],
						"2.6": [0, 0, 3],
						"2.92": [0, 0, 0]
					}
				},
				"hand2": {
					"rotation": {
						"0.0": [0, 0, 0],
						"0.2": [-25, 0, 0],
						"0.4": [20, -30, -60],
						"1.56": [18, -31, -73],
						"1.72": [110.75627, 72.26307, -13.96048],
						"1.88": [250, 18, 60],
						"2.32": [249.94, 18.8, 59.01],
						"2.6": [-23.73378, 54.91153, -42.32575],
						"2.92": [0, 0, 0]
					},
					"position": {
						"0.2": [0, 0, 0],
						"0.4": [0, 0, 3],
						"1.56": [0, 0, 3],
						"1.72": [0, 0, -2],
						"1.88": [0, 0, -5],
						"2.32": [0, 0, -5],
						"2.6": [0, 0, 3],
						"2.92": [0, 0, 0]
					}
				},
				"hand1a1": {
					"rotation": {
						"0.0": [0, 0, 0],
						"0.72": [-10, 65, -5],
						"1.56": [-10, 65, -5],
						"1.72": [-10, 65, -5],
						"2.32": [-10, 65, -5],
						"2.6": [-10, 65, -5],
						"2.92": [0, 0, 0]
					}
				},
				"hand1a2": {
					"rotation": {
						"0.0": [0, 0, 0],
						"0.72": [0, 0, 0],
						"1.56": [0, 0, 0],
						"1.72": [0, 0, 0],
						"2.32": [0, 0, 0],
						"2.6": [0, 0, 0],
						"2.92": [0, 0, 0]
					},
					"position": {
						"0.0": [0, 0, 0],
						"0.72": [0, 0, 0],
						"1.56": [0, 0, 0],
						"1.72": [0, 0, 0],
						"2.32": [0, 0, 0],
						"2.6": [0, 0, 0],
						"2.92": [0, 0, 0]
					}
				},
				"hand1a3": {
					"rotation": {
						"0.0": [0, 0, 0],
						"0.4": [-40, 40, 30],
						"1.56": [-132, 16, -78],
						"1.72": [-186.47902, -21.92477, -155.24812],
						"1.88": [-218, -17, -114],
						"2.32": [-216.32398, 0.11786, -102.89046],
						"2.6": [-26.64695, 44.21748, 5.06532],
						"2.92": [0, 0, 0]
					},
					"position": {
						"0.0": [0, 0, 0],
						"0.4": [0, 0, 0],
						"1.56": [-1, -2, 1],
						"1.72": [-1, -2, 1],
						"1.88": [-3, -3, 2],
						"2.32": [-3, -3, 2],
						"2.6": [-1, -2, 1],
						"2.92": [0, 0, 0]
					}
				},
				"hand1a4": {
					"rotation": {
						"0.0": [0, 0, 0],
						"0.72": [-10, -65, 5],
						"1.56": [-10, -65, 5],
						"1.72": [-10, -65, 5],
						"2.32": [-10, -65, 5],
						"2.6": [-10, -65, 5],
						"2.92": [0, 0, 0]
					}
				},
				"hand1a5": {
					"rotation": {
						"0.0": [0, 0, 0],
						"0.72": [0, 0, 0],
						"1.56": [0, 0, 0],
						"1.72": [0, 0, 0],
						"2.32": [0, 0, 0],
						"2.6": [0, 0, 0],
						"2.92": [0, 0, 0]
					},
					"position": {
						"0.0": [0, 0, 0],
						"0.72": [0, 0, 0],
						"1.56": [0, 0, 0],
						"1.72": [0, 0, 0],
						"2.32": [0, 0, 0],
						"2.6": [0, 0, 0],
						"2.92": [0, 0, 0]
					}
				},
				"hand1a6": {
					"rotation": {
						"0.0": [0, 0, 0],
						"0.4": [-40, -40, -30],
						"1.56": [-132, -16, 78],
						"1.72": [-186.47902, 21.92477, 155.24812],
						"1.88": [-218, 17, 114],
						"2.32": [-216.32398, -0.11786, 102.89046],
						"2.6": [-26.64695, -44.21748, -5.06532],
						"2.92": [0, 0, 0]
					},
					"position": {
						"0.0": [0, 0, 0],
						"0.4": [0, 0, 0],
						"1.56": [1, -2, 1],
						"1.72": [1, -2, 1],
						"1.88": [3, -3, 2],
						"2.32": [3, -3, 2],
						"2.6": [1, -2, 1],
						"2.92": [0, 0, 0]
					}
				},
				"weapon": {
					"rotation": {
						"0.0": [0, 0, 0],
						"0.72": [-175.70823, 12.36977, -158.52178],
						"1.56": [-175, 12, -158],
						"1.72": [-135, 20, -48],
						"1.8": [-146, 20, -68],
						"1.88": [-78, 20, -36],
						"2.32": [-52.91329, -7.0246, -24.33104],
						"2.6": [27.5, 4.06, 0],
						"2.92": [0, 0, 0]
					},
					"position": {
						"0.0": [0, 0, 0],
						"0.72": [-2, 0, 0],
						"1.56": [-2, 0, 0],
						"1.72": [-2, 0, 0],
						"1.8": [-2, 0, 1],
						"1.88": [-5, 0, 1],
						"2.32": [-5, 0, 1],
						"2.6": [-2, 0, 0],
						"2.92": [0, 0, 0]
					}
				},
				"weapon2": {
					"rotation": {
						"0.0": [0, 0, 0],
						"0.72": [-175.70823, -12.36977, 158.52178],
						"1.56": [-175, -12, 158],
						"1.72": [-135, -20, 48],
						"1.8": [-146, -20, 68],
						"1.88": [-78, -20, 36],
						"2.32": [-52.91329, 7.0246, 24.33104],
						"2.6": [27.5, -4.06, 0],
						"2.92": [0, 0, 0]
					},
					"position": {
						"0.0": [0, 0, 0],
						"0.72": [2, 0, 0],
						"1.56": [2, 0, 0],
						"1.72": [2, 0, 0],
						"1.8": [2, 0, 1],
						"1.88": [5, 0, 1],
						"2.32": [5, 0, 1],
						"2.6": [2, 0, 0],
						"2.92": [0, 0, 0]
					}
				},
				"hand3": {
					"rotation": {
						"0.0": [0, 0, 0],
						"0.72": [10, 0, 0],
						"1.92": [0, 0, 0]
					}
				},
				"weapon3": {
					"rotation": {
						"0.0": [0, 0, 0],
						"0.72": [-12.5, 0, 0],
						"1.92": [0, 0, 0]
					}
				},
				"hand4": {
					"rotation": {
						"0.0": [0, 0, 0],
						"0.72": [10, 0, 0],
						"1.92": [0, 0, 0]
					}
				},
				"weapon4": {
					"rotation": {
						"0.0": [0, 0, 0],
						"0.72": [-12.5, 0, 0],
						"1.92": [0, 0, 0]
					}
				},
				"tail": {
					"rotation": {
						"0.0": [0, 0, 0],
						"0.72": [0, 0, 0]
					},
					"position": {
						"0.0": [0, 0, 0],
						"0.72": [0, 0, 3],
						"1.92": [0, 0, 0]
					}
				},
				"body": {
					"rotation": {
						"0.0": [0, 0, 0],
						"0.72": [-3, 0, 0],
						"1.88": [-14.91667, 0, 0],
						"3.0": [0, 0, 0]
					},
					"position": {
						"0.0": [0, 0, 0],
						"0.72": [0, 0, 1],
						"3.0": [0, 0, 0]
					}
				}
			}
		}
	}
}