{
  "format_version": "1.8.0",
  "animations": {
    "animation.player.wb.gradeline": {
      "timeline": {
        "2.0": [
          "/function grade/up",
          "/function grade/textup",
          "/tag @s remove wbldkza",
          "/tag @s remove wbldcza"
        ],
        "4.0": [
          "/execute as @s[tag=!wbldkza] at @s run tag @s remove wbldkzb",
          "/execute as @s[tag=!wbldcza] at @s run tag @s remove wbldczb",
          "/execute as @s[tag=wbldkzc,tag=!wbldkzb,tag=wbldbq,m=adventure] at @s run gamemode survival @s",
          "/execute as @s[tag=wbldkzc,tag=!wbldkzb,tag=wbldbq,m=adventure] at @s run tag @s remove wbldbq",
          "/execute as @s[tag=wbldkzc,tag=!wbldkzb] at @s run tag @s remove wbldkzc",
          "/scoreboard players add @s wbdjjf 1",
          "/execute as @s[tag=wbdjeff] at @s run function grade/effect"
          // 回蓝写gt了
        ]
      },
      "animation_length": 5,
      "loop": true
    },
    "animation.player.wb.order.normal": {
      "timeline": {
        "0.25": [
          "/execute as @s[scores={wbdjcg=101..}] at @s run scoreboard players set @s wbdjcg 100",
          "/execute as @s[scores={wbfl=201..}] at @s run scoreboard players set @s wbfl 200"
        ]
      },
      "animation_length": 0.5,
      "loop": true
    },
    "animation.player.wb.delivery": {
      "timeline": {
        "0.5": [
          "/execute as @s[scores={wbef=1..}] at @s run scoreboard players remove @s wbef 1",
          "/scoreboard players operation @s wbldpd = @s wbldcg",
          "/scoreboard players operation @s wbldpd -= @s wbldid",
          "/execute as @s[m=survival,tag=wbldkzb,scores={wbldpd=!0}] at @s run tag @s add wbldbq",
          "/execute as @s[m=survival,tag=wbldkzb,scores={wbldpd=!0}] at @s run gamemode adventure @s",
          //盔甲冷却写gt了
          "/function armor/skill_update",
          "/tag @s remove wbnearboss"
        ]
      },
      "animation_length": 1,
      "loop": true
    },
    "animation.player.wb.order": {
      "timeline": {
        "0.1": [
          "/execute as @s[tag=prune] at @s run particle wb:rune ~ ~ ~",
          "/execute as @s[tag=pflame] at @s run particle wb:wbflame ~ ~ ~",
          "/execute as @s[tag=plove] at @s run particle wb:love ~ ~ ~",
          "/execute as @s[tag=phalo] at @s run particle wb:halo ~ ~ ~"
        ]
      },
      "animation_length": 0.13,
      "loop": true
    },
    "animation.player.wb.longorder": {
      "timeline": {
        "5": [
          "/execute as @e[type=minecraft:item,r=8] at @s if block ~ ~-1 ~ wb:waste_recovery -1 run summon wb:item_waste_recovery ~ ~+1 ~",
          "/execute as @e[type=minecraft:item,r=8] at @s if block ~ ~-1 ~ wb:waste_recovery -1 run kill @s"
        ]
      },
      "animation_length": 10,
      "loop": true
    }
  }
}