{
	"format_version": "1.10.0",
	"geometry.havoc_fx": {
		"texturewidth": 256,
		"textureheight": 256,
		"visible_bounds_width": 195,
		"visible_bounds_height": 49,
		"visible_bounds_offset": [0, -18.5, 0],
		"bones": [
			{
				"name": "all",
				"pivot": [0, 38.81089, -0.72992],
				"rotation": [22.5, 0, 0]
			},
			{
				"name": "body",
				"parent": "all",
				"pivot": [0, 43.9653, 4.74062],
				"rotation": [2.5, 0, 0]
			},
			{
				"name": "laser",
				"parent": "body",
				"pivot": [0, 46.31089, -0.72992]
			},
			{
				"name": "laser1",
				"parent": "laser",
				"pivot": [0.5, 45.38179, -2.85979],
				"cubes": [
					{"origin": [-1.5, 44.38179, -1717.85979], "size": [3, 3, 1718], "uv": [0, 0]}
				]
			},
			{
				"name": "laser2",
				"parent": "laser",
				"pivot": [6, 47.17204, -5.63204]
			},
			{
				"name": "loop1",
				"parent": "laser2",
				"pivot": [0, 44.86115, -8.90212],
				"rotation": [0, -90, 0]
			},
			{
				"name": "part1_loop1",
				"parent": "loop1",
				"pivot": [5, 25.61115, -14.40212]
			},
			{
				"name": "bone272",
				"parent": "part1_loop1",
				"pivot": [4, 9.86115, -42.40212],
				"cubes": [
					{"origin": [-2, 39.655, -30.56171], "size": [4, 12, 3], "uv": [0, 0]}
				]
			},
			{
				"name": "bone273",
				"parent": "part1_loop1",
				"pivot": [5, 19.86115, -36.40212],
				"rotation": [30, 0, 0],
				"cubes": [
					{"origin": [-2, 22.08293, -21.44725], "size": [4, 12, 3], "uv": [0, 0]}
				]
			},
			{
				"name": "bone274",
				"parent": "part1_loop1",
				"pivot": [5, 32.86115, -36.40212],
				"rotation": [-30, 0, 0],
				"cubes": [
					{"origin": [-2, 52.05731, -40.74111], "size": [4, 12, 3], "uv": [0, 0]}
				]
			},
			{
				"name": "part1_loop2",
				"parent": "loop1",
				"pivot": [5, 25.61115, -14.40212]
			},
			{
				"name": "bone275",
				"parent": "part1_loop2",
				"pivot": [4, 9.86115, 13.59788],
				"cubes": [
					{"origin": [-2, 39.655, 11.2229], "size": [4, 12, 3], "uv": [0, 0]}
				]
			},
			{
				"name": "bone276",
				"parent": "part1_loop2",
				"pivot": [5, 19.86115, 7.59788],
				"rotation": [-30, 0, 0],
				"cubes": [
					{"origin": [-2, 28.31564, 0.43839], "size": [4, 12, 3], "uv": [0, 0]}
				]
			},
			{
				"name": "bone277",
				"parent": "part1_loop2",
				"pivot": [5, 32.86115, 7.59788],
				"rotation": [30, 0, 0],
				"cubes": [
					{"origin": [-2, 45.8246, 19.73224], "size": [4, 12, 3], "uv": [0, 0]}
				]
			},
			{
				"name": "part3_loop1",
				"parent": "loop1",
				"pivot": [5, 25.61115, -14.40212],
				"rotation": [-90, 0, 0]
			},
			{
				"name": "bone278",
				"parent": "part3_loop1",
				"pivot": [4, 9.86115, -42.40212],
				"cubes": [
					{"origin": [-2, 25.84386, -56.83827], "size": [4, 12, 3], "uv": [0, 0]}
				]
			},
			{
				"name": "bone279",
				"parent": "part3_loop1",
				"pivot": [5, 19.86115, -36.40212],
				"rotation": [30, 0, 0],
				"cubes": [
					{"origin": [-2, 23.26041, -51.10899], "size": [4, 12, 3], "uv": [0, 0]}
				]
			},
			{
				"name": "bone280",
				"parent": "part3_loop1",
				"pivot": [5, 32.86115, -36.40212],
				"rotation": [-30, 0, 0],
				"cubes": [
					{"origin": [-2, 26.95822, -56.5917], "size": [4, 12, 3], "uv": [0, 0]}
				]
			},
			{
				"name": "part4_loop1",
				"parent": "loop1",
				"pivot": [5, 28.11115, -14.40212],
				"rotation": [90, 0, 0]
			},
			{
				"name": "bone281",
				"parent": "part4_loop1",
				"pivot": [4, 43.86115, -42.40212],
				"cubes": [
					{"origin": [-2, 15.87844, -19.25057], "size": [4, 12, 3], "uv": [0, 0]}
				]
			},
			{
				"name": "bone282",
				"parent": "part4_loop1",
				"pivot": [5, 33.86115, -36.40212],
				"rotation": [-30, 0, 0],
				"cubes": [
					{"origin": [-2, 37.25575, -18.55709], "size": [4, 12, 3], "uv": [0, 0]}
				]
			},
			{
				"name": "bone283",
				"parent": "part4_loop1",
				"pivot": [5, 20.86115, -36.40212],
				"rotation": [30, 0, 0],
				"cubes": [
					{"origin": [-2, -4.02977, -24.0398], "size": [4, 12, 3], "uv": [0, 0]}
				]
			},
			{
				"name": "loop2",
				"parent": "laser2",
				"pivot": [0, 44.86115, -22.90212],
				"rotation": [0, -90, 0]
			},
			{
				"name": "part1_loop3",
				"parent": "loop2",
				"pivot": [5, 25.61115, -28.40212]
			},
			{
				"name": "bone284",
				"parent": "part1_loop3",
				"pivot": [4, 9.86115, -56.40212],
				"cubes": [
					{"origin": [-2, 39.655, -44.56171], "size": [4, 12, 3], "uv": [0, 0]}
				]
			},
			{
				"name": "bone285",
				"parent": "part1_loop3",
				"pivot": [5, 19.86115, -50.40212],
				"rotation": [30, 0, 0],
				"cubes": [
					{"origin": [-2, 22.08293, -35.44725], "size": [4, 12, 3], "uv": [0, 0]}
				]
			},
			{
				"name": "bone286",
				"parent": "part1_loop3",
				"pivot": [5, 32.86115, -50.40212],
				"rotation": [-30, 0, 0],
				"cubes": [
					{"origin": [-2, 52.05731, -54.74111], "size": [4, 12, 3], "uv": [0, 0]}
				]
			},
			{
				"name": "part1_loop4",
				"parent": "loop2",
				"pivot": [5, 25.61115, -28.40212]
			},
			{
				"name": "bone287",
				"parent": "part1_loop4",
				"pivot": [4, 9.86115, -0.40212],
				"cubes": [
					{"origin": [-2, 39.655, -2.7771], "size": [4, 12, 3], "uv": [0, 0]}
				]
			},
			{
				"name": "bone288",
				"parent": "part1_loop4",
				"pivot": [5, 19.86115, -6.40212],
				"rotation": [-30, 0, 0],
				"cubes": [
					{"origin": [-2, 28.31564, -13.56161], "size": [4, 12, 3], "uv": [0, 0]}
				]
			},
			{
				"name": "bone289",
				"parent": "part1_loop4",
				"pivot": [5, 32.86115, -6.40212],
				"rotation": [30, 0, 0],
				"cubes": [
					{"origin": [-2, 45.8246, 5.73224], "size": [4, 12, 3], "uv": [0, 0]}
				]
			},
			{
				"name": "part3_loop2",
				"parent": "loop2",
				"pivot": [5, 25.61115, -28.40212],
				"rotation": [-90, 0, 0]
			},
			{
				"name": "bone290",
				"parent": "part3_loop2",
				"pivot": [4, 9.86115, -56.40212],
				"cubes": [
					{"origin": [-2, 25.84386, -70.83827], "size": [4, 12, 3], "uv": [0, 0]}
				]
			},
			{
				"name": "bone291",
				"parent": "part3_loop2",
				"pivot": [5, 19.86115, -50.40212],
				"rotation": [30, 0, 0],
				"cubes": [
					{"origin": [-2, 23.26041, -65.10899], "size": [4, 12, 3], "uv": [0, 0]}
				]
			},
			{
				"name": "bone292",
				"parent": "part3_loop2",
				"pivot": [5, 32.86115, -50.40212],
				"rotation": [-30, 0, 0],
				"cubes": [
					{"origin": [-2, 26.95822, -70.5917], "size": [4, 12, 3], "uv": [0, 0]}
				]
			},
			{
				"name": "part4_loop2",
				"parent": "loop2",
				"pivot": [5, 28.11115, -28.40212],
				"rotation": [90, 0, 0]
			},
			{
				"name": "bone293",
				"parent": "part4_loop2",
				"pivot": [4, 43.86115, -56.40212],
				"cubes": [
					{"origin": [-2, 15.87844, -33.25057], "size": [4, 12, 3], "uv": [0, 0]}
				]
			},
			{
				"name": "bone294",
				"parent": "part4_loop2",
				"pivot": [5, 33.86115, -50.40212],
				"rotation": [-30, 0, 0],
				"cubes": [
					{"origin": [-2, 37.25575, -32.55709], "size": [4, 12, 3], "uv": [0, 0]}
				]
			},
			{
				"name": "bone295",
				"parent": "part4_loop2",
				"pivot": [5, 20.86115, -50.40212],
				"rotation": [30, 0, 0],
				"cubes": [
					{"origin": [-2, -4.02977, -38.0398], "size": [4, 12, 3], "uv": [0, 0]}
				]
			},
			{
				"name": "loop3",
				"parent": "laser2",
				"pivot": [0, 44.86115, -38.90212],
				"rotation": [0, -90, 0]
			},
			{
				"name": "part1_loop5",
				"parent": "loop3",
				"pivot": [5, 25.61115, -44.40212]
			},
			{
				"name": "bone296",
				"parent": "part1_loop5",
				"pivot": [4, 9.86115, -72.40212],
				"cubes": [
					{"origin": [-2, 39.655, -60.56171], "size": [4, 12, 3], "uv": [0, 0]}
				]
			},
			{
				"name": "bone297",
				"parent": "part1_loop5",
				"pivot": [5, 19.86115, -66.40212],
				"rotation": [30, 0, 0],
				"cubes": [
					{"origin": [-2, 22.08293, -51.44725], "size": [4, 12, 3], "uv": [0, 0]}
				]
			},
			{
				"name": "bone298",
				"parent": "part1_loop5",
				"pivot": [5, 32.86115, -66.40212],
				"rotation": [-30, 0, 0],
				"cubes": [
					{"origin": [-2, 52.05731, -70.74111], "size": [4, 12, 3], "uv": [0, 0]}
				]
			},
			{
				"name": "part1_loop6",
				"parent": "loop3",
				"pivot": [5, 25.61115, -44.40212]
			},
			{
				"name": "bone299",
				"parent": "part1_loop6",
				"pivot": [4, 9.86115, -16.40212],
				"cubes": [
					{"origin": [-2, 39.655, -18.7771], "size": [4, 12, 3], "uv": [0, 0]}
				]
			},
			{
				"name": "bone300",
				"parent": "part1_loop6",
				"pivot": [5, 19.86115, -22.40212],
				"rotation": [-30, 0, 0],
				"cubes": [
					{"origin": [-2, 28.31564, -29.56161], "size": [4, 12, 3], "uv": [0, 0]}
				]
			},
			{
				"name": "bone301",
				"parent": "part1_loop6",
				"pivot": [5, 32.86115, -22.40212],
				"rotation": [30, 0, 0],
				"cubes": [
					{"origin": [-2, 45.8246, -10.26776], "size": [4, 12, 3], "uv": [0, 0]}
				]
			},
			{
				"name": "part3_loop3",
				"parent": "loop3",
				"pivot": [5, 25.61115, -44.40212],
				"rotation": [-90, 0, 0]
			},
			{
				"name": "bone302",
				"parent": "part3_loop3",
				"pivot": [4, 9.86115, -72.40212],
				"cubes": [
					{"origin": [-2, 25.84386, -86.83827], "size": [4, 12, 3], "uv": [0, 0]}
				]
			},
			{
				"name": "bone303",
				"parent": "part3_loop3",
				"pivot": [5, 19.86115, -66.40212],
				"rotation": [30, 0, 0],
				"cubes": [
					{"origin": [-2, 23.26041, -81.10899], "size": [4, 12, 3], "uv": [0, 0]}
				]
			},
			{
				"name": "bone304",
				"parent": "part3_loop3",
				"pivot": [5, 32.86115, -66.40212],
				"rotation": [-30, 0, 0],
				"cubes": [
					{"origin": [-2, 26.95822, -86.5917], "size": [4, 12, 3], "uv": [0, 0]}
				]
			},
			{
				"name": "part4_loop3",
				"parent": "loop3",
				"pivot": [5, 28.11115, -44.40212],
				"rotation": [90, 0, 0]
			},
			{
				"name": "bone305",
				"parent": "part4_loop3",
				"pivot": [4, 43.86115, -72.40212],
				"cubes": [
					{"origin": [-2, 15.87844, -49.25057], "size": [4, 12, 3], "uv": [0, 0]}
				]
			},
			{
				"name": "bone306",
				"parent": "part4_loop3",
				"pivot": [5, 33.86115, -66.40212],
				"rotation": [-30, 0, 0],
				"cubes": [
					{"origin": [-2, 37.25575, -48.55709], "size": [4, 12, 3], "uv": [0, 0]}
				]
			},
			{
				"name": "bone307",
				"parent": "part4_loop3",
				"pivot": [5, 20.86115, -66.40212],
				"rotation": [30, 0, 0],
				"cubes": [
					{"origin": [-2, -4.02977, -54.0398], "size": [4, 12, 3], "uv": [0, 0]}
				]
			},
			{
				"name": "loop4",
				"parent": "laser2",
				"pivot": [0, 44.86115, -54.90212],
				"rotation": [0, -90, 0]
			},
			{
				"name": "part1_loop7",
				"parent": "loop4",
				"pivot": [5, 25.61115, -60.40212]
			},
			{
				"name": "bone308",
				"parent": "part1_loop7",
				"pivot": [4, 9.86115, -88.40212],
				"cubes": [
					{"origin": [-2, 39.655, -76.56171], "size": [4, 12, 3], "uv": [0, 0]}
				]
			},
			{
				"name": "bone309",
				"parent": "part1_loop7",
				"pivot": [5, 19.86115, -82.40212],
				"rotation": [30, 0, 0],
				"cubes": [
					{"origin": [-2, 22.08293, -67.44725], "size": [4, 12, 3], "uv": [0, 0]}
				]
			},
			{
				"name": "bone310",
				"parent": "part1_loop7",
				"pivot": [5, 32.86115, -82.40212],
				"rotation": [-30, 0, 0],
				"cubes": [
					{"origin": [-2, 52.05731, -86.74111], "size": [4, 12, 3], "uv": [0, 0]}
				]
			},
			{
				"name": "part1_loop8",
				"parent": "loop4",
				"pivot": [5, 25.61115, -60.40212]
			},
			{
				"name": "bone311",
				"parent": "part1_loop8",
				"pivot": [4, 9.86115, -32.40212],
				"cubes": [
					{"origin": [-2, 39.655, -34.7771], "size": [4, 12, 3], "uv": [0, 0]}
				]
			},
			{
				"name": "bone312",
				"parent": "part1_loop8",
				"pivot": [5, 19.86115, -38.40212],
				"rotation": [-30, 0, 0],
				"cubes": [
					{"origin": [-2, 28.31564, -45.56161], "size": [4, 12, 3], "uv": [0, 0]}
				]
			},
			{
				"name": "bone313",
				"parent": "part1_loop8",
				"pivot": [5, 32.86115, -38.40212],
				"rotation": [30, 0, 0],
				"cubes": [
					{"origin": [-2, 45.8246, -26.26776], "size": [4, 12, 3], "uv": [0, 0]}
				]
			},
			{
				"name": "part3_loop4",
				"parent": "loop4",
				"pivot": [5, 25.61115, -60.40212],
				"rotation": [-90, 0, 0]
			},
			{
				"name": "bone314",
				"parent": "part3_loop4",
				"pivot": [4, 9.86115, -88.40212],
				"cubes": [
					{"origin": [-2, 25.84386, -102.83827], "size": [4, 12, 3], "uv": [0, 0]}
				]
			},
			{
				"name": "bone315",
				"parent": "part3_loop4",
				"pivot": [5, 19.86115, -82.40212],
				"rotation": [30, 0, 0],
				"cubes": [
					{"origin": [-2, 23.26041, -97.10899], "size": [4, 12, 3], "uv": [0, 0]}
				]
			},
			{
				"name": "bone316",
				"parent": "part3_loop4",
				"pivot": [5, 32.86115, -82.40212],
				"rotation": [-30, 0, 0],
				"cubes": [
					{"origin": [-2, 26.95822, -102.5917], "size": [4, 12, 3], "uv": [0, 0]}
				]
			},
			{
				"name": "part4_loop4",
				"parent": "loop4",
				"pivot": [5, 28.11115, -60.40212],
				"rotation": [90, 0, 0]
			},
			{
				"name": "bone317",
				"parent": "part4_loop4",
				"pivot": [4, 43.86115, -88.40212],
				"cubes": [
					{"origin": [-2, 15.87844, -65.25057], "size": [4, 12, 3], "uv": [0, 0]}
				]
			},
			{
				"name": "bone318",
				"parent": "part4_loop4",
				"pivot": [5, 33.86115, -82.40212],
				"rotation": [-30, 0, 0],
				"cubes": [
					{"origin": [-2, 37.25575, -64.55709], "size": [4, 12, 3], "uv": [0, 0]}
				]
			},
			{
				"name": "bone319",
				"parent": "part4_loop4",
				"pivot": [5, 20.86115, -82.40212],
				"rotation": [30, 0, 0],
				"cubes": [
					{"origin": [-2, -4.02977, -70.0398], "size": [4, 12, 3], "uv": [0, 0]}
				]
			},
			{
				"name": "loop5",
				"parent": "laser2",
				"pivot": [0, 44.86115, -71.90212],
				"rotation": [0, -90, 0]
			},
			{
				"name": "part1_loop9",
				"parent": "loop5",
				"pivot": [5, 25.61115, -77.40212]
			},
			{
				"name": "bone320",
				"parent": "part1_loop9",
				"pivot": [4, 9.86115, -105.40212],
				"cubes": [
					{"origin": [-2, 39.655, -93.56171], "size": [4, 12, 3], "uv": [0, 0]}
				]
			},
			{
				"name": "bone321",
				"parent": "part1_loop9",
				"pivot": [5, 19.86115, -99.40212],
				"rotation": [30, 0, 0],
				"cubes": [
					{"origin": [-2, 22.08293, -84.44725], "size": [4, 12, 3], "uv": [0, 0]}
				]
			},
			{
				"name": "bone322",
				"parent": "part1_loop9",
				"pivot": [5, 32.86115, -99.40212],
				"rotation": [-30, 0, 0],
				"cubes": [
					{"origin": [-2, 52.05731, -103.74111], "size": [4, 12, 3], "uv": [0, 0]}
				]
			},
			{
				"name": "part1_loop10",
				"parent": "loop5",
				"pivot": [5, 25.61115, -77.40212]
			},
			{
				"name": "bone323",
				"parent": "part1_loop10",
				"pivot": [4, 9.86115, -49.40212],
				"cubes": [
					{"origin": [-2, 39.655, -51.7771], "size": [4, 12, 3], "uv": [0, 0]}
				]
			},
			{
				"name": "bone324",
				"parent": "part1_loop10",
				"pivot": [5, 19.86115, -55.40212],
				"rotation": [-30, 0, 0],
				"cubes": [
					{"origin": [-2, 28.31564, -62.56161], "size": [4, 12, 3], "uv": [0, 0]}
				]
			},
			{
				"name": "bone325",
				"parent": "part1_loop10",
				"pivot": [5, 32.86115, -55.40212],
				"rotation": [30, 0, 0],
				"cubes": [
					{"origin": [-2, 45.8246, -43.26776], "size": [4, 12, 3], "uv": [0, 0]}
				]
			},
			{
				"name": "part3_loop5",
				"parent": "loop5",
				"pivot": [5, 25.61115, -77.40212],
				"rotation": [-90, 0, 0]
			},
			{
				"name": "bone326",
				"parent": "part3_loop5",
				"pivot": [4, 9.86115, -105.40212],
				"cubes": [
					{"origin": [-2, 25.84386, -119.83827], "size": [4, 12, 3], "uv": [0, 0]}
				]
			},
			{
				"name": "bone327",
				"parent": "part3_loop5",
				"pivot": [5, 19.86115, -99.40212],
				"rotation": [30, 0, 0],
				"cubes": [
					{"origin": [-2, 23.26041, -114.10899], "size": [4, 12, 3], "uv": [0, 0]}
				]
			},
			{
				"name": "bone328",
				"parent": "part3_loop5",
				"pivot": [5, 32.86115, -99.40212],
				"rotation": [-30, 0, 0],
				"cubes": [
					{"origin": [-2, 26.95822, -119.5917], "size": [4, 12, 3], "uv": [0, 0]}
				]
			},
			{
				"name": "part4_loop5",
				"parent": "loop5",
				"pivot": [5, 28.11115, -77.40212],
				"rotation": [90, 0, 0]
			},
			{
				"name": "bone329",
				"parent": "part4_loop5",
				"pivot": [4, 43.86115, -105.40212],
				"cubes": [
					{"origin": [-2, 15.87844, -82.25057], "size": [4, 12, 3], "uv": [0, 0]}
				]
			},
			{
				"name": "bone330",
				"parent": "part4_loop5",
				"pivot": [5, 33.86115, -99.40212],
				"rotation": [-30, 0, 0],
				"cubes": [
					{"origin": [-2, 37.25575, -81.55709], "size": [4, 12, 3], "uv": [0, 0]}
				]
			},
			{
				"name": "bone331",
				"parent": "part4_loop5",
				"pivot": [5, 20.86115, -99.40212],
				"rotation": [30, 0, 0],
				"cubes": [
					{"origin": [-2, -4.02977, -87.0398], "size": [4, 12, 3], "uv": [0, 0]}
				]
			},
			{
				"name": "laser3",
				"parent": "laser",
				"pivot": [6, 47.17204, -84.63204]
			},
			{
				"name": "loop6",
				"parent": "laser3",
				"pivot": [0, 44.86115, -87.90212],
				"rotation": [0, -90, 0]
			},
			{
				"name": "part1_loop11",
				"parent": "loop6",
				"pivot": [5, 25.61115, -93.40212]
			},
			{
				"name": "bone332",
				"parent": "part1_loop11",
				"pivot": [4, 9.86115, -121.40212],
				"cubes": [
					{"origin": [-2, 39.655, -109.56171], "size": [4, 12, 3], "uv": [0, 0]}
				]
			},
			{
				"name": "bone333",
				"parent": "part1_loop11",
				"pivot": [5, 19.86115, -115.40212],
				"rotation": [30, 0, 0],
				"cubes": [
					{"origin": [-2, 22.08293, -100.44725], "size": [4, 12, 3], "uv": [0, 0]}
				]
			},
			{
				"name": "bone334",
				"parent": "part1_loop11",
				"pivot": [5, 32.86115, -115.40212],
				"rotation": [-30, 0, 0],
				"cubes": [
					{"origin": [-2, 52.05731, -119.74111], "size": [4, 12, 3], "uv": [0, 0]}
				]
			},
			{
				"name": "part1_loop12",
				"parent": "loop6",
				"pivot": [5, 25.61115, -93.40212]
			},
			{
				"name": "bone335",
				"parent": "part1_loop12",
				"pivot": [4, 9.86115, -65.40212],
				"cubes": [
					{"origin": [-2, 39.655, -67.7771], "size": [4, 12, 3], "uv": [0, 0]}
				]
			},
			{
				"name": "bone336",
				"parent": "part1_loop12",
				"pivot": [5, 19.86115, -71.40212],
				"rotation": [-30, 0, 0],
				"cubes": [
					{"origin": [-2, 28.31564, -78.56161], "size": [4, 12, 3], "uv": [0, 0]}
				]
			},
			{
				"name": "bone337",
				"parent": "part1_loop12",
				"pivot": [5, 32.86115, -71.40212],
				"rotation": [30, 0, 0],
				"cubes": [
					{"origin": [-2, 45.8246, -59.26776], "size": [4, 12, 3], "uv": [0, 0]}
				]
			},
			{
				"name": "part3_loop6",
				"parent": "loop6",
				"pivot": [5, 25.61115, -93.40212],
				"rotation": [-90, 0, 0]
			},
			{
				"name": "bone338",
				"parent": "part3_loop6",
				"pivot": [4, 9.86115, -121.40212],
				"cubes": [
					{"origin": [-2, 25.84386, -135.83827], "size": [4, 12, 3], "uv": [0, 0]}
				]
			},
			{
				"name": "bone339",
				"parent": "part3_loop6",
				"pivot": [5, 19.86115, -115.40212],
				"rotation": [30, 0, 0],
				"cubes": [
					{"origin": [-2, 23.26041, -130.10899], "size": [4, 12, 3], "uv": [0, 0]}
				]
			},
			{
				"name": "bone340",
				"parent": "part3_loop6",
				"pivot": [5, 32.86115, -115.40212],
				"rotation": [-30, 0, 0],
				"cubes": [
					{"origin": [-2, 26.95822, -135.5917], "size": [4, 12, 3], "uv": [0, 0]}
				]
			},
			{
				"name": "part4_loop6",
				"parent": "loop6",
				"pivot": [5, 28.11115, -93.40212],
				"rotation": [90, 0, 0]
			},
			{
				"name": "bone341",
				"parent": "part4_loop6",
				"pivot": [4, 43.86115, -121.40212],
				"cubes": [
					{"origin": [-2, 15.87844, -98.25057], "size": [4, 12, 3], "uv": [0, 0]}
				]
			},
			{
				"name": "bone342",
				"parent": "part4_loop6",
				"pivot": [5, 33.86115, -115.40212],
				"rotation": [-30, 0, 0],
				"cubes": [
					{"origin": [-2, 37.25575, -97.55709], "size": [4, 12, 3], "uv": [0, 0]}
				]
			},
			{
				"name": "bone343",
				"parent": "part4_loop6",
				"pivot": [5, 20.86115, -115.40212],
				"rotation": [30, 0, 0],
				"cubes": [
					{"origin": [-2, -4.02977, -103.0398], "size": [4, 12, 3], "uv": [0, 0]}
				]
			},
			{
				"name": "loop7",
				"parent": "laser3",
				"pivot": [0, 44.86115, -101.90212],
				"rotation": [0, -90, 0]
			},
			{
				"name": "part1_loop13",
				"parent": "loop7",
				"pivot": [5, 25.61115, -107.40212]
			},
			{
				"name": "bone344",
				"parent": "part1_loop13",
				"pivot": [4, 9.86115, -135.40212],
				"cubes": [
					{"origin": [-2, 39.655, -123.56171], "size": [4, 12, 3], "uv": [0, 0]}
				]
			},
			{
				"name": "bone345",
				"parent": "part1_loop13",
				"pivot": [5, 19.86115, -129.40212],
				"rotation": [30, 0, 0],
				"cubes": [
					{"origin": [-2, 22.08293, -114.44725], "size": [4, 12, 3], "uv": [0, 0]}
				]
			},
			{
				"name": "bone346",
				"parent": "part1_loop13",
				"pivot": [5, 32.86115, -129.40212],
				"rotation": [-30, 0, 0],
				"cubes": [
					{"origin": [-2, 52.05731, -133.74111], "size": [4, 12, 3], "uv": [0, 0]}
				]
			},
			{
				"name": "part1_loop14",
				"parent": "loop7",
				"pivot": [5, 25.61115, -107.40212]
			},
			{
				"name": "bone347",
				"parent": "part1_loop14",
				"pivot": [4, 9.86115, -79.40212],
				"cubes": [
					{"origin": [-2, 39.655, -81.7771], "size": [4, 12, 3], "uv": [0, 0]}
				]
			},
			{
				"name": "bone348",
				"parent": "part1_loop14",
				"pivot": [5, 19.86115, -85.40212],
				"rotation": [-30, 0, 0],
				"cubes": [
					{"origin": [-2, 28.31564, -92.56161], "size": [4, 12, 3], "uv": [0, 0]}
				]
			},
			{
				"name": "bone349",
				"parent": "part1_loop14",
				"pivot": [5, 32.86115, -85.40212],
				"rotation": [30, 0, 0],
				"cubes": [
					{"origin": [-2, 45.8246, -73.26776], "size": [4, 12, 3], "uv": [0, 0]}
				]
			},
			{
				"name": "part3_loop7",
				"parent": "loop7",
				"pivot": [5, 25.61115, -107.40212],
				"rotation": [-90, 0, 0]
			},
			{
				"name": "bone350",
				"parent": "part3_loop7",
				"pivot": [4, 9.86115, -135.40212],
				"cubes": [
					{"origin": [-2, 25.84386, -149.83827], "size": [4, 12, 3], "uv": [0, 0]}
				]
			},
			{
				"name": "bone351",
				"parent": "part3_loop7",
				"pivot": [5, 19.86115, -129.40212],
				"rotation": [30, 0, 0],
				"cubes": [
					{"origin": [-2, 23.26041, -144.10899], "size": [4, 12, 3], "uv": [0, 0]}
				]
			},
			{
				"name": "bone352",
				"parent": "part3_loop7",
				"pivot": [5, 32.86115, -129.40212],
				"rotation": [-30, 0, 0],
				"cubes": [
					{"origin": [-2, 26.95822, -149.5917], "size": [4, 12, 3], "uv": [0, 0]}
				]
			},
			{
				"name": "part4_loop7",
				"parent": "loop7",
				"pivot": [5, 28.11115, -107.40212],
				"rotation": [90, 0, 0]
			},
			{
				"name": "bone353",
				"parent": "part4_loop7",
				"pivot": [4, 43.86115, -135.40212],
				"cubes": [
					{"origin": [-2, 15.87844, -112.25057], "size": [4, 12, 3], "uv": [0, 0]}
				]
			},
			{
				"name": "bone354",
				"parent": "part4_loop7",
				"pivot": [5, 33.86115, -129.40212],
				"rotation": [-30, 0, 0],
				"cubes": [
					{"origin": [-2, 37.25575, -111.55709], "size": [4, 12, 3], "uv": [0, 0]}
				]
			},
			{
				"name": "bone355",
				"parent": "part4_loop7",
				"pivot": [5, 20.86115, -129.40212],
				"rotation": [30, 0, 0],
				"cubes": [
					{"origin": [-2, -4.02977, -117.0398], "size": [4, 12, 3], "uv": [0, 0]}
				]
			},
			{
				"name": "loop8",
				"parent": "laser3",
				"pivot": [0, 44.86115, -117.90212],
				"rotation": [0, -90, 0]
			},
			{
				"name": "part1_loop15",
				"parent": "loop8",
				"pivot": [5, 25.61115, -123.40212]
			},
			{
				"name": "bone356",
				"parent": "part1_loop15",
				"pivot": [4, 9.86115, -151.40212],
				"cubes": [
					{"origin": [-2, 39.655, -139.56171], "size": [4, 12, 3], "uv": [0, 0]}
				]
			},
			{
				"name": "bone357",
				"parent": "part1_loop15",
				"pivot": [5, 19.86115, -145.40212],
				"rotation": [30, 0, 0],
				"cubes": [
					{"origin": [-2, 22.08293, -130.44725], "size": [4, 12, 3], "uv": [0, 0]}
				]
			},
			{
				"name": "bone358",
				"parent": "part1_loop15",
				"pivot": [5, 32.86115, -145.40212],
				"rotation": [-30, 0, 0],
				"cubes": [
					{"origin": [-2, 52.05731, -149.74111], "size": [4, 12, 3], "uv": [0, 0]}
				]
			},
			{
				"name": "part1_loop16",
				"parent": "loop8",
				"pivot": [5, 25.61115, -123.40212]
			},
			{
				"name": "bone359",
				"parent": "part1_loop16",
				"pivot": [4, 9.86115, -95.40212],
				"cubes": [
					{"origin": [-2, 39.655, -97.7771], "size": [4, 12, 3], "uv": [0, 0]}
				]
			},
			{
				"name": "bone360",
				"parent": "part1_loop16",
				"pivot": [5, 19.86115, -101.40212],
				"rotation": [-30, 0, 0],
				"cubes": [
					{"origin": [-2, 28.31564, -108.56161], "size": [4, 12, 3], "uv": [0, 0]}
				]
			},
			{
				"name": "bone361",
				"parent": "part1_loop16",
				"pivot": [5, 32.86115, -101.40212],
				"rotation": [30, 0, 0],
				"cubes": [
					{"origin": [-2, 45.8246, -89.26776], "size": [4, 12, 3], "uv": [0, 0]}
				]
			},
			{
				"name": "part3_loop8",
				"parent": "loop8",
				"pivot": [5, 25.61115, -123.40212],
				"rotation": [-90, 0, 0]
			},
			{
				"name": "bone362",
				"parent": "part3_loop8",
				"pivot": [4, 9.86115, -151.40212],
				"cubes": [
					{"origin": [-2, 25.84386, -165.83827], "size": [4, 12, 3], "uv": [0, 0]}
				]
			},
			{
				"name": "bone363",
				"parent": "part3_loop8",
				"pivot": [5, 19.86115, -145.40212],
				"rotation": [30, 0, 0],
				"cubes": [
					{"origin": [-2, 23.26041, -160.10899], "size": [4, 12, 3], "uv": [0, 0]}
				]
			},
			{
				"name": "bone364",
				"parent": "part3_loop8",
				"pivot": [5, 32.86115, -145.40212],
				"rotation": [-30, 0, 0],
				"cubes": [
					{"origin": [-2, 26.95822, -165.5917], "size": [4, 12, 3], "uv": [0, 0]}
				]
			},
			{
				"name": "part4_loop8",
				"parent": "loop8",
				"pivot": [5, 28.11115, -123.40212],
				"rotation": [90, 0, 0]
			},
			{
				"name": "bone365",
				"parent": "part4_loop8",
				"pivot": [4, 43.86115, -151.40212],
				"cubes": [
					{"origin": [-2, 15.87844, -128.25057], "size": [4, 12, 3], "uv": [0, 0]}
				]
			},
			{
				"name": "bone366",
				"parent": "part4_loop8",
				"pivot": [5, 33.86115, -145.40212],
				"rotation": [-30, 0, 0],
				"cubes": [
					{"origin": [-2, 37.25575, -127.55709], "size": [4, 12, 3], "uv": [0, 0]}
				]
			},
			{
				"name": "bone367",
				"parent": "part4_loop8",
				"pivot": [5, 20.86115, -145.40212],
				"rotation": [30, 0, 0],
				"cubes": [
					{"origin": [-2, -4.02977, -133.0398], "size": [4, 12, 3], "uv": [0, 0]}
				]
			},
			{
				"name": "loop9",
				"parent": "laser3",
				"pivot": [0, 44.86115, -133.90212],
				"rotation": [0, -90, 0]
			},
			{
				"name": "part1_loop17",
				"parent": "loop9",
				"pivot": [5, 25.61115, -139.40212]
			},
			{
				"name": "bone368",
				"parent": "part1_loop17",
				"pivot": [4, 9.86115, -167.40212],
				"cubes": [
					{"origin": [-2, 39.655, -155.56171], "size": [4, 12, 3], "uv": [0, 0]}
				]
			},
			{
				"name": "bone369",
				"parent": "part1_loop17",
				"pivot": [5, 19.86115, -161.40212],
				"rotation": [30, 0, 0],
				"cubes": [
					{"origin": [-2, 22.08293, -146.44725], "size": [4, 12, 3], "uv": [0, 0]}
				]
			},
			{
				"name": "bone370",
				"parent": "part1_loop17",
				"pivot": [5, 32.86115, -161.40212],
				"rotation": [-30, 0, 0],
				"cubes": [
					{"origin": [-2, 52.05731, -165.74111], "size": [4, 12, 3], "uv": [0, 0]}
				]
			},
			{
				"name": "part1_loop18",
				"parent": "loop9",
				"pivot": [5, 25.61115, -139.40212]
			},
			{
				"name": "bone371",
				"parent": "part1_loop18",
				"pivot": [4, 9.86115, -111.40212],
				"cubes": [
					{"origin": [-2, 39.655, -113.7771], "size": [4, 12, 3], "uv": [0, 0]}
				]
			},
			{
				"name": "bone372",
				"parent": "part1_loop18",
				"pivot": [5, 19.86115, -117.40212],
				"rotation": [-30, 0, 0],
				"cubes": [
					{"origin": [-2, 28.31564, -124.56161], "size": [4, 12, 3], "uv": [0, 0]}
				]
			},
			{
				"name": "bone373",
				"parent": "part1_loop18",
				"pivot": [5, 32.86115, -117.40212],
				"rotation": [30, 0, 0],
				"cubes": [
					{"origin": [-2, 45.8246, -105.26776], "size": [4, 12, 3], "uv": [0, 0]}
				]
			},
			{
				"name": "part3_loop9",
				"parent": "loop9",
				"pivot": [5, 25.61115, -139.40212],
				"rotation": [-90, 0, 0]
			},
			{
				"name": "bone374",
				"parent": "part3_loop9",
				"pivot": [4, 9.86115, -167.40212],
				"cubes": [
					{"origin": [-2, 25.84386, -181.83827], "size": [4, 12, 3], "uv": [0, 0]}
				]
			},
			{
				"name": "bone375",
				"parent": "part3_loop9",
				"pivot": [5, 19.86115, -161.40212],
				"rotation": [30, 0, 0],
				"cubes": [
					{"origin": [-2, 23.26041, -176.10899], "size": [4, 12, 3], "uv": [0, 0]}
				]
			},
			{
				"name": "bone376",
				"parent": "part3_loop9",
				"pivot": [5, 32.86115, -161.40212],
				"rotation": [-30, 0, 0],
				"cubes": [
					{"origin": [-2, 26.95822, -181.5917], "size": [4, 12, 3], "uv": [0, 0]}
				]
			},
			{
				"name": "part4_loop9",
				"parent": "loop9",
				"pivot": [5, 28.11115, -139.40212],
				"rotation": [90, 0, 0]
			},
			{
				"name": "bone377",
				"parent": "part4_loop9",
				"pivot": [4, 43.86115, -167.40212],
				"cubes": [
					{"origin": [-2, 15.87844, -144.25057], "size": [4, 12, 3], "uv": [0, 0]}
				]
			},
			{
				"name": "bone378",
				"parent": "part4_loop9",
				"pivot": [5, 33.86115, -161.40212],
				"rotation": [-30, 0, 0],
				"cubes": [
					{"origin": [-2, 37.25575, -143.55709], "size": [4, 12, 3], "uv": [0, 0]}
				]
			},
			{
				"name": "bone379",
				"parent": "part4_loop9",
				"pivot": [5, 20.86115, -161.40212],
				"rotation": [30, 0, 0],
				"cubes": [
					{"origin": [-2, -4.02977, -149.0398], "size": [4, 12, 3], "uv": [0, 0]}
				]
			},
			{
				"name": "loop10",
				"parent": "laser3",
				"pivot": [0, 44.86115, -150.90212],
				"rotation": [0, -90, 0]
			},
			{
				"name": "part1_loop19",
				"parent": "loop10",
				"pivot": [5, 25.61115, -156.40212]
			},
			{
				"name": "bone380",
				"parent": "part1_loop19",
				"pivot": [4, 9.86115, -184.40212],
				"cubes": [
					{"origin": [-2, 39.655, -172.56171], "size": [4, 12, 3], "uv": [0, 0]}
				]
			},
			{
				"name": "bone381",
				"parent": "part1_loop19",
				"pivot": [5, 19.86115, -178.40212],
				"rotation": [30, 0, 0],
				"cubes": [
					{"origin": [-2, 22.08293, -163.44725], "size": [4, 12, 3], "uv": [0, 0]}
				]
			},
			{
				"name": "bone382",
				"parent": "part1_loop19",
				"pivot": [5, 32.86115, -178.40212],
				"rotation": [-30, 0, 0],
				"cubes": [
					{"origin": [-2, 52.05731, -182.74111], "size": [4, 12, 3], "uv": [0, 0]}
				]
			},
			{
				"name": "part1_loop20",
				"parent": "loop10",
				"pivot": [5, 25.61115, -156.40212]
			},
			{
				"name": "bone383",
				"parent": "part1_loop20",
				"pivot": [4, 9.86115, -128.40212],
				"cubes": [
					{"origin": [-2, 39.655, -130.7771], "size": [4, 12, 3], "uv": [0, 0]}
				]
			},
			{
				"name": "bone384",
				"parent": "part1_loop20",
				"pivot": [5, 19.86115, -134.40212],
				"rotation": [-30, 0, 0],
				"cubes": [
					{"origin": [-2, 28.31564, -141.56161], "size": [4, 12, 3], "uv": [0, 0]}
				]
			},
			{
				"name": "bone385",
				"parent": "part1_loop20",
				"pivot": [5, 32.86115, -134.40212],
				"rotation": [30, 0, 0],
				"cubes": [
					{"origin": [-2, 45.8246, -122.26776], "size": [4, 12, 3], "uv": [0, 0]}
				]
			},
			{
				"name": "part3_loop10",
				"parent": "loop10",
				"pivot": [5, 25.61115, -156.40212],
				"rotation": [-90, 0, 0]
			},
			{
				"name": "bone386",
				"parent": "part3_loop10",
				"pivot": [4, 9.86115, -184.40212],
				"cubes": [
					{"origin": [-2, 25.84386, -198.83827], "size": [4, 12, 3], "uv": [0, 0]}
				]
			},
			{
				"name": "bone387",
				"parent": "part3_loop10",
				"pivot": [5, 19.86115, -178.40212],
				"rotation": [30, 0, 0],
				"cubes": [
					{"origin": [-2, 23.26041, -193.10899], "size": [4, 12, 3], "uv": [0, 0]}
				]
			},
			{
				"name": "bone388",
				"parent": "part3_loop10",
				"pivot": [5, 32.86115, -178.40212],
				"rotation": [-30, 0, 0],
				"cubes": [
					{"origin": [-2, 26.95822, -198.5917], "size": [4, 12, 3], "uv": [0, 0]}
				]
			},
			{
				"name": "part4_loop10",
				"parent": "loop10",
				"pivot": [5, 28.11115, -156.40212],
				"rotation": [90, 0, 0]
			},
			{
				"name": "bone389",
				"parent": "part4_loop10",
				"pivot": [4, 43.86115, -184.40212],
				"cubes": [
					{"origin": [-2, 15.87844, -161.25057], "size": [4, 12, 3], "uv": [0, 0]}
				]
			},
			{
				"name": "bone390",
				"parent": "part4_loop10",
				"pivot": [5, 33.86115, -178.40212],
				"rotation": [-30, 0, 0],
				"cubes": [
					{"origin": [-2, 37.25575, -160.55709], "size": [4, 12, 3], "uv": [0, 0]}
				]
			},
			{
				"name": "bone391",
				"parent": "part4_loop10",
				"pivot": [5, 20.86115, -178.40212],
				"rotation": [30, 0, 0],
				"cubes": [
					{"origin": [-2, -4.02977, -166.0398], "size": [4, 12, 3], "uv": [0, 0]}
				]
			}
		]
	}
}