{
  "format_version": "1.10.0",
  "minecraft:client_entity": {
    "description": {
      "identifier": "wb:headless_guard",
      "materials": {
        "default": "skeleton"
      },
      "textures": {
        "default": "textures/wb/3_x/headless_guard"
      },
      "geometry": {
        "default": "geometry.headless_guard"
      },
      "animations": {
        "move": "animation.headless_guard.move",
        "attack": "animation.headless_guard.attack",
        "summon": "animation.headless_guard.summon",
        "roaring": "animation.headless_guard.roaring",
        "charged": "animation.headless_guard.charged",
        "basex": "animation.headless_guard.basex",
        "attack_ac": "controller.animation.wait.attackx",
        "summon_ac": "controller.animation.wait.summon",
        "roaring_ac": "controller.animation.wait.roaring",
        "charged_ac": "controller.animation.wait.charged"
      },
      "scripts": {
        "animate": [{
            "move": "query.modified_move_speed"
          },
          "attack_ac",
          "summon_ac",
          "roaring_ac",
          "charged_ac"
        ]
      },
      "render_controllers": [
        "controller.render.base"
      ],
      "spawn_egg": {
        "texture": "headless_guard",
        "texture_index": 0
      }
    }
  }
}