{
  "format_version": "1.8.0", 
  "animations": {
      "animation.warden_sword": {
        "timeline": {
            "0.5": [
                "/execute at @s[scores={wbfl=20..}] run playsound mob.warden.roar @a ~~~",
                "/effect @s[scores={wbfl=20..}] blindness 10 0 true",
                "/effect @s[scores={wbfl=20..}] darkness 30 0 true"
            ],
            "1.5": [
                "/execute at @s[scores={wbfl=20..}] run playsound mob.warden.roar @a ~~~",
                "/effect @s[scores={wbfl=20..}] strength 8 0 true",
                "/effect @s[scores={wbfl=20..}] speed 8 1 true",
                "/effect @s[scores={wbfl=20..}] resistance 8 1 true",
                "/scoreboard players remove @s[scores={wbfl=20..}] wbfl 20"
            ]
        }, 
        "animation_length": 2, 
        "loop": true
      }
   }
}