{
  "format_version": "1.8.0",
  "minecraft:client_entity": {
    "description": {
      "identifier": "wb:magic_puppet",
      "materials": { 
      	"default": "skeleton",
      	"charged": "wbarmor"
      },
      "textures": {
        "default": "textures/wb/3_x/magic_puppet",
        "charged": "textures/wb/3_x/magic_wbarmor"
      },
      "geometry": {
        "default": "geometry.irongolem",
        "charged": "geometry.wbarmor"
      },
      "scripts": {
        "pre_animation": [
            "variable.offer_flower_tick=0;",
            "variable.attack_animation_tick=variable.attack_time;"
        ]
      },
      "animations": {
        "walk": "animation.iron_golem.walk",
        "move": "animation.iron_golem.move",
        "attack": "animation.iron_golem.attack",
        "flower": "animation.iron_golem.flower",
        "look_at_target": "animation.common.look_at_target"
      },
      "animation_controllers": [
        { "move": "controller.animation.iron_golem.move" },
        { "arm": "controller.animation.iron_golem.arm_movement"}
      ],
      "render_controllers": [ "controller.render.base","controller.render.wbarmor" ],
      "spawn_egg": {
        "texture": "magic_puppet",
        "texture_index": 0
      }
    }
  }
}