{
  "format_version": "1.13.0",
  "minecraft:entity": {
    "description": {
      "identifier": "dec:elf_of_chaos",
      "is_spawnable": true,
      "is_summonable": true,
      "is_experimental": false
    },

    "component_groups": {
      "minecraft:ranged_mode": {
        "minecraft:timer": {
          "looping": false,
          "time": 5,
          "time_down_event": {
            "event": "minecraft:change_attack"
          }
        },
        "minecraft:shooter": {
          "type": "ashEnergy",
          "def": "dec:ash_energy"
        },
        "minecraft:behavior.ranged_attack": {
          "priority": 4,
          "burst_shots": 8,
          "burst_interval": 0.1,
          "charge_charged_trigger": 0.0,
          "charge_shoot_trigger": 4.0,
          "attack_interval_min": 1.0,
          "attack_interval_max": 1.0,
          "attack_radius": 64.0
        }
      },

      "minecraft:attack_mode": {
          "minecraft:behavior.melee_attack": {
            "priority": 4,
            "target_dist": 1.2,
            "speed_multiplier": 1,
            "track_target": true
          },
          "minecraft:attack": {
            "damage": 9
          },
          "minecraft:timer": {
            "looping": false,
            "time": 15,
            "time_down_event": {
              "event": "minecraft:change_attack"
          }
        }
      }
    },
    
    "components": {
      "minecraft:damage_sensor": {
        "triggers": [
          {
          "cause": "fall",
          "deals_damage": false
          },
          {
            "on_damage": {
              "filters": {
                "test": "is_family",
                "subject": "other",
                "value": "ash"
              }
            },
            "deals_damage": false
          }
        ]
      },
      "minecraft:knockback_resistance": {
        "value": 1
      },
      "minecraft:fire_immune": true,
      "minecraft:experience_reward": {
        "on_death": "query.last_hit_by_player ? 10 : 0"
      },
      "minecraft:type_family": {
        "family": [ "elf_of_chaos", "monster", "undead", "ash" ]
      },
      "minecraft:nameable": {
      },
      "minecraft:health": {
        "value": 100,
        "max": 100
      },
      "minecraft:physics": {
      },
      "minecraft:breathable": {
        "totalSupply": 15,
        "suffocateTime": 0,
        "breathesAir": true,
        "breathesWater": false
      },
      "minecraft:collision_box": {
        "width": 0.6,
        "height": 2.0
      },
      "minecraft:movement": {
        "value": 0.25
      },
      "minecraft:follow_range": {
        "value": 256,
        "max": 256
      },
      "minecraft:navigation.walk": {
        "can_path_over_water": true
      },
      "minecraft:movement.basic": {
      },
      "minecraft:jump.static": {
      },
      "minecraft:pushable": {
        "is_pushable": true,
        "is_pushable_by_piston": true
      },
      "minecraft:behavior.float": {
        "priority": 0
      },
      "minecraft:behavior.hurt_by_target": {
        "priority": 1
      },
      "minecraft:behavior.nearest_attackable_target": {
        "priority": 2,
        "within_radius": 16.0,
        "reselect_targets": true,
        "entity_types": [
          {
            "filters": {
              "any_of": [
                { "test": "is_family", "subject": "other", "value": "player" },
                { "test": "is_family", "subject": "other", "value": "irongolem" },
                { "test": "is_family", "subject": "other", "value": "wandering_trader" },
                { "test": "is_family", "subject": "other", "value": "villager" }
              ]
            },
            "max_dist": 16
          }
        ],
        "must_see": true
      },
      "minecraft:behavior.random_stroll": {
        "priority": 7,
        "speed_multiplier": 1
      },
      "minecraft:behavior.look_at_player": {
        "priority": 8,
        "look_distance": 8
      },
      "minecraft:behavior.random_look_around": {
        "priority": 8
      }
    },
    
    "events": {
      "minecraft:entity_spawned": {
        "sequence": [
        {
              "randomize": [
                {
                  "weight": 1,
                  "sequence": [
                    {
                      "randomize": [
                        {
                          "weight": 2,
                          "add": { "component_groups": [ "minecraft:ranged_mode" ] }
                        },
                        {
                          "weight": 1,
                          "add": { "component_groups": [ "minecraft:attack_mode" ] }
                        }
                      ]
                    }
                  ]
                }
              ]
            }
          ]
        },
        "minecraft:change_attack": {
          "sequence": [
          {
             "randomize": [
              {
                "weight": 1,
                "sequence": [
                   {
                    "randomize": [
                      {
                        "weight": 5,
                        "remove": { "component_groups": [ "minecraft:ranged_mode", "minecraft:attack_mode"] },
                        "add": { "component_groups": [ "minecraft:ranged_mode" ] }
                      },
                      {
                        "weight": 3,
                        "remove": { "component_groups": [ "minecraft:ranged_mode", "minecraft:attack_mode"] },
                        "add": { "component_groups": [ "minecraft:attack_mode" ] }
                      }
                    ]
                  }
                ]
              }
            ]
          }
        ]
      }
    }
  }
}