{
  "format_version": "1.13.0",
  "minecraft:entity": {
    "description": {
      "identifier": "dec:evil_snow_man",
      "is_spawnable": true,
      "is_summonable": true,
      "is_experimental": false
    },

    "component_groups": {
      "minecraft:tamed": {
        "minecraft:transformation": {
          "into": "minecraft:snow_golem"
        }
      }      
    },

    "components": {
      "minecraft:type_family": {
        "family": [ "evil_snow_man","monster", "mob", "snow_man", "frozen" ]
      },
      "minecraft:breathable": {
        "total_supply": 15,
        "suffocate_time": 0
      },
      "minecraft:nameable": {
      },
      "minecraft:collision_box": {
        "width": 0.4,
        "height": 1.8
      },
      "minecraft:loot": {
        "table": "loot_tables/entities/evil_snow_man.json"
      },
      "minecraft:health": {
        "value": 10,
        "max": 10
      },
      "minecraft:movement": {
        "value": 0.2
      },
      "minecraft:navigation.walk": {
        "avoid_water": true
      },
      "minecraft:movement.basic": {
      },
      "minecraft:jump.static": {
      },
      "minecraft:can_climb": {
      },
      "minecraft:attack": {
        "damage": 2
      },
      "minecraft:damage_sensor": {
        "triggers": {
          "cause": "fall",
          "deals_damage": false
        }
      },
      "minecraft:hurt_on_condition": {
        "damage_conditions": [
          {
            "filters": { "test": "in_lava", "subject": "self", "operator": "==", "value": true },
            "cause": "lava",
            "damage_per_tick": 4
          },
          {
            "filters": { "test": "is_temperature_value", "operator": ">", "value": 1.0 },
            "cause": "temperature",
            "damage_per_tick": 1
          },
          {
            "filters": { "test": "in_water_or_rain", "operator": "==", "value": true },
            "cause": "drowning",
            "damage_per_tick": 1
          }
        ]
      },
      "minecraft:interact": {
        "interactions": [
          {
            "cooldown": 2.5,
            "use_item": false,
            "hurt_item": 1,
            "play_sounds": "dig.snow",
            "interact_text": "action.interact.tame",
            "on_interact": {
              "filters": {
                "all_of": [
                  { "test": "has_equipment", "subject": "other", "domain": "hand", "value": "carved_pumpkin"},
                  { "test": "is_family", "subject": "other", "value": "player"}
                ]
              },
              "event": "minecraft:tame",
              "target": "self"
            }
          }
        ]
      },
      "minecraft:leashable": {
        "soft_distance": 4.0,
        "hard_distance": 6.0,
        "max_distance": 10.0
      },
      "minecraft:balloonable": {
      },
      "minecraft:behavior.ranged_attack": {
        "priority": 1,
        "speed_multiplier": 1.25,
        "attack_interval": 1,
        "attack_radius": 16
      },
      "minecraft:shooter": {
        "def": "minecraft:snowball"
      },
      "minecraft:trail": {
        "block_type": "minecraft:snow_layer",
        "spawn_filter": { "test": "is_temperature_value", "operator": "<", "value": 0.81 }
      },
      "minecraft:behavior.random_stroll": {
        "priority": 2,
        "speed_multiplier": 1
      },
      "minecraft:behavior.look_at_player": {
        "priority": 3,
        "look_distance": 6.0
      },
      "minecraft:behavior.random_look_around": {
        "priority": 4
      },
      "minecraft:behavior.nearest_attackable_target": {
        "priority": 1,
        "entity_types": [
          {
            "filters": {
              "any_of": [
                {
                  "test": "is_family",
                  "subject": "other",
                  "value": "player"
                },
                {
                  "test": "is_family",
                  "subject": "other",
                  "value": "villager"
                },
                {
                  "test": "is_family",
                  "subject": "other",
                  "value": "wandering_trader"
                }
              ]
            },
            "within_default": 16
          }
        ],
        "must_see": true
      },
      "minecraft:persistent": {
      },
      "minecraft:physics": {
      },
      "minecraft:pushable": {
        "is_pushable": true,
        "is_pushable_by_piston": true
      }
    },

    "events": {
      "minecraft:tame": {
        "remove": {
        },
        "add": {
          "component_groups": [
            "minecraft:tamed"
          ]
        }
      }
    }
  }
}