{
  "format_version": "1.12.0",
 "minecraft:entity": {
  "description": {
    "identifier": "dec:frozen_ball",
    "runtime_identifier": "minecraft:egg",
    "is_spawnable": false,
    "is_summonable": true,
    "is_experimental": false
  },

  "component_groups": {
  },

  "components": {
   "minecraft:collision_box": {
    "width": 0.31,
    "height": 0.31
   },
   "minecraft:explode": {
    "fuseLength": 4,
    "fuseLit": true,
    "power": 0,
    "causesFire": false,
    "destroy_affected_by_griefing": false
    },
   "minecraft:projectile": {
    "onHit": {
      "impact_damage": {
        "damage": 5,
        "knockback": false,
        "catchFire": false,
        "semirandomdiffdamage": false
      },
      "particle_on_hit": {
        "particle_type": "snowballpoof",
        "num_particles": 6,
        "on_entity_hit": true,
        "on_other_hit": true
      },
      "remove_on_hit": { }
    },
    "power": 1.9,
    "gravity": 0.00,
    "inertia": 1,
    "liquid_inertia": 1,
    "anchor": 1,
    "offset": [ 0, 0.5, 0 ],
    "semirandomdiffdamage": true,
    "uncertaintyBase": 3.0,
    "uncertaintyMultiplier": 2,
    "reflectOnHurt": false,
    "shoot_target": false
   },
   "minecraft:pushable": {
    "is_pushable": false,
    "is_pushable_by_piston": true
   }
  },
  "events": {
  }
 }
}
