{
  "format_version": "1.13.0",
  "minecraft:entity": {
    "description": {
      "identifier": "dec:frozen_shadow",
      "is_spawnable": true,
      "is_summonable": true,
      "is_experimental": false
    },
    "components": {
      "minecraft:damage_sensor": {
        "triggers": [
          {
            "cause": "fall",
            "deals_damage": false
          },
          {
            "on_damage": {
              "filters": {
                "test": "is_family",
                "subject": "other",
                "value": "frozen"
              }
            },
            "deals_damage": false
          }
        ]
      },
      "minecraft:type_family": {
        "family": [
          "undead",
          "monster",
          "ghast",
          "mob",
          "frozen"
        ]
      },
      "minecraft:experience_reward": {
        "on_death": "query.last_hit_by_player ? 10 : 0"
      },
      "minecraft:breathable": {
        "totalSupply": 15,
        "suffocateTime": 0
      },
      "minecraft:health": {
        "value": 10,
        "max": 10
      },
      "minecraft:physics": {
        "has_gravity": false,
        "has_collision": true
      },
      "minecraft:can_fly": {},
      "minecraft:behavior.float_wander": {
        "xz_dist": 10,
        "y_dist": 7,
        "y_offset": -2.0,
        "random_reselect": true,
        "float_duration": [
          0.1,
          0.35
        ]
      },
      "minecraft:shooter": {
        "def": "dec:frozen_ball_inaccurated"
      },
      "minecraft:behavior.ranged_attack": {
        "priority": 4,
        "burst_shots": 10,
        "burst_interval": 0.01,
        "charge_charged_trigger": 0.0,
        "charge_shoot_trigger": 4.0,
        "attack_interval_min": 3.0,
        "attack_interval_max": 3.0,
        "attack_radius": 64.0
      },
      "minecraft:behavior.flee_sun": {
        "priority": 0,
        "speed_multiplier": 1
      },
      "minecraft:knockback_resistance": {
        "value": 1
      },
      "minecraft:movement": {
        "value": 0.005
      },
      "minecraft:collision_box": {
        "width": 0.6,
        "height": 1.8
      },
      "minecraft:navigation.walk": {
        "can_float": true
      },
      "minecraft:movement.basic": {},
      "minecraft:jump.static": {},
      "minecraft:can_climb": {},
      "minecraft:behavior.float": {
        "priority": 0
      },
      "minecraft:behavior.hurt_by_target": {
        "priority": 1,
        "entity_types": {
          "filters": {
            "test": "is_family",
            "subject": "other",
            "operator": "!=",
            "value": "frozen"
          },
          "max_dist": 64
        }
      },
      "minecraft:follow_range": {
        "value": 64,
        "max": 64
      },
      "minecraft:behavior.nearest_attackable_target": {
        "priority": 1,
        "entity_types": [
          {
            "filters": {
              "any_of": [
                {
                  "test": "is_family",
                  "subject": "other",
                  "value": "player"
                },
                {
                  "test": "is_family",
                  "subject": "other",
                  "value": "snowgolem"
                },
                {
                  "test": "is_family",
                  "subject": "other",
                  "value": "villager"
                },
                {
                  "test": "is_family",
                  "subject": "other",
                  "value": "wandering_trader"
                },
                {
                  "test": "is_family",
                  "subject": "other",
                  "value": "irongolem"
                }
              ]
            },
            "max_dist": 35
          }
        ],
        "must_see": false
      },
      "minecraft:behavior.melee_attack": {
        "priority": 3,
        "speed_multiplier": 1,
        "track_target": true
      },
      "minecraft:behavior.random_stroll": {
        "priority": 5,
        "speed_multiplier": 1
      },
      "minecraft:behavior.look_at_player": {
        "priority": 6,
        "look_distance": 8
      },
      "minecraft:behavior.random_look_around": {
        "priority": 6
      }
    },
    "events": {
      "minecraft:entity_spawned": {
        "run_command": {
          "command": [
            "particle dec:frozen_shield_particle ~~~"
          ]
        }
      }
    }
  }
}