{
  "format_version": "1.16.0",
  "minecraft:entity": {
    "description": {
      "identifier": "minecraft:ghast",
      "is_spawnable": true,
      "is_summonable": true,
      "is_experimental": false
    },

    "component_groups": {
      "minecraft:ghast_baby": {
        "minecraft:experience_reward": {
          "on_death": "query.last_hit_by_player ? 8 + (query.equipment_count * Math.Random(1,3)) : 0"
        },
        "minecraft:is_baby": {},
        "minecraft:scale_by_age": {
          "start_scale": 0.5,
          "end_scale": 1.0
        },
        "minecraft:ageable": {
          "duration": 1200,
          "grow_up": {
            "event": "minecraft:grow_up",
            "target": "self"
          }
        },
        "minecraft:movement": {
          "value": 0.033
        }
      },

      "minecraft:ghast_adult": {
        "minecraft:experience_reward": {
          "on_death": "query.last_hit_by_player ? 5 + (query.equipment_count * Math.Random(1,3)) : 0"
        },
        "minecraft:movement": {
          "value": 0.03
        }
      }
    },

    "components": {
      "minecraft:breathable": {
        "total_supply": 15,
        "suffocate_time": 0
      },
      "minecraft:fire_immune": {
      },
      "minecraft:nameable": {
      },
      "minecraft:health": {
        "value": {
          "range_min": 8,
          "range_max": 15
        }
      },
      "minecraft:collision_box": {
        "width": 4,
        "height": 4
      },
      "minecraft:movement": {
        "value": 0.03
      },
      "minecraft:navigation.float": {
        "can_path_over_water": true
      },
      "minecraft:behavior.float_wander": {
        "priority": 2,
        "must_reach": true
      },
      "minecraft:can_fly": {
      },
      "minecraft:loot": {
        "table": "loot_tables/entities/ghast.json"
      },
      "minecraft:shooter": {
        "def": "minecraft:fireball"
      },
      "minecraft:type_family": {
        "family": [ "ghast", "monster", "mob" ]
      },
      "minecraft:damage_sensor": {
        "triggers": {
          "cause": "fall",
          "deals_damage": false
        }
      },
      "minecraft:jump.static": {
      },
      "minecraft:despawn": {
        "despawn_from_distance": {}
      },
      "minecraft:behavior.float": {
        "priority": 0
      },
      "minecraft:behavior.ranged_attack": {
        "priority": 1,
        "attack_radius": 64,
        "charge_shoot_trigger": 2,
        "charge_charged_trigger": 1
      },
      "minecraft:follow_range": {
        "value": 64,
        "max": 64
      },
      "minecraft:behavior.hurt_by_target": {
        "priority": 1
      },
      "minecraft:behavior.nearest_attackable_target": {
        "priority": 2,
        "entity_types": [
          {
            "filters": {
              "test": "is_family",
              "subject": "other",
              "value": "player"
            },
            "max_dist": 28
          }
        ],
        "must_see": true
      },
      "minecraft:physics": {
      },
      "minecraft:pushable": {
        "is_pushable": true,
        "is_pushable_by_piston": true
      }
    },
    "events": {
      "minecraft:grow_up": {
        "remove": {
          "component_groups": [
            "minecraft:ghast_baby"
          ]
        },
        "add": {
          "component_groups": [
            "minecraft:ghast_adult"
          ]
        }
      },
      "minecraft:entity_spawned": {
        "randomize": [
          {
            "weight": 70,
            "remove": {},
            "add": {
              "component_groups": [
                "minecraft:ghast_adult"
              ]
            }
          },
          {
            "weight": 25,
            "remove": {
            },
            "add": {
              "component_groups": [
                "minecraft:ghast_baby"
              ]
            }
          }
        ]
      }
    }
  }
}