{
  "format_version": "1.12.0",
 "minecraft:entity": {
  "description": {
    "identifier": "dec:jellyfish_by_jellyfish_staff",
    "runtime_identifier": "minecraft:egg",
    "is_spawnable": false,
    "is_summonable": true,
    "is_experimental": false
  },
  "components": {
   "minecraft:collision_box": {
    "width": 0.31,
    "height": 0.31
   },
   "minecraft:explode": {
    "fuseLength": 3,
    "fuseLit": true,
    "power": 0,
    "causesFire": false
    },
   "minecraft:projectile": {
    "onHit": {
      "impact_damage": {
        "damage": 5,
        "knockback": true,
        "catchFire": false,
        "semirandomdiffdamage": false
      },
      "remove_on_hit": { }
    },
    "power": 0.6,
    "gravity": 0.00,
    "inertia": 1,
    "liquid_inertia": 1,
    "anchor": 1,
    "offset": [ 0, 0.5, 0 ],
    "semirandomdiffdamage": true,
    "uncertaintyBase": 30.0,
    "uncertaintyMultiplier": 6,
    "reflectOnHurt": true
   },
   "minecraft:pushable": {
    "is_pushable": false,
    "is_pushable_by_piston": true
   }
  }
 }
}
