{
  "format_version": "1.14.0",
  "minecraft:entity": {
    "description": {
      "identifier": "dec:lava_lizard",
      "is_spawnable": true,
      "is_summonable": true,
      "is_experimental": false
    },
    "component_groups": {
      "minecraft:calm": {
        "minecraft:behavior.nearest_attackable_target": {
          "priority": 2,
          "within_radius": 12,
          "must_see": true,
          "must_see_forget_duration": 10.0,
          "entity_types": [
            {
              "filters": {
                "all_of": [
                  {
                    "test": "is_family",
                    "subject": "other",
                    "operator": "!=",
                    "value": "lava_lizard"
                  }
                ]
              },
              "max_dist": 12
            }
          ]
        },
        "minecraft:behavior.ranged_attack": {
          "attack_interval_min": 12,
          "attack_interval_max": 17,
          "attack_radius": 10
        },
        "minecraft:shooter": {
          "type": "FlameBall",
          "def": "dec:flame_ball"
        }
      },
      "minecraft:angry": {
        "minecraft:behavior.leap_at_target": {
          "priority": 4,
          "target_dist": 0.4
        },
        "minecraft:behavior.melee_attack": {
          "priority": 5,
          "target_dist": 1.2,
          "track_target": true,
          "reach_multiplier": 1.0
        },
        "minecraft:angry": {
          "duration": 25,
          "broadcast_anger": true,
          "broadcast_range": 20,
          "calm_event": {
            "event": "minecraft:on_calm",
            "target": "self"
          }
        },
        "minecraft:attack": {
          "damage": 5
        }
      },
      "minecraft:start_suffocating": {
        "minecraft:is_shaking": {},
        "minecraft:environment_sensor": {
          "triggers": {
            "filters": {
              "any_of": [
                {
                  "test": "in_lava",
                  "subject": "self",
                  "operator": "==",
                  "value": true
                },
                {
                  "test": "in_lava",
                  "subject": "other",
                  "operator": "==",
                  "value": true
                }
              ]
            },
            "event": "stop_suffocating"
          }
        }
      },

      "minecraft:detect_suffocating": {
        "minecraft:environment_sensor": {
          "triggers": {
            "filters": {
              "all_of": [
                {
                  "test": "in_lava",
                  "subject": "self",
                  "operator": "==",
                  "value": false
                },
                {
                  "any_of": [
                    {
                      "test": "is_riding",
                      "subject": "self",
                      "operator": "==",
                      "value": false
                    },
                    {
                      "test": "in_lava",
                      "subject": "other",
                      "operator": "==",
                      "value": false
                    }
                  ]
                }
              ]
            },
            "event": "start_suffocating"
          }
        }
      }
    },

    "components": {
      "minecraft:loot": {
        "table": "loot_tables/entities/lava_lizard.json"
      },
      "minecraft:damage_sensor": {
        "triggers": {
          "cause": "all",
          "deals_damage": true,
          "on_damage": {
            "filters": { "test": "in_caravan", "value": false },
            "event": "minecraft:become_angry"
          }
        }
      },
      "minecraft:can_climb": {
      },
      "minecraft:type_family": {
        "family": [ "lava_lizard", "mob" ]
      },
      "minecraft:collision_box": {
        "width": 1.2,
        "height": 0.6
      },
      "minecraft:pushable": {
        "is_pushable": true,
        "is_pushable_by_piston": true
      },      
      "minecraft:hurt_on_condition": {
        "damage_conditions": [
          {
            "filters": {
              "test": "in_water_or_rain",
              "operator": "==",
              "value": true
            },
            "cause": "drowning",
            "damage_per_tick": 1
          }
        ]
      },
      "minecraft:despawn": {
        "despawn_from_distance": {}
      },
      "minecraft:movement": {
        "value": 0.16
      },
      "minecraft:lava_movement": {
        "value": 0.25
      },
      "minecraft:movement.basic": {
      },
      "minecraft:behavior.hurt_by_target": {
        "priority": 3
      },
      "minecraft:navigation.walk": {
        "can_path_over_lava": true,
        "avoid_water": true,
        "can_sink": false,
        "can_walk_in_lava": true
      },
      "minecraft:jump.static": {
      },
      "minecraft:health": {
        "value": {
          "range_min": 8,
          "range_max": 15
        }
      },
      "minecraft:fire_immune": {
      },
      "minecraft:nameable": {
      },
      "minecraft:physics": {
      },
      "minecraft:behavior.rise_to_liquid_level": {
        "priority": 0,
        "liquid_y_offset": -1,
        "rise_delta": 0.01,
        "sink_delta": 0.01
      },
      "minecraft:behavior.move_to_liquid": {
        "priority": 7,
        "search_range": 16,
        "search_height": 10,
        "goal_radius": 0.9,
        "material_type": "Lava",
        "search_count": 30
      },
      "minecraft:behavior.random_stroll": {
        "priority": 8,
        "speed_multiplier": 0.8
      },
      "minecraft:behavior.look_at_player": {
        "priority": 9,
        "look_distance": 6.0,
        "probability": 0.02
      },
      "minecraft:behavior.random_look_around": {
        "priority": 10
      },
      "minecraft:conditional_bandwidth_optimization": {
      }
    },

    "events": {
      "minecraft:entity_spawned": {
        "add": {
          "component_groups": [
            "minecraft:calm"
          ]
        }
      },
      "minecraft:become_angry": {
        "remove": {
          "component_groups": [
            "minecraft:calm"
          ]
        },
        "add": {
          "component_groups": [
            "minecraft:angry"
          ]
        }
      },
      "minecraft:on_calm": {
        "remove": {
          "component_groups": [
            "minecraft:angry"
          ]
        },
        "add": {
          "component_groups": [
            "minecraft:calm"
          ]
        }
      },
      "start_suffocating": {
        "add": {
          "component_groups": [
            "minecraft:start_suffocating"
          ]
        }
      },

      "stop_suffocating": {
        "add": {
          "component_groups": [
            "minecraft:detect_suffocating"
          ]
        },
        "remove": {
          "component_groups": [
            "minecraft:start_suffocating"
          ]
        }
      }
    }
  }
}
