{
  "format_version": "1.12.0",
  "minecraft:entity": {
    "description": {
      "identifier": "dec:nightmare_ray",
      "runtime_identifier": "minecraft:egg",
      "is_spawnable": false,
      "is_summonable": true,
      "is_experimental": false,
      "scripts": {
        "animate": [
          "ticking"
        ]
      },
      "animations": {
        "ticking": "controller.animation.particle_nightmare_ray"
      }
    },
    "component_groups": {},
    "components": {
      "minecraft:explode": {
        "fuseLength": 3,
        "fuseLit": true,
        "power": 0,
        "causesFire": false
      },
      "minecraft:collision_box": {
        "width": 0.31,
        "height": 0.31
      },
      "minecraft:projectile": {
        "onHit": {
          "definition_event": {
            "affect_projectile": true,
            "event_trigger": {
              "event": "minecraft:explode",
              "target": "self"
            }
          },
          "impact_damage": {
            "damage": 15,
            "knockback": true,
            "catchFire": true,
            "semirandomdiffdamage": false
          }
        },
        "hit_sound": "bullet.hit",
        "power": 0.6,
        "gravity": 0.00,
        "inertia": 1.0,
        "liquid_inertia": 1.0,
        "anchor": 1,
        "offset": [
          0,
          0.5,
          0
        ],
        "semirandomdiffdamage": true,
        "uncertaintyBase": 4.0,
        "uncertaintyMultiplier": 2,
        "reflectOnHurt": true,
        "shoot_target": false
      },
      "minecraft:pushable": {
        "is_pushable": false,
        "is_pushable_by_piston": true
      }
    },
    "events": {
      "minecraft:explode": {
        "run_command": {
          "command": [
            "fill ~-0.7~-0.7~-0.7~0.7~0.7~0.7 dec:nightmare_block 0 replace air 0",
            "particle dec:nightmare_block_spawn_particle ~~~",
            "kill @s"
          ]
        }
      }
    }
  }
}