{
  "format_version": "1.8.0",
  "minecraft:client_entity": {
    "description": {
      "identifier": "dec:ghost_diamond_sword",
      
      "materials": {
        "default": "zombie"
      },
      "textures": {
        "default": "textures/entity/ghost_diamond_sword"
      },
      "geometry": {
        "default": "geometry.sword"
      },
      "spawn_egg": {
        "base_color": "#0E3F36",
        "overlay_color": "#1E8A77"
      },
      "scripts": {
        "scale": "1"
      },
      "animations": {
        "attack": "animation.sword.attack"
      },
      "animation_controllers": [
        { "attack": "controller.animation.sword.attack"}
      ],
      "render_controllers": [ "controller.render.sword" ],
      "enable_attachables": true
    }
  }
}
