{
  "format_version": "1.16.0",
  "minecraft:block": {
    "description": {
      "identifier": "dec:deep_summoner",
      "properties": {
        "dec:state": [
          "empty",
          "activated"
        ]
      }
    },
    "permutations": [
      {
        "condition": "query.block_property('dec:state') == 'empty'",
        "components": {
          "minecraft:material_instances": {
            "*": {
              "texture": "deep_summoner",
              "render_method": "opaque"
            }
          },
          "minecraft:on_interact": {
            "event": "activate",
            "condition": "query.get_equipped_item_name('main_hand') == 'book_of_deep'"
          },
          "minecraft:ticking": {
            "looping": true,
            "range": [
              600,
              1200
            ],
            "on_tick": {
              "event": "minecraft:activate_naturally"
            }
          },
          "minecraft:light_dampening": 15,
          "minecraft:light_emission": 0,
          "minecraft:destroy_time": 3.0,
          "minecraft:explosion_resistance": 100
        }
      },
      {
        "condition": "query.block_property('dec:state') == 'activated'",
        "components": {
          "minecraft:map_color": "#897053",
          "minecraft:material_instances": {
            "*": {
              "texture": "deep_summoner_activated",
              "render_method": "opaque"
            }
          },
          "minecraft:on_interact": {
            "event": "summon",
            "condition": "query.get_equipped_item_name('main_hand') == 'iron_key'"
          },
          "minecraft:light_dampening": 15,
          "minecraft:light_emission": 7,
          "minecraft:destroy_time": 3.0,
          "minecraft:explosion_resistance": 100
        }
      }
    ],
    "components": {
      "minecraft:creative_category": {
        "group": "itemGroup.name.outside",
        "category": "items"
      },
      "minecraft:unit_cube": {},
      "minecraft:light_dampening": 15,
      "minecraft:light_emission": 0,
      "minecraft:destroy_time": 3.0,
      "minecraft:explosion_resistance": 100,
      "minecraft:map_color": "#63513C",
      "minecraft:loot": "loot_tables/empty.json"
    },
    "events": {
      "summon": {
        "play_sound": {
          "target": "other",
          "sound": "conduit.activate"
        },
        "set_block_property": {
          "dec:state": "'empty'"
        },
        "run_command": {
          "command": [
            "tellraw @a { \"rawtext\" : [ { \"translate\" : \"text.dec:summon_host_of_deep.name\" } ] }",
            "summon dec:host_of_deep ~~1~",
            "particle dec:host_of_deep_spawn_particle ~~1~",

            "fill ~-4~-1~-4 ~-3~5~4 air [] destroy",
            "fill ~~-1~3 ~4~5~4 air [] destroy",
            "fill ~3~-1~ ~4~5~-4 air [] destroy",
            "fill ~~-1~-3 ~~5~-4 air [] destroy",

            "fill ~-2~~-2 ~-1~5~2 air [] destroy",
            "fill ~~~1 ~2~5~2 air [] destroy",
            "fill ~1~~ ~2~5~-2 air [] destroy",
            "fill ~~~-1 ~~5~-2 air [] destroy",

            "fill ~~1~ ~~5~ air [] destroy",

            "fill ~-1~-1~-1~1~-1~1 crimson_nylium [] keep"
          ]
        },
        "decrement_stack": {}
      },
      "activate": {
        "set_block_property": {
          "dec:state": "'activated'"
        },
        "run_command": {
          "command": [
            "playsound conduit.activate @a ~~~"
          ]
        },
        "decrement_stack": {}
      },
      "activate_naturally": {
        "set_block_property": {
          "dec:state": "'activated'"
        },
        "run_command": {
          "command": [
            "playsound conduit.activate @a ~~~"
          ]
        }
      }
    }
  }
}