{
  "format_version": "1.16.0",
  "minecraft:block": {
    "description": {
      "identifier": "dec:light_obsidian"
    },
    "components": {
		  "minecraft:creative_category": {
        "group": "itemGroup.name.outside",
				"category": "items"
			},
      "minecraft:light_dampening": 15,
      "minecraft:light_emission": 0,
      "minecraft:destroy_time": 2,
      "minecraft:explosion_resistance": 100,
      "minecraft:map_color": "#59516C",
      "minecraft:loot": "loot_tables/blocks/light_obsidian.json",
      "tag:stone": {}
    }
  }
}