{
    "format_version": "1.16.100",
    "minecraft:block": {
        "description": {
            "identifier": "dec:lurk_mushroom"
        },
		
        "components": {
		  "minecraft:creative_category": {
				"group": "itemGroup.name.mushroom",
				"category": "nature"
			},
            "minecraft:material_instances": {
                "*": {
                    "texture": "lurk_mushroom",
                    "render_method": "alpha_test"
                }
            },
            "minecraft:geometry": "geometry.crop.sparse.on_dirt",
            "minecraft:entity_collision": false,
            "minecraft:pick_collision": {
                "origin": [-5,0,-5],
                "size": [10,9,10]
            },
            "minecraft:destroy_time": 0.001,
            "minecraft:map_color": "#00847D",
            "minecraft:light_dampening": 0.0,
            "minecraft:loot": "loot_tables/blocks/lurk_mushroom.json",
            "minecraft:placement_filter": {
                "conditions": [
                    {
                        "allowed_faces": ["up"],
                        "block_filter": ["end_stone", "dec:lurk_end_stone"]
                    }
                ]
            }
        }
    }
}