{
  "format_version": "1.16.0",
  "minecraft:block": {
    "description": {
      "identifier": "dec:lurk_end_stone"
    },
    "components": {
      "minecraft:creative_category": {
        "group": "itemGroup.name.outside",
        "category": "nature"
      },
      "minecraft:light_dampening": 15,
      "minecraft:light_emission": 0,
      "minecraft:destroy_time": 3,
      "minecraft:explosion_resistance": 30,
      "minecraft:map_color": "#00847D",
      "minecraft:loot": "loot_tables/blocks/lurk_end_stone.json",
      "tag:stone": {}
    }
  }
}