{
    "format_version": "1.16.100",
    "minecraft:block": {
        "description": {
            "identifier": "dec:snow_lotus_crop"
        },
        "components": {
            "minecraft:material_instances": {
                "*": {
                    "texture": "snow_lotus_crop",
                    "render_method": "alpha_test"
                }
            },
            "minecraft:geometry": "geometry.crop.sparse.on_dirt",
            "minecraft:entity_collision": false,
            "minecraft:pick_collision": {
                "origin": [
                    -8,
                    0,
                    -8
                ],
                "size": [
                    16,
                    9,
                    16
                ]
            },
            "minecraft:destroy_time": 0.001,
            "minecraft:map_color": "#00847D",
            "minecraft:light_dampening": 0.0,
            "minecraft:loot": "loot_tables/blocks/snow_lotus_crop.json",
            "minecraft:placement_filter": {
                "conditions": [
                    {
                        "allowed_faces": [
                            "up"
                        ],
                        "block_filter": [
                            "stone",
                            "snow",
                            "grass",
                            "dirt",
                            "gravel"
                        ]
                    }
                ]
            }
        }
    }
}