{
  "format_version": "1.16.0",
  "minecraft:block": {
    "description": {
      "identifier": "dec:summoner"
    },
     "components": {
		    "minecraft:creative_category": {
          "group": "itemGroup.name.outside",
				  "category": "items"
			  },
        "minecraft:light_dampening": 15,
        "minecraft:light_emission": 0,
        "minecraft:destroy_time": 1,
        "minecraft:explosion_resistance": 5,
        "minecraft:on_interact": {
          "event": "summon"
        },
        "minecraft:map_color": "#79553A"
    },
    "events": {
      "summon": {
        "sequence": [
          {
            "condition": "query.get_equipped_item_name('main_hand') == 'magic_chest_debris'",
            "sequence": [
              {
                "run_command": {
                  "command": [
                    "playsound conduit.activate @a ~~~",
                    "summon dec:chester ~~1~"
                  ],
                  "target": "self"
                }
              }
            ]
          },
          {
            "condition": "query.get_equipped_item_name('main_hand') == 'radiate_crystal'",
            "sequence": [
              {
                "run_command": {
                  "command": [
                    "playsound conduit.activate @a ~~~",
                    "summon dec:radiate_crystal ~~1~",
                    "tellraw @a { \"rawtext\" : [ { \"translate\" : \"text.dec:summon_radiate_crystal.name\" } ] }"
                  ],
                  "target": "self"
                }
              }
            ]
          }
        ]
      }
    }
  }
}