{
    "format_version": "1.13.0",
    "minecraft:entity": {
        "description": {
            "identifier": "minecraft:ender_dragon",
            "is_spawnable": false,
            "is_summonable": true,
            "is_experimental": false,
            "animations": {
                "base": "controller.animation.awake_dragon.base",
                "new": "animation.awake_dragon.evolution"
            },
            "scripts": {
                "animate": [
                    "base",
                    {
                        "new": "query.variant==0&&query.health<50"
                    }
                ]
            }
        },
        "component_groups": {
            "dragon_sitting": {
                "minecraft:behavior.dragonlanding": {
                    "priority": 0
                },
                "minecraft:behavior.dragonflaming": {
                    "priority": 1
                },
                "minecraft:behavior.dragonscanning": {
                    "priority": 2
                }
            },
            "dragon_flying": {
                "minecraft:behavior.dragontakeoff": {
                    "priority": 0
                },
                "minecraft:behavior.dragonchargeplayer": {
                    "priority": 2
                },
                "minecraft:behavior.dragonstrafeplayer": {
                    "priority": 2
                },
                "minecraft:behavior.dragonholdingpattern": {
                    "priority": 3
                },
                "minecraft:shooter": {
                    "type": "dragonfireball",
                    "def": "minecraft:dragon_fireball"
                }
            },
            "dragon_death": {
                "minecraft:behavior.dragondeath": {
                    "priority": 0
                }
            },
            "进化前": {
                "minecraft:timer": {
                    "looping": false,
                    "randomInterval": false,
                    "time": 20,
                    "time_down_event": {
                        "event": "进化中",
                        "target": "self"
                    }
                },
                "minecraft:health": {
                    "value": 600,
                    "max": 600
                },
                "minecraft:movement": {
                    "value": 0.33
                },
                "minecraft:type_family": {
                    "family": [
                        "Awakendragon",
                        "from1",
                        "dragon"
                    ]
                }
            },
            "进化后": {
                "minecraft:health": {
                    "value": 600,
                    "max": 600
                },
                "minecraft:scale": {
                    "value": 2
                },
                "minecraft:movement": {
                    "value": 0.4
                },
                "minecraft:type_family": {
                    "family": [
                        "from2",
                        "Awakendragon",
                        "dragon"
                    ]
                },
                "minecraft:spawn_entity": {
                    "min_wait_time": 8,
                    "max_wait_time": 10,
                    "spawn_entity": "minecraft:ender_crystal<from_dragon>"
                },
                "minecraft:timer": {
                    "looping": false,
                    "randomInterval": false,
                    "time": 20,
                    "time_down_event": {
                        "event": "第三",
                        "target": "self"
                    }
                }
            },
            "进化无限": {
                "minecraft:health": {
                    "value": 600,
                    "max": 600
                },
                "minecraft:scale": {
                    "value": 1.5
                },
                "minecraft:spawn_entity": {
                    "min_wait_time": 1,
                    "max_wait_time": 2,
                    "spawn_entity": "enderman"
                },
                "minecraft:timer": {
                    "looping": false,
                    "randomInterval": false,
                    "time": 20,
                    "time_down_event": {
                        "event": "还原",
                        "target": "self"
                    }
                }
            },
            "fdragon_death": {
                "minecraft:behavior.dragondeath": {
                    "priority": 0
                }
            },
            "fdragon_flying": {
                "minecraft:behavior.dragonchargeplayer": {
                    "priority": 2
                },
                "minecraft:behavior.dragonholdingpattern": {
                    "priority": 6
                },
                "minecraft:behavior.dragonstrafeplayer": {
                    "priority": 4
                },
                "minecraft:behavior.dragontakeoff": {
                    "priority": 0
                },
                "minecraft:shooter": {
                    "auxVal": 0,
                    "def": "minecraft:arrow",
                    "type": "Arrow"
                }
            },
            "fdragon_sitting": {
                "minecraft:behavior.dragonflaming": {
                    "priority": 2
                },
                "minecraft:behavior.dragonlanding": {
                    "priority": 0
                },
                "minecraft:behavior.dragonscanning": {
                    "priority": 4
                }
            },
            "to_awake": {
                "minecraft:health": {
                    "value": 1,
                    "max": 1
                },
                "minecraft:timer": {
                    "looping": false,
                    "randomInterval": false,
                    "time": 20,
                    "time_down_event": {
                        "event": "awake",
                        "target": "self"
                    }
                },
                "minecraft:damage_sensor": {
                    "triggers": {
                        "cause": "all",
                        "deals_damage": false
                    }
                }
            },
            "awake": {
                "minecraft:damage_sensor": {},
                "minecraft:variant": {
                    "value": 1
                },
                "minecraft:behavior.ranged_attack": {
                    "attack_interval_max": 5,
                    "attack_interval_min": 3,
                    "attack_radius": 20,
                    "burst_interval": 0.2,
                    "burst_shots": 3,
                    "speed_multiplier": 1.5
                },
                "minecraft:on_death": {
                    "event": "fminecraft:start_death",
                    "target": "self"
                },
                "minecraft:on_start_landing": {
                    "event": "fminecraft:start_land",
                    "target": "self"
                },
                "minecraft:on_start_takeoff": {
                    "event": "fminecraft:start_fly",
                    "target": "self"
                },
                "minecraft:teleport": {
                    "lightTeleportChance": 0.01,
                    "maxRandomTeleportTime": 30,
                    "randomTeleportCube": [32, 32, 32],
                    "randomTeleports": true,
                    "targetDistance": 32
                }
            }
        },
        "components": {
            "minecraft:boss": {
                "should_darken_sky": false,
                "hud_range": 125
            },
            "minecraft:damage_sensor": {
                "triggers": [{
                        "cause": "fall",
                        "deals_damage": false
                    },
                    {
                        "on_damage": {
                            "filters": {
                                "test": "has_damage",
                                "value": "fatal"
                            },
                            "event": "to_awake"
                        },
                        "deals_damage": false
                    }
                ]
            },
            "minecraft:on_start_landing": {
                "event": "minecraft:start_land",
                "target": "self"
            },
            "minecraft:on_start_takeoff": {
                "event": "minecraft:start_fly",
                "target": "self"
            },
            "minecraft:on_death": {
                "event": "minecraft:start_death",
                "target": "self"
            },
            "minecraft:behavior.nearest_attackable_target": {
                "entity_types": [{
                    "filters": {
                        "other_with_color": 0,
                        "other_with_families": [
                            "player",
                            "snowgolem",
                            "irongolem",
                            "wither"
                        ]
                    },
                    "max_dist": 35,
                    "must_see": false,
                    "sprint_speed_multiplier": 1,
                    "walk_speed_multiplier": 1,
                    "within_default": 1
                }],
                "must_see": false,
                "within_radius": 25,
                "priority": 1,
                "speed_multiplier": 1
            },
            "minecraft:collision_box": {
                "height": 4,
                "width": 13
            },
            "minecraft:fire_immune": true,
            "minecraft:flying_speed": {
                "max": 0,
                "value": 0.6
            },
            "minecraft:health": {
                "max": 200,
                "value": 200

            },
            "minecraft:knockback_resistance": {
                "max": 100,
                "value": 100
            },
            "minecraft:variant": {
                "value": 0
            },
            "minecraft:movement": {
                "max": 0.33,
                "value": 0.33
            },
            "minecraft:scale": {
                "max": 1,
                "value": 1
            },
            "minecraft:type_family": {
                "family": [
                    "dragon"
                ]
            },
            "minecraft:persistent": {},
            "minecraft:physics": {
                "has_gravity": false,
                "has_collision": false
            }
        },
        "events": {
            "minecraft:start_land": {
                "remove": {
                    "component_groups": [
                        "dragon_flying"
                    ]
                },
                "add": {
                    "component_groups": [
                        "dragon_sitting"
                    ]
                }
            },
            "minecraft:start_fly": {
                "remove": {
                    "component_groups": [
                        "dragon_sitting"
                    ]
                },
                "add": {
                    "component_groups": [
                        "dragon_flying"
                    ]
                }
            },
            "minecraft:start_death": {
                "remove": {
                    "component_groups": [
                        "dragon_sitting",
                        "dragon_flying"
                    ]
                },
                "add": {
                    "component_groups": [
                        "dragon_death"
                    ]
                }
            },
            "minecraft:entity_spawned": {
                "remove": {},
                "add": {
                    "component_groups": [
                        "dragon_flying"
                    ]
                }
            },
            "awake": {
                "sequence": [{
                    "add": {
                        "component_groups": [
                            "进化前",
                            "awake",
                            "fdragon_flying"
                        ]
                    },
                    "remove": {
                        "component_groups": [
                            "dragon_flying",
                            "dragon_sitting",
                            "to_awake"
                        ]
                    }
                }]
            },
            "fminecraft:start_death": {
                "add": {
                    "component_groups": [
                        "fdragon_death"
                    ]
                },
                "remove": {
                    "component_groups": [
                        "fdragon_sitting",
                        "fdragon_flying"
                    ]
                }
            },
            "fminecraft:start_fly": {
                "add": {
                    "component_groups": [
                        "fdragon_flying"
                    ]
                },
                "remove": {
                    "component_groups": [
                        "fdragon_sitting"
                    ]
                }
            },
            "fminecraft:start_land": {
                "add": {
                    "component_groups": [
                        "fdragon_sitting"
                    ]
                },
                "remove": {
                    "component_groups": [
                        "fdragon_flying"
                    ]
                }
            },
            "进化中": {
                "add": {
                    "component_groups": [
                        "进化后"
                    ]
                },
                "remove": {
                    "component_groups": [
                        "进化前"
                    ]
                }
            },
            "还原": {
                "remove": {
                    "component_groups": [
                        "进化无限"
                    ]
                },
                "add": {
                    "component_groups": [
                        "进化前"
                    ]
                }
            },
            "第三": {
                "remove": {
                    "component_groups": [
                        "进化后"
                    ]
                },
                "add": {
                    "component_groups": [
                        "进化无限"
                    ]
                }
            },
            "to_awake": {
                "add": {
                    "component_groups": [
                        "to_awake"
                    ]
                }
            }
        }
    }
}