{
    "如何使用已下载并导入的皮肤？":[
        ">> 如何使用已下载并导入的皮肤",
        "D@useskin1.jpg",
        "D@useskin2.jpg",
        "D@useskin3.jpg",
        "D@useskin4.jpg",
        "D@useskin5.jpg",
        "D@useskin6.jpg",
        "D@useskin7.jpg",
        "D@useskin8.jpg"
    ],
    "如何连接悬浮窗？":[
        ">> 如何使用悬浮窗",
        "在悬浮窗界面点击 配置。",
        "按照显示的要求输入命令。并确保拥有操作员权限。",
        "如果连接不上，可以试试把深空盒子加入清理加速白名单;实在连不上，可以试试更换游戏版本。(ps.作者留言:MC1.16.210.53太坑了，死活连不上，最后还是换了1.16.210.55解决的。所以换个版本也是不错的选择)",
        "ps.网易版MC就别试了，不支持网易版的。"
    ],
    "悬浮窗附魔功能为何多数失效？":[
        ">> 悬浮窗附魔功能为何多数失效",
        "此附魔同原版，会存在附魔的冲突。比如你不能把保护附魔在钻石剑上。再比如，你不可以把节肢杀手和亡灵杀手放一起。"
    ],
    "为何悬浮窗打不开？":[
        "为何悬浮窗打不开？",
        "检查是否给了两个权限:",
        "1.允许应用查看应用列表",
        "2.允许在应用上层显示(指悬浮窗权限)"
    ],
    "如何在悬浮窗内选中玩家？":[
        ">> 如何在悬浮窗内选中玩家",
        "在确保连接上悬浮窗后，点击 玩家 一栏，点击刷新。",
        "在点击刷新后，正常情况下会显示出玩家列表。接着点击刷新出来的玩家名。",
        "然后你就选中玩家了。"
    ],
    "如何在qq上向作者反馈bug？":[
        ">> 如何在qq上向作者反馈bug",
        "友情提示:因为作者平时很忙，所以可能几天才看一次列表。",
        "加好友时，请在验证信息中填写问题。",
        "在作者同意申请后，请反馈bug。不要加了好友后就不问了。",
        "以上是直接联系作者。你还可以加入交流群反馈bug:",
        "1095709419"
    ]
}