{
    "format_version": "1.13.0",
    "minecraft:entity": {
        "description": {
            "identifier": "wb:magic_puppet",
            "is_spawnable": true,
            "is_summonable": true,
            "is_experimental": false,
            "runtime_identifier": "wb:magic_puppet"
        },
        "component_groups": {
            "heavy": {
                "minecraft:timer": {
                    "time": 6,
                    "looping": false,
                    "time_down_event": {
                        "event": "sss",
                        "target": "self"
                    }
                },
                "minecraft:movement": {
                    "value": 0.28
                },
                "minecraft:is_charged": {},
                "minecraft:attack": {
                    "damage": {
                        "range_min": 40,
                        "range_max": 60
                    }
                },
                "minecraft:behavior.leap_at_target": {
                    "priority": 2,
                    "yd": 0.35,
                    "must_be_on_ground": false
                }
            },
            "no": {
                "minecraft:movement": {
                    "value": 0.23
                },
                "minecraft:timer": {
                    "time": 6,
                    "looping": false,
                    "time_down_event": {
                        "event": "sss",
                        "target": "self"
                    }
                }
            },
            "summon": {
                "minecraft:movement": {
                    "value": 0.23
                },
                "minecraft:timer": {
                    "time": 15,
                    "looping": false,
                    "time_down_event": {
                        "event": "sss",
                        "target": "self"
                    }
                },
                "minecraft:behavior.summon_entity": {
                    "priority": 0,
                    "summon_choices": [{
                        "min_activation_range": 0.0,
                        "weight": 2,
                        "cooldown_time": 2,
                        "cast_duration": 1,
                        "particle_color": "#FF664D59",
                        "sequence": [{
                                "shape": "circle",
                                "target": "self",
                                "base_delay": 0.02,
                                "delay_per_summon": 0.1,
                                "num_entities_spawned": 8,
                                "entity_type": "minecraft:evocation_fang",
                                "size": 2,
                                "entity_lifespan": 1.1,
                                "sound_event": "prepare.attack"
                            },
                            {
                                "shape": "circle",
                                "target": "self",
                                "base_delay": 0.02,
                                "delay_per_summon": 0.0,
                                "num_entities_spawned": 18,
                                "entity_type": "minecraft:evocation_fang",
                                "size": 4,
                                "entity_lifespan": 1.1,
                                "sound_event": "prepare.attack"
                            },
                            {
                                "shape": "line",
                                "target": "self",
                                "base_delay": 0.02,
                                "delay_per_summon": 0.0,
                                "num_entities_spawned": 48,
                                "entity_type": "minecraft:evocation_fang",
                                "size": 30,
                                "entity_lifespan": 1.1
                            },
                            {
                                "shape": "line",
                                "target": "self",
                                "base_delay": 0.02,
                                "delay_per_summon": 0.0,
                                "num_entities_spawned": 48,
                                "entity_type": "minecraft:evocation_fang",
                                "size": 30,
                                "entity_lifespan": 1.1
                            }
                        ]
                    }]
                }
            }
        },
        "components": {
            "minecraft:despawn": {
                "despawn_from_distance": {}
            },
            "minecraft:experience_reward": {
                "on_death": "query.last_hit_by_player ? 5 + (query.equipment_count * Math.Random(1,3)) : 0"
            },
            "minecraft:timer": {
                "time": 2,
                "looping": false,
                "time_down_event": {
                    "event": "sss",
                    "target": "self"
                }
            },
            "minecraft:type_family": {
                "family": ["magic", "puppet", "monster"]
            },
            "minecraft:scale": {
                "value": 1.7
            },
            "minecraft:collision_box": {
                "width": 1.4,
                "height": 2.9
            },
            "minecraft:loot": {
                "table": "loot_tables/entities/iron_golem.json"
            },
            "minecraft:health": {
                "value": 120,
                "max": 120
            },
            "minecraft:movement": {
                "value": 0.23
            },
            "minecraft:navigation.walk": {
                "can_path_over_water": false,
                "avoid_water": true,
                "avoid_damage_blocks": true
            },
            "minecraft:movement.basic": {

            },
            "minecraft:jump.static": {},
            "minecraft:can_climb": {},
            "minecraft:attack": {
                "damage": {
                    "range_min": 7,
                    "range_max": 21
                }
            },
            "minecraft:damage_sensor": {
                "triggers": {
                    "cause": "fall",
                    "deals_damage": false
                }
            },
            "minecraft:knockback_resistance": {
                "value": 1.0
            },
            "minecraft:behavior.melee_attack": {
                "priority": 1,
                "target_dist": 1.0,
                "track_target": true
            },
            "minecraft:behavior.move_towards_target": {
                "priority": 2,
                "speed_multiplier": 0.9,
                "within_radius": 32
            },
            "minecraft:behavior.random_stroll": {
                "priority": 6,
                "speed_multiplier": 1,
                "xz_dist": 16
            },
            "minecraft:behavior.look_at_player": {
                "priority": 7,
                "look_distance": 6.0,
                "probability": 0.02
            },
            "minecraft:behavior.random_look_around": {
                "priority": 8
            },
            "minecraft:behavior.nearest_attackable_target": {
                "priority": 3,
                "entity_types": [{
                    "filters": {
                        "all_of": [{
                            "test": "is_family",
                            "subject": "other",
                            "value": "player"
                        }]
                    },
                    "within_default": 10
                }],
                "must_see": true,
                "must_reach": true
            },
            "minecraft:behavior.hurt_by_target": {
                "priority": 2
            },
            "minecraft:physics": {},
            "minecraft:follow_range": {
                "value": 64
            }
        },
        "events": {
            "sss": {
                "randomize": [{
                        "weight": 1,
                        "remove": {
                            "component_groups": [
                                "summon", "no"
                            ]
                        },
                        "add": {
                            "component_groups": [
                                "heavy"
                            ]
                        }
                    },
                    {
                        "weight": 1,
                        "remove": {
                            "component_groups": [
                                "summon", "heavy"
                            ]
                        },
                        "add": {
                            "component_groups": [
                                "no"
                            ]
                        }
                    },
                    {
                        "weight": 1,
                        "remove": {
                            "component_groups": [
                                "heavy", "no"
                            ]
                        },
                        "add": {
                            "component_groups": [
                                "summon"
                            ]
                        }
                    }
                ]
            }
        }
    }
}