{
	"format_version": "1.8.0",
	"animations": {
		"animation.ash_knight.spawn": {
			"loop": false,
			"animation_length": 3,
			"bones": {
				"bone18": {
					"position": {
						"0.0": [0, 90, 0],
						"2.0": [0, 0, 0]
					}
				}
			}
		},
		"animation.ash_knight.move": {
			"loop": true,
			"animation_length": 0.52,
			"bones": {
				"t": {
					"rotation": {
						"0.0": [0, 0, 0],
						"0.2333": [-12.5, 0, 0],
						"0.4833": [0, 0, 0]
					},
					"position": {
						"0.0": [0, 0, 0],
						"0.2333": [0, 0, 3],
						"0.4833": [0, 0, 0]
					}
				},
				"bone3": {
					"rotation": {
						"0.0": [10, 0, 0],
						"0.2333": [-5, 0, 0],
						"0.4833": [7.5, 0, 0]
					}
				},
				"bone5": {
					"rotation": {
						"0.0": [-17.5, 0, 0],
						"0.2333": [22.5, 0, 0],
						"0.4833": [-17.5, 0, 0]
					}
				},
				"bone6": {
					"rotation": {
						"0.0": [-22.5, 0, 0],
						"0.2333": [-15, 0, 0],
						"0.4833": [-22.5, 0, 0]
					}
				},
				"bone11": {
					"rotation": {
						"0.0": [15, 0, 0],
						"0.2333": [-12.5, 0, 0],
						"0.4833": [15, 0, 0]
					}
				},
				"bone12": {
					"rotation": {
						"0.0": [0, 0, 0],
						"0.2333": [10, 0, 0],
						"0.4833": [0, 0, 0]
					}
				},
				"bone14": {
					"rotation": {
						"0.0": [-15, 0, 0],
						"0.2333": [5, 0, 0],
						"0.4833": [-15, 0, 0]
					}
				},
				"bone15": {
					"rotation": {
						"0.0": [10, 0, 0],
						"0.4833": [10, 0, 0]
					}
				},
				"bone8": {
					"rotation": {
						"0.0": [15, 0, 0],
						"0.2333": [-20, 0, 0],
						"0.4833": [15, 0, 0]
					}
				},
				"bone9": {
					"rotation": {
						"0.0": [-12.5, 0, 0],
						"0.2333": [-27.5, 0, 0],
						"0.4833": [-12.5, 0, 0]
					}
				},
				"bone17": {
					"rotation": {
						"0.0": [27.5, 22.5, 0],
						"0.2333": [27.5, -22.5, 0],
						"0.4833": [27.5, 22.5, 0]
					}
				},
				"bone18": {
					"rotation": {
						"0.0": [7.5, 0, 0],
						"0.2333": [0, 0, 0],
						"0.5167": [7.5, 0, 0]
					}
				},
				"bone19": {
					"rotation": [0, 0, 0]
				},
				"bone21": {
					"rotation": {
						"0.0": [27.5, 0, 0],
						"0.2333": [12.5, 0, 0],
						"0.4833": [27.5, 0, 0]
					}
				},
				"head": {
					"position": {
						"0.0": [0, 0, -2],
						"0.2333": [0, 0, 0],
						"0.5167": [0, 0, -2]
					}
				}
			}
		},
		"animation.ash_knight.attack": {
			"animation_length": 0.74,
			"loop": true,
			"bones": {
				"t": {
					"rotation": [0, 0, 0],
					"position": {
						"0.0": [0, 0, 0],
						"0.28335": [0, 2, 0],
						"0.51665": [0, 0, 0],
						"0.74165": [0, 0, 0]
					}
				},
				"bone3": {
					"rotation": {
						"0.0": [0, 0, 0],
						"0.74165": [0, 0, 0]
					},
					"position": {
						"0.0": [0, 0, 0],
						"0.28335": [0, 3, 0],
						"0.51665": [0, 0, 0],
						"0.74165": [0, 0, 0]
					}
				},
				"bone4": {
					"rotation": {
						"0.0": [0, 0, 0],
						"0.28335": [-15, 0, 0],
						"0.51665": [5, 0, 0],
						"0.74165": [0, 0, 0]
					},
					"position": [0, 0, 0]
				},
				"bone5": {
					"rotation": {
						"0.0": [0, 0, 0],
						"0.28335": [-22.5, 0, 0],
						"0.51665": [15, 0, 0],
						"0.74165": [0, 0, 0]
					}
				},
				"bone6": {
					"rotation": {
						"0.0": [0, 0, 0],
						"0.28335": [-30, 0, 0],
						"0.51665": [-30, 0, 0],
						"0.74165": [0, 0, 0]
					}
				},
				"bone7": {
					"rotation": [0, 0, 0]
				},
				"bone11": {
					"rotation": {
						"0.0": [0, 0, 0],
						"0.28335": [15, 0, 0],
						"0.51665": [-5, 0, 0],
						"0.74165": [0, 0, 0]
					}
				},
				"bone12": {
					"rotation": [0, 0, 0]
				},
				"bone14": {
					"rotation": {
						"0.0": [0, 0, 0],
						"0.28335": [15, 0, 0],
						"0.51665": [-7.5, 0, 0],
						"0.74165": [0, 0, 0]
					}
				},
				"bone15": {
					"rotation": [0, 0, 0]
				},
				"bone16": {
					"rotation": [0, 0, 0]
				},
				"bone8": {
					"rotation": {
						"0.0": [0, 0, 0],
						"0.28335": [-12.5, 0, 0],
						"0.51665": [12.5, 0, 0],
						"0.74165": [0, 0, 0]
					}
				},
				"bone9": {
					"rotation": {
						"0.0": [0, 0, 0],
						"0.28335": [-27.5, 0, 0],
						"0.51665": [-27.5, 0, 0],
						"0.74165": [0, 0, 0]
					}
				},
				"bone10": {
					"rotation": [0, 0, 0]
				},
				"bone17": {
					"rotation": [0, 0, 0]
				},
				"bone18": {
					"rotation": {
						"0.0": [0, 0, 0],
						"0.28335": [15, 0, 0],
						"0.51665": [20, 0, 0],
						"0.74165": [0, 0, 0]
					}
				},
				"bone19": {
					"rotation": {
						"0.0": [0, 0, 0],
						"0.28335": [-67.5, 35, 0],
						"0.51665": [-67.5, 35, -65],
						"0.74165": [0, 0, 0]
					}
				},
				"bone20": {
					"rotation": [0, 0, 0]
				},
				"bone21": {
					"rotation": {
						"0.0": [0, 0, 0],
						"0.28335": [-85, 0, 27.5],
						"0.51665": [-52.5, 82.5, 27.5],
						"0.74165": [0, 0, 0]
					}
				},
				"bone22": {
					"rotation": {
						"0.0": [0, 0, 0],
						"0.28335": [-30, -35, 2.5],
						"0.51665": [22.5, -65, 2.5],
						"0.74165": [0, 0, 0]
					}
				},
				"head": {
					"position": {
						"0.0": [0, 0, 0],
						"0.28335": [0, 2, 1],
						"0.51665": [0, -2, -11],
						"0.74165": [0, 0, 0]
					}
				}
			}
		}
	}
}