{
  "format_version": "1.13.0",
  "minecraft:entity": {
    "description": {
      "identifier": "dec:archer",
      "runtime_identifier": "minecraft:pillager",
      "is_spawnable": true,
      "is_summonable": true,
      "is_experimental": false
    },

    "component_groups": {
    },

    "components": {
      "minecraft:behavior.ranged_attack": {
        "priority": 4,
        "attack_interval_min": 1,
        "attack_interval_max": 1,
        "attack_radius": 8
      },
      "minecraft:shooter": {
        "type": "Arrow",
        "def": "minecraft:arrow"
      },
      "minecraft:behavior.stroll_towards_village": {
        "priority": 11,
        "speed_multiplier": 1.3,
        "goal_radius": 128.0,
        "cooldown_time": 0,
        "search_range": 1028,
        "start_chance": 1.0
      },
      "minecraft:behavior.defend_village_target": {
        "priority": 1
      },
      "minecraft:experience_reward": {
        "on_death": "query.last_hit_by_player ? (query.is_baby ? 12 : 5) + (Math.die_roll(query.equipment_count,1,3)) : 0"
      },
      "minecraft:collision_box": {
        "width": 0.6,
        "height": 1.9
      },
      "minecraft:type_family": {
        "family": [ "archer", "villager", "mob" ]
      },
      "minecraft:variant": {
        "value": 0
      },
      "minecraft:breathable": {
        "total_supply": 15,
        "suffocate_time": 0
      },
      "minecraft:health": {
        "value": 24,
        "max": 24
      },
      "minecraft:hurt_on_condition": {
        "damage_conditions": [
          {
            "filters": { "test": "in_lava", "subject": "self", "operator": "==", "value": true },
            "cause": "lava",
            "damage_per_tick": 4
          }
        ]
      },
      "minecraft:movement": {
        "value": 0.35
      },
      "minecraft:navigation.walk": {
        "can_path_over_water": true,
        "can_pass_doors": true,
        "can_open_doors": true,
        "avoid_water": false
      },
      "minecraft:movement.basic": {
      },
      "minecraft:jump.static": {
      },
      "minecraft:nameable": {
      },
      "minecraft:equipment": {
        "table": "loot_tables/entities/archer_gear.json"
      },
      "minecraft:behavior.float": {
        "priority": 0
      },
      "minecraft:behavior.hurt_by_target": {
        "priority": 1,
        "entity_types": {
          "filters": {
            "test": "is_family",
            "subject": "other",
            "operator": "!=",
            "value": "villager"
          },
          "max_dist": 64
        }
      },
      "minecraft:behavior.nearest_attackable_target": {
        "priority": 2,
        "within_radius": 16.0,
        "reselect_targets": true,
        "entity_types": [
          {
            "filters": { 
                "all_of": [
                  { "test" :  "is_family", "subject" : "other", "value" :  "monster"},
                  { "test" :  "is_family", "subject" : "other", "operator": "!=", "value" :  "creeper"}
                ] 
            },
            "within_default": 10
          }
        ],
        "must_see": true
      },
      "minecraft:behavior.random_stroll": {
        "priority": 7,
        "speed_multiplier": 1
      },
      "minecraft:behavior.look_at_player": {
        "priority": 8,
        "look_distance": 8
      },
      "minecraft:behavior.random_look_around": {
        "priority": 8
      },
      "minecraft:behavior.charge_held_item": {
        "priority": 3,
        "items": [
          "minecraft:arrow"
        ]
      },
      "minecraft:physics": {
      },
      "minecraft:pushable": {
        "is_pushable": true,
        "is_pushable_by_piston": true
      },
      "minecraft:follow_range": {
        "value": 64
      }
    },

    "events": {

    }
  }
}
