{
  "format_version": "1.12.0",
 "minecraft:entity": {
  "description": {
    "identifier": "dec:blizzard_energy",
    "runtime_identifier": "minecraft:egg",
    "is_spawnable": false,
    "is_summonable": true,
    "is_experimental": false,
    "scripts":{
      "animate":["ticking"]
    },
      "animations":{
        "ticking":"controller.animation.particle_blizzard_wake"
    }
  },
  "components": {
   "minecraft:collision_box": {
    "width": 0.2,
    "height": 0.2
   },
   "minecraft:explode": {
    "fuseLength": 3,
    "fuseLit": true,
    "power": 0,
    "causesFire": false
    },
   "minecraft:projectile": {
    "onHit": {
      "mob_effect": {
        "effect": "slowness",
        "durationeasy": 200,
        "durationnormal": 200,
        "durationhard": 200,
        "amplifier": 0
      },
      "impact_damage": {
        "damage": 9,
        "knockback": false,
        "catchFire": false,
        "semirandomdiffdamage": false
      },
      "particle_on_hit": {
        "particle_type": "snowballpoof",
        "num_particles": 6,
        "on_entity_hit": true,
        "on_other_hit": true
      },
      "remove_on_hit": { }
    },
    "hit_sound": "bullet.hit",
    "power": 0.05,
    "gravity": 0.00,
    "inertia": 1.3,
    "liquid_inertia": 1,
    "anchor": 1,
    "offset": [ 0, 0, 1 ],
    "semirandomdiffdamage": true,
    "uncertaintyBase": 40,
    "uncertaintyMultiplier": 0,
    "reflectOnHurt": true
   },
   "minecraft:pushable": {
    "is_pushable": false,
    "is_pushable_by_piston": true
   }
  }
 }
}
