{
  "format_version": "1.13.0",
  "minecraft:entity": {
    "description": {
      "identifier": "dec:dark_werewolf",
      "is_spawnable": true,
      "is_summonable": true,
      "is_experimental": false,
      "scripts":{
        "animate":[ "werewolf","dark_werewolf" ]
      },
      "animations":{
        "werewolf":"controller.animation.werewolf",
        "dark_werewolf":"controller.animation.dark_werewolf"
      }
    },
    "component_groups": {
      "minecraft:despawn": {
        "minecraft:instant_despawn": {}
      },
      "minecraft:from_night_event": {
        "minecraft:environment_sensor": {
          "triggers": {
            "filters": {
              "test": "is_daytime",
              "subject": "self",
              "operator": "==",
              "value": true
            },
            "event": "minecraft:despawn"
          }
        }
      },
      "minecraft:zombie_baby": {
        "minecraft:is_baby": {},
        "minecraft:scale": {
          "value": 0.8
        },
        "minecraft:movement": {
          "value": 0.35
        }
      },

      "minecraft:zombie_adult": {
        "minecraft:scale": {
          "value": 1.2
        },
        "minecraft:movement": {
          "value": 0.23
        },
        "minecraft:rideable": {
          "seat_count": 1,
          "family_types": [
            "werewolf"
          ],
          "seats": {
            "position": [ 0.0, 1.1, -0.35 ],
            "lock_rider_rotation": 0
          }
        },
        "minecraft:behavior.mount_pathing": {
          "priority": 2,
          "speed_multiplier": 1.25,
          "target_dist": 0.0,
          "track_target": true
        }
      },

      "minecraft:zombie_jockey": {
        "minecraft:behavior.find_mount": {
          "priority": 1,
          "within_radius": 16
        }
      }
    },

    "components": {
      "minecraft:despawn": {
        "despawn_from_distance": {}
      },
      "minecraft:experience_reward": {
        "on_death": "query.last_hit_by_player ? 50 : 0"
      },
      "minecraft:boss": {
        "should_darken_sky": false,
        "name": "mini_boss.dec:dark_werewolf.name",
        "hud_range": 16
      },
      "minecraft:nameable": {
      },

      "minecraft:type_family": {
        "family": [ "mini_boss","undead", "monster", "werewolf", "radiate" ]
      },
      "minecraft:collision_box": {
        "width": 0.6,
        "height": 1.9
      },
      "minecraft:movement.basic": {
      },
      "minecraft:navigation.walk": {
        "is_amphibious": true,
        "can_pass_doors": true,
        "can_walk": true,
        "can_break_doors": true
      },
      "minecraft:annotation.break_door": {
      },
      "minecraft:jump.static": {
      },
      "minecraft:can_climb": {
      },
      "minecraft:knockback_resistance": {
        "value": 1.0
      },
      "minecraft:health": {
        "value": 80,
        "max": 100
      },
      "minecraft:hurt_on_condition": {
        "damage_conditions": [
          {
            "filters": { "test": "in_lava", "subject": "self", "operator": "==", "value": true },
            "cause": "lava",
            "damage_per_tick": 4
          }
        ]
      },
      "minecraft:breathable": {
        "total_supply": 15,
        "suffocate_time": 0,
        "breathes_air": true,
        "breathes_water": true
      },
      "minecraft:attack": {
        "damage": 7
      },
      "minecraft:scale": {
        "value": 1.4
      },
      "minecraft:behavior.melee_attack": {
        "priority": 3,
        "speed_multiplier": 1,
        "track_target": false
      },
      "minecraft:behavior.stay_while_sitting": {
        "priority": 3
      },
      "minecraft:behavior.hurt_by_target": {
        "priority": 1,
        "entity_types": {
          "filters": { 
              "all_of": [
                { "test" :  "is_family", "subject" : "other", "operator": "!=", "value" :  "x"}
              ] 
          }
        }
      },
      "minecraft:behavior.stomp_turtle_egg": {
        "priority": 4,
        "speed_multiplier": 1,
        "search_range": 10,
        "search_height": 3,
        "goal_radius": 1.14,
        "search_count": 4,
        "interval": 20
      },
      "minecraft:behavior.move_towards_restriction": {
        "priority": 5,
        "speed_multiplier": 1
      },
      "minecraft:behavior.random_stroll": {
        "priority": 6,
        "speed_multiplier": 1
      },
      "minecraft:behavior.look_at_player": {
        "priority": 7,
        "look_distance": 6,
        "probability": 0.02
      },
      "minecraft:behavior.random_look_around": {
        "priority": 7
      },
      "minecraft:behavior.nearest_attackable_target": {
        "priority": 2,
        "within_radius": 25,
        "reselect_targets": true,
        "entity_types": [
          {
            "filters": {
              "any_of": [
                { "test": "is_family", "subject": "other", "value": "player" },
                { "test": "is_family", "subject": "other", "value": "snowgolem" },
                { "test": "is_family", "subject": "other", "value": "irongolem" }
              ]
            },
            "max_dist": 10
          },
          {
            "filters": {
              "any_of": [
                { "test": "is_family", "subject": "other", "value": "villager" },
                { "test": "is_family", "subject": "other", "value": "wandering_trader" }
              ]
            },
            "max_dist": 10,
            "must_see": false
          },
          {
            "filters": {
              "all_of": [
                { "test": "is_family", "subject": "other", "value": "baby_turtle" },
                { "test": "in_water", "subject": "other", "operator": "!=", "value": true }
              ]
            },
            "max_dist": 10
          }
        ],
        "must_see": true,
        "must_see_forget_duration": 17.0
      },
      "minecraft:physics": {
      },
      "minecraft:pushable": {
        "is_pushable": true,
        "is_pushable_by_piston": true
      }
    },

    "events": {
      "minecraft:despawn": {
        "add": {
          "component_groups": [
            "minecraft:despawn"
          ]
        }
      },
      "minecraft:from_night_event": {
        "trigger": "minecraft:entity_spawned",
        "add": {
          "component_groups": [
            "minecraft:from_night_event"
          ]
        }
      },
      "minecraft:entity_spawned": {
        "randomize": [
          {
            "weight": 380,
            "remove": {},
            "add": {
              "component_groups": [
                "minecraft:zombie_adult"
              ]
            }
          },
          {
            "weight": 17,
            "remove": {
            },
            "add": {
              "component_groups": [
                "minecraft:zombie_baby"
              ]
            }
          },
          {
            "weight": 3,
            "remove": {
            },
            "add": {
              "component_groups": [
                "minecraft:zombie_baby",
                "minecraft:zombie_jockey"
              ]
            }
          }
        ]
      },
      "minecraft:as_adult": {
        "add": {
          "component_groups": [
            "minecraft:zombie_adult"
          ]
        }
      },
      "minecraft:as_baby": {
        "add": {
          "component_groups": [
            "minecraft:zombie_baby"
          ]
        }
      }
    }
  }
}
