{
  "format_version": "1.13.0",
  "minecraft:entity": {
    "description": {
      "identifier": "dec:event_skeleton_wave",
      "is_spawnable": false,
      "is_summonable": true,
      "is_experimental": false
    },
    "component_groups": {
      "minecraft:despawn": {
        "minecraft:instant_despawn": {}
      }
    },
    "components": {
      "minecraft:timer": {
        "looping": true,
        "time": 2,
        "time_down_event": {
          "event": "minecraft:summon"
        }
      },
      "minecraft:health": {
        "value": 100000,
        "max": 100000
      },
      "minecraft:knockback_resistance": {
        "value": 1
      },
      "minecraft:physics": {
        "has_gravity": false,
        "has_collision": false
      },
      "minecraft:collision_box": {
        "width": 0,
        "height": 0
      }
    },
    "events": {
      "minecraft:entity_spawned": {
        "run_command": {
          "command": [
            "spreadplayers ~~ 16 32 @s"
          ],
          "target": "self"
        }
      },
      "minecraft:summon": {
        "sequence": [
          {
            "add": {
              "component_groups": [
                "minecraft:despawn"
              ]
            }
          },
          {
            "randomize": [
              {
                "weight": 40,
                "run_command": {
                  "command": [
                    "summon skeleton ~~~"
                  ],
                  "target": "self"
                }
              },
              {
                "weight": 40,
                "run_command": {
                  "command": [
                    "summon dec:skeleton_warrior ~~~"
                  ],
                  "target": "self"
                }
              },
              {
                "weight": 10,
                "run_command": {
                  "command": [
                    "summon dec:mystical_skeleton ~~~"
                  ],
                  "target": "self"
                }
              },
              {
                "weight": 20,
                "run_command": {
                  "command": [
                    "summon dec:skeleton_wizard ~~~"
                  ],
                  "target": "self"
                }
              },
              {
                "weight": 30,
                "run_command": {
                  "command": [
                    "summon dec:skeleton_knight ~~~"
                  ],
                  "target": "self"
                }
              },
              {
                "weight": 2,
                "run_command": {
                  "command": [
                    "summon dec:skeleton_knight ~~~",
                    "summon skeleton_horse ~~~"
                  ],
                  "target": "self"
                }
              },
              {
                "weight": 1,
                "run_command": {
                  "command": [
                    "summon dec:soul_skeleton ~~~ 0 0 minecraft:from_night_event"
                  ],
                  "target": "self"
                }
              },
              {
                "weight": 1,
                "run_command": {
                  "command": [
                    "summon dec:mummy_skeleton ~~~ 0 0 minecraft:from_night_event"
                  ],
                  "target": "self"
                }
              },
              {
                "weight": 1,
                "run_command": {
                  "command": [
                    "summon wither_skeleton ~~~ 0 0 minecraft:from_night_event"
                  ],
                  "target": "self"
                }
              },
              {
                "weight": 1,
                "run_command": {
                  "command": [
                    "summon dec:skeleton_assassin ~~~ 0 0 minecraft:from_night_event"
                  ],
                  "target": "self"
                }
              },
              {
                "weight": 1,
                "run_command": {
                  "command": [
                    "summon dec:nether_skeleton_wizard ~~~ 0 0 minecraft:from_night_event"
                  ],
                  "target": "self"
                }
              },
              {
                "weight": 1,
                "run_command": {
                  "command": [
                    "summon dec:nether_skeleton ~~~ 0 0 minecraft:from_night_event"
                  ],
                  "target": "self"
                }
              },
              {
                "weight": 1,
                "run_command": {
                  "command": [
                    "summon dec:warped_skeleton ~~~ 0 0 minecraft:from_night_event"
                  ],
                  "target": "self"
                }
              },
              {
                "weight": 1,
                "run_command": {
                  "command": [
                    "summon dec:radiate_skeleton ~~~ 0 0 minecraft:from_night_event"
                  ],
                  "target": "self"
                }
              },
              {
                "weight": 1,
                "run_command": {
                  "command": [
                    "execute unless entity @e[r=32,type=dec:skeleton_knight_commander] run tag @s add skeleton_knight_commander_success",
                    "execute if entity @s[tag=skeleton_knight_commander_success] run summon dec:skeleton_knight_commander ~~~ 0 0 minecraft:from_night_event",
                    "execute if entity @s[tag=!skeleton_knight_commander_success] run summon dec:skeleton_knight ~~~",
                    "summon skeleton_horse ~~~",
                    "tag @s remove skeleton_knight_commander_success"
                  ],
                  "target": "self"
                }
              }
            ]
          }
        ]
      }
    }
  }
}