{
  "format_version": "1.8.0",
  "animation_controllers": {
    "controller.animation.takile.effect": {
      "states": {
        "default": {
          "on_entry": [
            "/scoreboard objectives add resistance dummy 药水抗性提升",
            "/scoreboard objectives add regeneration dummy 药水生命恢复",
            "/scoreboard objectives add absorption dummy 药水伤害吸收",
            "/scoreboard objectives add strength dummy 药水力量",
            "/scoreboard objectives add speed dummy 药水速度",
            "/scoreboard objectives add dabsorption dummy 延迟药水伤害吸收"
          ]
        }
      }
    }
  }
}