{
    "id":[
        {"id":"aqua_affinity","name":"水下速掘","max":1},
        {"id":"bane_of_arthropods","name":"节肢杀手","max":5},
        {"id":"blast_protection","name":"爆炸保护","max":4},
        {"id":"channeling","name":"引雷","max":1},
        {"id":"depth_strider","name":"深海探索者","max":1},
        {"id":"efficiency","name":"效率","max":5},
        {"id":"feather_falling","name":"摔落保护","max":4},
        {"id":"fire_aspect","name":"火焰附加","max":2},
        {"id":"fire_protection","name":"火焰保护","max":4},
        {"id":"flame","name":"火矢","max":1},
        {"id":"fortune","name":"时运","max":1},
        {"id":"frost_walker","name":"冰霜行者","max":1},
        {"id":"impaling","name":"穿刺","max":1},
        {"id":"infinity","name":"无限","max":1},
        {"id":"knockback","name":"击退","max":2},
        {"id":"looting","name":"抢夺","max":3},
        {"id":"loyalty","name":"忠诚","max":1},
        {"id":"luck_of_the_sea","name":"海之眷顾","max":1},
        {"id":"lure","name":"饵钓","max":1},
        {"id":"mending","name":"经验修补","max":1},
        {"id":"multishot","name":"多重射击","max":1},
        {"id":"piercing","name":"穿透","max":1},
        {"id":"power","name":"力量","max":5},
        {"id":"projectile_protection","name":"弹射物保护","max":4},
        {"id":"protection","name":"保护","max":4},
        {"id":"punch","name":"冲击","max":2},
        {"id":"quick_charge","name":"快速装填","max":1},
        {"id":"respiration","name":"水下呼吸","max":3},
        {"id":"riptide","name":"激流","max":1},
        {"id":"sharpness","name":"锋利","max":5},
        {"id":"silk_touch","name":"精准采集","max":1},
        {"id":"smite","name":"亡灵杀手","max":5},
        {"id":"thorns","name":"荆棘","max":1},
        {"id":"unbreaking","name":"耐久","max":3}
    ]
}