{
  "format_version": "1.8.0", 
  "animations": {
      "animation.pirate.run_away": {
        "timeline": {
            "1": [
                "@s minecraft:run_away",
                "/say animation.pirate.run_away"
            ],
            "2": [
                "/effect @s regeneration 3 1"
            ]
        }, 
        "animation_length": 2.5, 
        "loop": true
      },
      "animation.pirate.join_fight": {
        "timeline": {
            "1": [
                "@s minecraft:join_fight",
                "/say animation.pirate.join_fight"
            ]
        }, 
        "animation_length": 2, 
        "loop": true
      }
   }
}