{
  "format_version": "1.8.0", 
  "animations": {
      "animation.rupert_armor": {
        "timeline": {
            "1": [
                "/effect @s speed 3 0 true"
            ],
            "2": [
                "/effect @s speed 3 0 true",
                "/particle dec:tear_from_rupert ~~1~"
            ],
            "3": [
                "/effect @s speed 3 0 true"
            ],
            "3.9999995": [
                "/effect @s speed 3 0 true",
                "/particle dec:tear_from_rupert ~~1~"
            ]
        }, 
        "animation_length": 4, 
        "loop": true
      }
   }
}