{
  "format_version": "1.10.0",
  "minecraft:client_entity": {
    "description": {
      "identifier": "wb:magic_pig",
      "materials": { "default": "pig" },
      "textures": {
        "default": "textures/wb/1_x/magic_pig",
        "saddled": "textures/wb/1_x/magic_pig"
      },
      "geometry": {
        "default": "geometry.pig"
      },
      "animations": {
        "setup": "animation.pig.setup.v1.0",
        "walk": "animation.quadruped.walk",
        "look_at_target": "animation.common.look_at_target",
        "baby_transform": "animation.pig.baby_transform"
      },
      "scripts": {
        "animate": [
          "setup",
          { "walk": "query.modified_move_speed" },
          "look_at_target",
          { "baby_transform": "query.is_baby" }
        ]
      },
      "render_controllers": [ "controller.render.pig" ],
      "spawn_egg": {
        "texture": "magic_pig",
        "texture_index": 0
      }
    }
  }
}
