{
  "format_version": "1.16.0",
  "minecraft:block": {
    "description": {
      "identifier": "dec:deep_summoner_activated"
    },
    "components": {
      "minecraft:light_dampening": 15,
      "minecraft:light_emission": 7,
      "minecraft:destroy_time": 3.0,
      "minecraft:explosion_resistance": 100,
      "minecraft:map_color": "#897053",
      "minecraft:loot": "loot_tables/empty.json",
      "minecraft:on_interact": {
        "event": "summon",
        "condition": "query.get_equipped_item_name('main_hand') == 'iron_key'"
      }
    },
    "events": {
      "summon": {
        "play_sound": {
          "target": "other",
          "sound": "conduit.activate"
        },
        "set_block": {
          "block_type": "dec:deep_summoner"
        },
        "run_command": {
          "command": [
            "tellraw @a { \"rawtext\" : [ { \"translate\" : \"text.dec:summon_host_of_deep.name\" } ] }",
            "summon dec:host_of_deep ~~1~",
            "particle dec:host_of_deep_spawn_particle ~~1~",

            "fill ~-4~-1~-4 ~-3~5~4 air 0 destroy",
            "fill ~~-1~3 ~4~5~4 air 0 destroy",
            "fill ~3~-1~ ~4~5~-4 air 0 destroy",
            "fill ~~-1~-3 ~~5~-4 air 0 destroy",

            "fill ~-2~~-2 ~-1~5~2 air 0 destroy",
            "fill ~~~1 ~2~5~2 air 0 destroy",
            "fill ~1~~ ~2~5~-2 air 0 destroy",
            "fill ~~~-1 ~~5~-2 air 0 destroy",

            "fill ~~1~ ~~5~ air 0 destroy",

            "fill ~-1~-1~-1~1~-1~1 crimson_nylium 0 keep"
          ]
        },
        "decrement_stack": {}
      }
    }
  }
}