{
  "format_version": "1.16.0",
  "minecraft:block": {
    "description": {
      "identifier": "dec:end_diamond_ore"
    },
    "components": {
		  "minecraft:creative_category": {
				"group": "itemGroup.name.ore",
				"category": "nature"
			},
      "minecraft:light_dampening": 15,
      "minecraft:light_emission": 0,
      "minecraft:destroy_time": 1.8,
      "minecraft:explosion_resistance": 10,
      "minecraft:map_color": "#EEF6B4",
      "minecraft:loot": "loot_tables/blocks/end_diamond_ore.json",
      "tag:stone": {}
    }
  }
}