{
  "format_version": "1.16.0",
  "minecraft:block": {
    "description": {
      "identifier": "dec:everlasting_winter_summoner_locked"
    },
    "components": {
      "minecraft:light_dampening": 15,
      "minecraft:light_emission": 0,
      "minecraft:destroy_time": 3.0,
      "minecraft:explosion_resistance": 100,
      "minecraft:map_color": "#BBDBFF",
      "minecraft:loot": "loot_tables/empty.json",
      "minecraft:on_interact": {
        "event": "unlocked",
        "condition": "query.get_equipped_item_name('main_hand') == 'frozen_power'"
      }
    },
    "events": {
      "unlocked": {
        "run_command": {
          "command": [
            "setblock ~~~ dec:everlasting_winter_summoner_activated",
            "playsound conduit.activate @a ~~~",
            "particle minecraft:critical_hit_emitter ~~~",
            "playsound random.anvil_break @a ~~~"
          ]
        }
      }
    }
  }
}