{
  "format_version": "1.10.0",
  "minecraft:client_entity": {
    "description": {
      "identifier": "dec:entity_soul_1",
      "materials": { "default": "husk" },
      "textures": { "default": "textures/entity/entity_soul" },
      "geometry": { "default": "geometry.entity_soul" },
      "scripts": {
        "animate": [
          {"attacking":"variable.attack_time"},
          {"walk" : "query.modified_move_speed"},
          "span",
          "look_at_target"
        ]
      },
      "animations": {
        "walk": "animation.entity_soul.walk",
        "look_at_target": "animation.common.look_at_target",
        "span": "animation.entity_soul.span",
        "attacking": "animation.entity_soul.attack"
      },
      "render_controllers": [ "controller.render.star" ],
      "enable_attachables": true
    }
  }
}
