{
  "format_version": "1.8.0",
  "minecraft:client_entity": {
    "description": {
      "identifier": "dec:illusioner_puppet",
      "materials": {
        "default": "vindicator"
      },
      "textures": {
        "default": "textures/entity/illager/illusioner"      
      },
      "geometry": {
        "default": "geometry.illusioner"
      },
      "scripts": {
        "pre_animation": [
          "variable.attack = Math.sin(1.0 - (1.0 - variable.attack_time) * (1.0 - variable.attack_time)) * 180.0;",
          "variable.attack2 = Math.sin(variable.attack_time * 180.0);"
        ],
        "scale": "0.9375"
      },
      "animations": {
        "look_at_target_default": "animation.humanoid.look_at_target.default",
        "look_at_target_gliding": "animation.humanoid.look_at_target.gliding",
        "look_at_target_swimming": "animation.humanoid.look_at_target.swimming",
        "riding.arms": "animation.vindicator.riding.arms",
        "riding.legs": "animation.vindicator.riding.legs",
        "vindicator_base": "animation.vindicator.base",
        "vindicator_attack": "animation.illusioner.crossbow.hold",
        "crossbow_hold": "animation.pillager.crossbow.hold",
        "casting": "animation.illusioner.casting",
        "vindicator_walk": "animation.vindicator.walk"
      },
      "animation_controllers": [
        { "look_at_target": "controller.animation.humanoid.look_at_target" },
        { "vindicator_base": "controller.animation.illusioner.base" },
        { "riding": "controller.animation.humanoid.riding" },
        { "casting": "controller.animation.evoker.casting" },
        { "pillager_attack": "controller.animation.pillager.attack" }
      ],
      "render_controllers": [
        "controller.render.vindicator"
      ],
      "enable_attachables": true
    }
  }
}