{
  "format_version": "1.8.0", 
  "animations": {
      "animation.frozen_staff": {
        "timeline": {
            "0.1": [
                "/tag @s[scores={wbfl=1..}] add shot",
                "/execute as @s[scores={wbfl=1..}] at @s run playsound dig.snow @a ~~~",
                "/scoreboard players remove @s[scores={wbfl=1..}] wbfl 1"
            ],
            "0.2": [
                "/tag @s[scores={wbfl=1..}] add shot",
                "/execute as @s[scores={wbfl=1..}] at @s run playsound dig.snow @a ~~~",
                "/scoreboard players remove @s[scores={wbfl=1..}] wbfl 1"
            ],
            "0.3": [
                "/tag @s[scores={wbfl=1..}] add shot",
                "/execute as @s[scores={wbfl=1..}] at @s run playsound dig.snow @a ~~~",
                "/scoreboard players remove @s[scores={wbfl=1..}] wbfl 1"
            ]
        }, 
        "animation_length": 1, 
        "loop": true
      }
   }
}