{
  "format_version": "1.8.0", 
  "animations": {
      "animation.gingerbread_totem": {
        "timeline": {
            "5": [
                "/tag @s[scores={wbfl=1..}] add shot_offhand",
                "/execute as @s[scores={wbfl=1..}] at @s run playsound random.eat @a ~~~",
                "/scoreboard players remove @s[scores={wbfl=1..}] wbfl 1"
            ],
            "15": [
                "/tag @s[scores={wbfl=1..}] add shot_offhand",
                "/execute as @s[scores={wbfl=1..}] at @s run playsound random.eat @a ~~~",
                "/scoreboard players remove @s[scores={wbfl=1..}] wbfl 1"
            ]
        }, 
        "animation_length": 20, 
        "loop": true
      }
   }
}