{
  "format_version": "1.8.0", 
  "animations": {
      "animation.warden_sword": {
        "timeline": {
            "0.5": [
                "/execute @s[scores={wbfl=20..}] ~ ~ ~ playsound mob.warden.roar @a ~~~",
                "/execute @s[scores={wbfl=20..}] ~ ~ ~ effect @s blindness 10 0 true",
                "/execute @s[scores={wbfl=20..}] ~ ~ ~ effect @s darkness 30 0 true"
            ],
            "1.5": [
                "/execute @s[scores={wbfl=20..}] ~ ~ ~ playsound mob.warden.roar @a ~~~",
                "/effect @s[scores={wbfl=20..}] strength 8 0 true",
                "/effect @s[scores={wbfl=20..}] speed 8 1 true",
                "/effect @s[scores={wbfl=20..}] resistance 8 1 true",
                "/scoreboard players remove @s[scores={wbfl=20..}] wbfl 20"
            ]
        }, 
        "animation_length": 2, 
        "loop": true
      }
   }
}